{
"type": "FeatureCollection",
"name": "lakes",
"crs": { "type": "name", "properties": { "name": "urn:ogc:def:crs:OGC:1.3:CRS84" } },
"features": [
{ "type": "Feature", "properties": { "seadsgm": "SW293411", "lake_id": 8, "lake_area_m2": 307.54785037483089, "localisedc": "sjö", "origin": "natural", "surfaceare": 308 }, "geometry": { "type": "Polygon", "coordinates": [ [ [ 18.470513343598849, 57.285236916693691 ], [ 18.470584450502926, 57.285293180168608 ], [ 18.470642854853526, 57.285345137226201 ], [ 18.470700331515769, 57.285361871251986 ], [ 18.470741114999658, 57.285351995760735 ], [ 18.470751262423434, 57.285335120396674 ], [ 18.47067017059674, 57.285278621533003 ], [ 18.470641336186425, 57.28522897499947 ], [ 18.470637058880314, 57.285187282070666 ], [ 18.470673678460589, 57.285164532774722 ], [ 18.470695463137581, 57.285147280971891 ], [ 18.470664980814668, 57.285123157331235 ], [ 18.47060464631571, 57.285102242138834 ], [ 18.470528946235145, 57.285088331537573 ], [ 18.470473651133361, 57.285094400491303 ], [ 18.470412982131283, 57.285107700556047 ], [ 18.470385133420375, 57.285125892434493 ], [ 18.47038871231284, 57.285161294588228 ], [ 18.470425956547025, 57.285190768959509 ], [ 18.470513343598849, 57.285236916693691 ] ] ] } },
{ "type": "Feature", "properties": { "seadsgm": "SW292758", "lake_id": 27, "lake_area_m2": 4965.9920073710382, "localisedc": "sjö", "origin": "natural", "surfaceare": 4966 }, "geometry": { "type": "Polygon", "coordinates": [ [ [ 18.558302358204699, 57.637214604797066 ], [ 18.558301573812173, 57.637215454340364 ], [ 18.558294579165537, 57.637228442786956 ], [ 18.558301396282193, 57.637247571743842 ], [ 18.558317423144938, 57.637264127921334 ], [ 18.558373295502083, 57.637287969986232 ], [ 18.558502701986505, 57.63730538814881 ], [ 18.558646131728658, 57.637333944885896 ], [ 18.558739652402608, 57.637343221407079 ], [ 18.55888847518435, 57.637378952242692 ], [ 18.559117250744812, 57.63741955234174 ], [ 18.559205582079883, 57.637419633585104 ], [ 18.559278674905972, 57.63741881409247 ], [ 18.559329546100461, 57.637373969296526 ], [ 18.559538541317742, 57.636979083185551 ], [ 18.55955138639932, 57.636795739006153 ], [ 18.559591329145579, 57.636743118521537 ], [ 18.559605934149804, 57.636713579477302 ], [ 18.559607982834311, 57.636663313022595 ], [ 18.559664604594321, 57.636598148773253 ], [ 18.559692476950833, 57.636555828503752 ], [ 18.559720537445017, 57.636514593750803 ], [ 18.559706557468484, 57.63647524171536 ], [ 18.55962973312732, 57.636443551606995 ], [ 18.559486552094207, 57.636459361714508 ], [ 18.559275876295722, 57.636501870633126 ], [ 18.559138059780338, 57.636523652725586 ], [ 18.55898748196525, 57.636558875353664 ], [ 18.558931438209502, 57.636585499510993 ], [ 18.558877416816081, 57.636648981341487 ], [ 18.558835229556848, 57.636738191018139 ], [ 18.558746457804876, 57.636885260485187 ], [ 18.558694309468329, 57.636970964678156 ], [ 18.558615823531792, 57.637065206845911 ], [ 18.558545807613875, 57.637121667949792 ], [ 18.558453322856074, 57.637164745870642 ], [ 18.558396972761987, 57.637175970763721 ], [ 18.558319938026077, 57.637195203397148 ], [ 18.558302358204699, 57.637214604797066 ] ] ] } },
{ "type": "Feature", "properties": { "seadsgm": "SW293411", "lake_id": 68, "lake_area_m2": 249.9917966099456, "localisedc": "sjö", "origin": "natural", "surfaceare": 250 }, "geometry": { "type": "Polygon", "coordinates": [ [ [ 18.466268114810525, 57.286088849592836 ], [ 18.466255348318168, 57.28606456961608 ], [ 18.466215501637262, 57.286029035778505 ], [ 18.466181217940456, 57.286012989719907 ], [ 18.46612616364192, 57.286006392637262 ], [ 18.466086650021907, 57.286008505839455 ], [ 18.466026629210305, 57.286021489545959 ], [ 18.466001121879444, 57.286033064299254 ], [ 18.465983006280076, 57.286060217913324 ], [ 18.465967176344272, 57.286098394410701 ], [ 18.465970139948961, 57.286107662498694 ], [ 18.465973786854178, 57.286119023133196 ], [ 18.465999083779732, 57.286144577122393 ], [ 18.4660433947518, 57.286158897952113 ], [ 18.46611151210428, 57.286170529416353 ], [ 18.46617991967042, 57.286161126603169 ], [ 18.466232645216731, 57.286134966817507 ], [ 18.466257342305635, 57.286109356650925 ], [ 18.466271630204428, 57.286095538914587 ], [ 18.466268114810525, 57.286088849592836 ] ] ] } },
{ "type": "Feature", "properties": { "seadsgm": "SW293411", "lake_id": 71, "lake_area_m2": 436.13902592658997, "localisedc": "sjö", "origin": "natural", "surfaceare": 436 }, "geometry": { "type": "Polygon", "coordinates": [ [ [ 18.473917637082103, 57.289291605136242 ], [ 18.473948493483103, 57.289327367782633 ], [ 18.473987250793801, 57.289369366844539 ], [ 18.474018927608519, 57.289394317089567 ], [ 18.474070248736282, 57.289408019905011 ], [ 18.474126926440604, 57.289414480912228 ], [ 18.474266199679494, 57.289423016247262 ], [ 18.474305913020228, 57.289416110307307 ], [ 18.474303035340323, 57.289390936395165 ], [ 18.47428576194174, 57.28936587314783 ], [ 18.474256255436732, 57.28935980416626 ], [ 18.474207079871167, 57.289364976725977 ], [ 18.474140726310289, 57.289369985699153 ], [ 18.474083132109957, 57.289349426432885 ], [ 18.4740443674531, 57.289307436381499 ], [ 18.474034209113888, 57.289257418835341 ], [ 18.47407671319904, 57.289187802429275 ], [ 18.47411540502182, 57.289120916443103 ], [ 18.474115424075176, 57.289078924771744 ], [ 18.474072133896311, 57.289054357215441 ], [ 18.47400814658717, 57.289044053322073 ], [ 18.473968964284651, 57.289049452014368 ], [ 18.473936539262752, 57.289081192497839 ], [ 18.473909574163969, 57.289130592865021 ], [ 18.473875609532008, 57.289208835687909 ], [ 18.473883814211504, 57.289247770800259 ], [ 18.473917637082103, 57.289291605136242 ] ] ] } },
{ "type": "Feature", "properties": { "seadsgm": "SW293411", "lake_id": 77, "lake_area_m2": 230.19188291020691, "localisedc": "sjö", "origin": "natural", "surfaceare": 230 }, "geometry": { "type": "Polygon", "coordinates": [ [ [ 18.466915486672178, 57.286002190349159 ], [ 18.466917269944137, 57.285997108436561 ], [ 18.466918656785587, 57.285961119237271 ], [ 18.466892924672571, 57.285935856177247 ], [ 18.466872579112106, 57.285920452745643 ], [ 18.466847470115539, 57.285911023364761 ], [ 18.46681406931944, 57.285907459109183 ], [ 18.466782914526174, 57.285907517930347 ], [ 18.466746718126888, 57.285917399381184 ], [ 18.466712094784938, 57.285937017457051 ], [ 18.466675550968663, 57.285987130482233 ], [ 18.466670189531701, 57.286012674556403 ], [ 18.466673414710264, 57.286027734087277 ], [ 18.466679357132072, 57.28605538484311 ], [ 18.46670363071177, 57.286069889759041 ], [ 18.466764586438504, 57.286080963523325 ], [ 18.466811515180581, 57.286083219413349 ], [ 18.466867381430852, 57.286064165041118 ], [ 18.466904730239211, 57.286033025781578 ], [ 18.466915486672178, 57.286002190349159 ] ] ] } },
{ "type": "Feature", "properties": { "seadsgm": "SW293411", "lake_id": 79, "lake_area_m2": 2641.3331471756101, "localisedc": "sjö", "origin": "natural", "surfaceare": 2641 }, "geometry": { "type": "Polygon", "coordinates": [ [ [ 18.389986464425728, 57.304986900856065 ], [ 18.389982752619577, 57.304977067663827 ], [ 18.389945944330698, 57.30493413767249 ], [ 18.389913682406899, 57.304897333401314 ], [ 18.389868357542809, 57.30483422658655 ], [ 18.389824872846418, 57.304797966499756 ], [ 18.389775488340245, 57.304769237659571 ], [ 18.389680896675781, 57.304734240001146 ], [ 18.389604007242802, 57.304722289998338 ], [ 18.389543117210557, 57.304703714813414 ], [ 18.389473729111785, 57.304679076564334 ], [ 18.389372610392101, 57.30463308140132 ], [ 18.389292519267716, 57.304599922141456 ], [ 18.389210790241894, 57.304568262118245 ], [ 18.389128807675004, 57.304534111283438 ], [ 18.389066464584012, 57.304514370164988 ], [ 18.389056995698599, 57.304489131621722 ], [ 18.389032745632967, 57.304479167632103 ], [ 18.389009144309203, 57.304469467064642 ], [ 18.388927813271529, 57.304456216473866 ], [ 18.388862258219469, 57.304458577196982 ], [ 18.388820396565936, 57.304452525122628 ], [ 18.388780204254715, 57.304457645259525 ], [ 18.388748397028522, 57.304479934636092 ], [ 18.388714871595194, 57.304506376678603 ], [ 18.388705688521181, 57.304527930757459 ], [ 18.388725596104905, 57.304540410764872 ], [ 18.388737825453855, 57.304557845050496 ], [ 18.388749365323704, 57.304589723869931 ], [ 18.388780533771122, 57.304604626005954 ], [ 18.388829302867595, 57.304649759845944 ], [ 18.388873934627494, 57.304695760245608 ], [ 18.38892407229876, 57.304737169998127 ], [ 18.388977941207905, 57.304773123957872 ], [ 18.389017490480519, 57.304814127931849 ], [ 18.389114378587148, 57.304864293351052 ], [ 18.389169211681853, 57.304901290058815 ], [ 18.38923065767391, 57.304928631533535 ], [ 18.389338294632815, 57.30497846953417 ], [ 18.389395553762011, 57.30500420101265 ], [ 18.389476416948533, 57.305046085381939 ], [ 18.389568592748347, 57.305078973400953 ], [ 18.389658455871242, 57.305097315639266 ], [ 18.389711176823006, 57.305111192781325 ], [ 18.389783066049119, 57.305123878986187 ], [ 18.389830631719995, 57.305118236986431 ], [ 18.389887852027051, 57.305124872970332 ], [ 18.389918248090595, 57.305129177583282 ], [ 18.389954740423089, 57.305120245912448 ], [ 18.389978595474346, 57.305107070402556 ], [ 18.389998985833792, 57.305095814380472 ], [ 18.390029315246746, 57.305057042645913 ], [ 18.390005724404997, 57.305042972270364 ], [ 18.389998912930906, 57.305019826090373 ], [ 18.389986464425728, 57.304986900856065 ] ] ] } },
{ "type": "Feature", "properties": { "seadsgm": "SW293411", "lake_id": 93, "lake_area_m2": 565.73636513948441, "localisedc": "sjö", "origin": "natural", "surfaceare": 566 }, "geometry": { "type": "Polygon", "coordinates": [ [ [ 18.468273598607635, 57.285701237504483 ], [ 18.468326765162608, 57.285710341761437 ], [ 18.468391092728471, 57.285726319200506 ], [ 18.468445658516405, 57.285758544375859 ], [ 18.468487565675161, 57.285797086781727 ], [ 18.468541853232963, 57.285821018839911 ], [ 18.468608510191434, 57.285816796680663 ], [ 18.46865137843616, 57.285807700534839 ], [ 18.468685453092736, 57.285788895967784 ], [ 18.468706581362095, 57.285767501305209 ], [ 18.468737839704318, 57.285708293469412 ], [ 18.468764227299921, 57.28566854981274 ], [ 18.468772439615517, 57.285643769695646 ], [ 18.468774166884021, 57.285627423350974 ], [ 18.468758524910406, 57.285609724037641 ], [ 18.468695684386823, 57.285583455968364 ], [ 18.468654162903135, 57.285574227804368 ], [ 18.468618313140656, 57.285566263035157 ], [ 18.4685240763481, 57.285570537921579 ], [ 18.468433305899868, 57.285590188211167 ], [ 18.468353601740937, 57.285619495076908 ], [ 18.468306006937592, 57.285639256716728 ], [ 18.468280550047503, 57.28566349459431 ], [ 18.46827427347753, 57.285679652693688 ], [ 18.468273598607635, 57.285701237504483 ] ] ] } },
{ "type": "Feature", "properties": { "seadsgm": "SW293411", "lake_id": 106, "lake_area_m2": 660.70754722133279, "localisedc": "sjö", "origin": "natural", "surfaceare": 661 }, "geometry": { "type": "Polygon", "coordinates": [ [ [ 18.326934527442518, 57.251750923077928 ], [ 18.326941039053782, 57.251722919767552 ], [ 18.326932451597518, 57.251678981572383 ], [ 18.326909697005373, 57.251641469541823 ], [ 18.326860809674116, 57.251626133750221 ], [ 18.326817254007516, 57.251598711006203 ], [ 18.326751223759658, 57.251592542329867 ], [ 18.326265817848633, 57.251760541591715 ], [ 18.326346140729136, 57.251851913408807 ], [ 18.326419155396486, 57.251855156089725 ], [ 18.326482571279634, 57.251831884541588 ], [ 18.326534393839616, 57.251819156138602 ], [ 18.326640322711572, 57.251826113445311 ], [ 18.326711703557674, 57.251799301393696 ], [ 18.326786060931013, 57.25177262989321 ], [ 18.326863146093704, 57.251759411881366 ], [ 18.326934527442518, 57.251750923077928 ] ] ] } },
{ "type": "Feature", "properties": { "seadsgm": "SW293411", "lake_id": 117, "lake_area_m2": 424.14921545889229, "localisedc": "sjö", "origin": "natural", "surfaceare": 424 }, "geometry": { "type": "Polygon", "coordinates": [ [ [ 18.346526572432118, 57.316959782443114 ], [ 18.3465117463121, 57.31698345845065 ], [ 18.3465305991216, 57.317013592024303 ], [ 18.346616416737863, 57.317051247850301 ], [ 18.346670427749622, 57.317107575849995 ], [ 18.34669895346283, 57.317133900815215 ], [ 18.346742844439351, 57.317143725169338 ], [ 18.346766041882208, 57.317143225926642 ], [ 18.346838414965816, 57.317116737866122 ], [ 18.346901882821246, 57.317095361316632 ], [ 18.346919896730714, 57.317069809501355 ], [ 18.346917200894115, 57.317033934558076 ], [ 18.346895429165432, 57.317009262333819 ], [ 18.346865031818922, 57.316957816419674 ], [ 18.346842581938997, 57.316924172819675 ], [ 18.346818714701122, 57.316915702683062 ], [ 18.34678794710204, 57.316903792879714 ], [ 18.346698855306393, 57.316911118827832 ], [ 18.346555580085351, 57.316951899229856 ], [ 18.346526572432118, 57.316959782443114 ] ] ] } },
{ "type": "Feature", "properties": { "seadsgm": "SW293411", "lake_id": 127, "lake_area_m2": 3942.7309474870563, "localisedc": "sjö", "origin": "natural", "surfaceare": 3943 }, "geometry": { "type": "Polygon", "coordinates": [ [ [ 18.477786465112619, 57.288952737431018 ], [ 18.477659798835635, 57.288783753954064 ], [ 18.477396725792303, 57.288428276132557 ], [ 18.476982358836157, 57.287892364780234 ], [ 18.47646604800423, 57.287228840442083 ], [ 18.476194663566613, 57.286864931915346 ], [ 18.476097628959035, 57.286754479135908 ], [ 18.476003515584001, 57.286735695272711 ], [ 18.475931434631711, 57.286726435069845 ], [ 18.475881864740192, 57.286717684384946 ], [ 18.475786947050462, 57.286694241082309 ], [ 18.475638366690884, 57.286662140434174 ], [ 18.475429438652817, 57.286628796946935 ], [ 18.475384566514563, 57.286638471037634 ], [ 18.475317580905365, 57.286664390638023 ], [ 18.475306671517743, 57.286695852264195 ], [ 18.475334221022194, 57.286730771074446 ], [ 18.475366545359304, 57.286757357936914 ], [ 18.475441533621815, 57.286790040083659 ], [ 18.475527396145065, 57.286813222821642 ], [ 18.47561379201586, 57.286831318528797 ], [ 18.475720811936288, 57.286860506702872 ], [ 18.475813536789083, 57.286894897022748 ], [ 18.475878385907176, 57.286932145973374 ], [ 18.475909362514262, 57.286957845984617 ], [ 18.475961338098422, 57.287007542388267 ], [ 18.476012130407781, 57.287065829100413 ], [ 18.476076141155453, 57.287144949684276 ], [ 18.476192675483414, 57.287249072896756 ], [ 18.476280432524693, 57.28732468731134 ], [ 18.476340240617454, 57.287349569507043 ], [ 18.476432280121319, 57.287342671953411 ], [ 18.476471051673983, 57.287375453847524 ], [ 18.476555573875856, 57.287451399047093 ], [ 18.476544116689272, 57.287490617065927 ], [ 18.476584768133428, 57.287552412827964 ], [ 18.476692306204665, 57.287692680821223 ], [ 18.476870327431907, 57.287914552105555 ], [ 18.477013788318754, 57.288098435080641 ], [ 18.477104564636818, 57.288203325434885 ], [ 18.477180158015098, 57.288283580037991 ], [ 18.477242131738009, 57.288359106506704 ], [ 18.477284856200789, 57.288434419614369 ], [ 18.477280944300723, 57.288485114014868 ], [ 18.477264465134866, 57.288511407591713 ], [ 18.477237554315852, 57.288545362338972 ], [ 18.477169960259207, 57.288580487228238 ], [ 18.477073001926627, 57.288625388583483 ], [ 18.477069729910752, 57.288651180445015 ], [ 18.477085635096632, 57.288681054934713 ], [ 18.477117397878082, 57.288694793123568 ], [ 18.477192327475976, 57.288709107523303 ], [ 18.477304404488162, 57.288729019631873 ], [ 18.477369686153036, 57.288750622237906 ], [ 18.477384087888609, 57.288778308384494 ], [ 18.477346757833462, 57.288818168140118 ], [ 18.477306822259454, 57.288864519849561 ], [ 18.477316367482249, 57.288894776697212 ], [ 18.477353160067228, 57.288915846734852 ], [ 18.477394249054271, 57.288927555449725 ], [ 18.477448896581375, 57.288939303599371 ], [ 18.477567681034017, 57.288951683740699 ], [ 18.477629091001852, 57.28896198476216 ], [ 18.477698420703465, 57.288975968860136 ], [ 18.477786465112619, 57.288952737431018 ] ] ] } },
{ "type": "Feature", "properties": { "seadsgm": "SW293697", "lake_id": 128, "lake_area_m2": 2115.2656829953194, "localisedc": "sjö", "origin": "natural", "surfaceare": 2115 }, "geometry": { "type": "Polygon", "coordinates": [ [ [ 18.76265942968098, 57.528023111224321 ], [ 18.762640487828069, 57.528043447430427 ], [ 18.762629010347215, 57.528125788483521 ], [ 18.762665159578571, 57.528166255390737 ], [ 18.762821297387987, 57.528225583253899 ], [ 18.762894835510895, 57.528306501908503 ], [ 18.762971119119257, 57.528326766009222 ], [ 18.763122469369247, 57.528303357688415 ], [ 18.76342478401223, 57.52824980001575 ], [ 18.763498356436216, 57.528222977361082 ], [ 18.763624729071541, 57.528136012081582 ], [ 18.763672997099771, 57.528083358220911 ], [ 18.763666852627395, 57.528042390930949 ], [ 18.76360588731924, 57.527961924895877 ], [ 18.763528885666364, 57.527929554934516 ], [ 18.763165234815581, 57.527918159237302 ], [ 18.762893959072169, 57.527924717855349 ], [ 18.762828186448793, 57.527934585420482 ], [ 18.762753444670185, 57.527962096714212 ], [ 18.762679372612222, 57.528001720045452 ], [ 18.76265942968098, 57.528023111224321 ] ] ] } },
{ "type": "Feature", "properties": { "seadsgm": "SW296571", "lake_id": 169, "lake_area_m2": 198614.03114312328, "localisedc": "sjö", "origin": "natural", "surfaceare": 198614 }, "geometry": { "type": "Polygon", "coordinates": [ [ [ 18.703019857275496, 57.418094481186372 ], [ 18.703139517167276, 57.418073617374105 ], [ 18.703202373823427, 57.418039681036959 ], [ 18.703315002811607, 57.417955943597228 ], [ 18.703320077977146, 57.417922520014514 ], [ 18.703321056771991, 57.417852595341358 ], [ 18.703344395341468, 57.417813833818087 ], [ 18.703356632111433, 57.417765938471291 ], [ 18.703359098635374, 57.4177203917558 ], [ 18.703438399183202, 57.417687273026225 ], [ 18.703422620822543, 57.417636220341393 ], [ 18.703368968173645, 57.417617605079187 ], [ 18.703342224950525, 57.417592014565805 ], [ 18.703320474972383, 57.417543861613808 ], [ 18.703287156647434, 57.417515764708256 ], [ 18.703252392269604, 57.417452432062213 ], [ 18.703184297462172, 57.417405796510124 ], [ 18.703076135182933, 57.417371991070894 ], [ 18.702911456156773, 57.417372611300237 ], [ 18.70273599262115, 57.417423105470597 ], [ 18.702620070059197, 57.417432304417687 ], [ 18.702478554318589, 57.417437591819827 ], [ 18.702455853820236, 57.41749330186105 ], [ 18.702515448890196, 57.41758771431661 ], [ 18.70248984664304, 57.417707299047962 ], [ 18.702407448351615, 57.417791412875417 ], [ 18.702345714208075, 57.417835494067901 ], [ 18.702101882778653, 57.417848187647529 ], [ 18.70200213218228, 57.417844648913054 ], [ 18.701867463304147, 57.4178775340351 ], [ 18.701745900443861, 57.41790388307404 ], [ 18.701693701199304, 57.417898117863672 ], [ 18.701643411236404, 57.417842074564298 ], [ 18.701657942273435, 57.417792061796234 ], [ 18.701718928587702, 57.417718829025723 ], [ 18.701776617334801, 57.417627375829362 ], [ 18.701786255283203, 57.417567348447122 ], [ 18.701862443354109, 57.417450187405045 ], [ 18.701916724980062, 57.417350708409941 ], [ 18.70196114583819, 57.41728682625466 ], [ 18.702040912898543, 57.417235372905644 ], [ 18.702036110796257, 57.417181244642975 ], [ 18.702010409934331, 57.417086401241434 ], [ 18.70197399975121, 57.417030588527268 ], [ 18.70193145753483, 57.416976330265697 ], [ 18.70194795886848, 57.416943892035491 ], [ 18.701896169389219, 57.416930654025656 ], [ 18.701954230395312, 57.416842578862905 ], [ 18.701837098943354, 57.416739862579277 ], [ 18.701718619186241, 57.41670367941061 ], [ 18.701614810925687, 57.416675166382348 ], [ 18.701530055872581, 57.416681992300681 ], [ 18.701454278322853, 57.416656638611563 ], [ 18.701441135410882, 57.416617708098258 ], [ 18.701369606036835, 57.416607827176549 ], [ 18.701320628026455, 57.416574814784425 ], [ 18.701145833446493, 57.416541143455184 ], [ 18.701172620429762, 57.416443237274315 ], [ 18.701123513597288, 57.416386474167204 ], [ 18.701091702102683, 57.416349506259948 ], [ 18.701113403188302, 57.416329797753036 ], [ 18.701105298591393, 57.416279849327992 ], [ 18.70102252428968, 57.416281871045918 ], [ 18.700923649991978, 57.416218579454188 ], [ 18.700759876540108, 57.41622730723585 ], [ 18.700622119588541, 57.416210075398538 ], [ 18.700444393799479, 57.416122544701182 ], [ 18.70003449604398, 57.416026483943114 ], [ 18.699620598851411, 57.415906181417057 ], [ 18.69937887670017, 57.415854632363008 ], [ 18.699216056116711, 57.415834990352813 ], [ 18.699081539626373, 57.415766344442687 ], [ 18.699000374686296, 57.415725707984762 ], [ 18.698921695012341, 57.415695826417547 ], [ 18.698704064257512, 57.415668525257026 ], [ 18.698432808019934, 57.415622012996323 ], [ 18.698174099688302, 57.415573019815383 ], [ 18.697995319375007, 57.415559833254704 ], [ 18.697836594838893, 57.415557539212045 ], [ 18.697659002316389, 57.415577565087361 ], [ 18.69746104983108, 57.41559553514918 ], [ 18.697349158338454, 57.415595775963233 ], [ 18.697143775735793, 57.415592279325473 ], [ 18.696962646403954, 57.415636845151063 ], [ 18.696767925442082, 57.415706284323726 ], [ 18.696634225431982, 57.415770350658796 ], [ 18.696654135984584, 57.415858593400884 ], [ 18.696651445662308, 57.415924502934359 ], [ 18.696682795487522, 57.416047663680224 ], [ 18.69675977382013, 57.416083837016991 ], [ 18.696797756656281, 57.416119926639645 ], [ 18.696855157391742, 57.416251060410708 ], [ 18.696944012861206, 57.4163709930883 ], [ 18.696966684928888, 57.416472724214678 ], [ 18.696952432086334, 57.41657022377359 ], [ 18.696808535937613, 57.416734370475261 ], [ 18.696691061392073, 57.416831153084225 ], [ 18.696261918673112, 57.416986253843049 ], [ 18.696199678942342, 57.417003203296701 ], [ 18.695785060160834, 57.417051964466893 ], [ 18.695619931787707, 57.417048514430327 ], [ 18.695387666421396, 57.417029596291918 ], [ 18.695206647232684, 57.417007660646064 ], [ 18.69496486407785, 57.416959869319598 ], [ 18.694844969794534, 57.416944771424447 ], [ 18.694747206282806, 57.416970342478621 ], [ 18.694699242385738, 57.417002436840633 ], [ 18.69470070422997, 57.417060743778251 ], [ 18.694780438877302, 57.417132800390767 ], [ 18.694875340601978, 57.417228102357463 ], [ 18.694940868782872, 57.417342015511068 ], [ 18.69496945008591, 57.41741776012595 ], [ 18.695091932939686, 57.417602429604443 ], [ 18.695134160403409, 57.41765398403205 ], [ 18.695347688679803, 57.417978196681858 ], [ 18.695385676164538, 57.418048206040204 ], [ 18.695402396349863, 57.418096525440681 ], [ 18.695422565304053, 57.418142010786177 ], [ 18.695458353024126, 57.41821481091943 ], [ 18.695502177108178, 57.418280568343569 ], [ 18.695552057027481, 57.418355623770985 ], [ 18.695605771879887, 57.418397310015372 ], [ 18.695649770932601, 57.418439066439547 ], [ 18.695689401179077, 57.418568744844869 ], [ 18.695789621029963, 57.418722913786631 ], [ 18.695828834562821, 57.418860067420518 ], [ 18.695945215381563, 57.418989963391297 ], [ 18.69602239074451, 57.419072957570592 ], [ 18.696149817049179, 57.419200461288511 ], [ 18.696351009490535, 57.41936900047962 ], [ 18.696569695617015, 57.419513892358694 ], [ 18.696741060947183, 57.419640644899701 ], [ 18.696959287921622, 57.419725158378554 ], [ 18.697101006171707, 57.419766695327361 ], [ 18.697296060987277, 57.419846528753887 ], [ 18.697433672020445, 57.419941123028444 ], [ 18.697502118712372, 57.420035933937022 ], [ 18.697652169481199, 57.420129453529 ], [ 18.697856392526624, 57.420212379521608 ], [ 18.697948984829228, 57.420298262640486 ], [ 18.698061633018476, 57.420405890596854 ], [ 18.698243525805633, 57.42049158594417 ], [ 18.698486919797269, 57.420452454389256 ], [ 18.698710238390966, 57.420424834723228 ], [ 18.698900068593044, 57.420424082463704 ], [ 18.699004405992053, 57.420378617060635 ], [ 18.699172242185337, 57.42041727031404 ], [ 18.699277766815122, 57.420506126373823 ], [ 18.699289056252258, 57.420596007271698 ], [ 18.699343024628419, 57.420673647642005 ], [ 18.699507268703176, 57.420725299556352 ], [ 18.699570599736468, 57.420751740372189 ], [ 18.699784372250125, 57.420717649772513 ], [ 18.699987524056972, 57.420757177830886 ], [ 18.70014444652023, 57.420821964020064 ], [ 18.700254019733478, 57.420913406737803 ], [ 18.700223736004414, 57.42102500031509 ], [ 18.700249801093438, 57.421123222403331 ], [ 18.700355788274738, 57.421216127000072 ], [ 18.70052843859111, 57.421241728124116 ], [ 18.700765634434575, 57.421270652997606 ], [ 18.700872037204491, 57.421254973090413 ], [ 18.700814173553105, 57.421176108894684 ], [ 18.700839103025501, 57.421072827063341 ], [ 18.700971642326405, 57.420987086349946 ], [ 18.701138723847833, 57.420940259133346 ], [ 18.701267883707487, 57.420936730691082 ], [ 18.701378049529811, 57.420943326599115 ], [ 18.701451750235364, 57.420882565362085 ], [ 18.701492758304283, 57.420754338281142 ], [ 18.701622990636395, 57.420614386403557 ], [ 18.701710983200076, 57.420490054112932 ], [ 18.70177702682513, 57.420383405039523 ], [ 18.701958613003555, 57.420331347340607 ], [ 18.70222075752207, 57.420403565296745 ], [ 18.702328799504876, 57.420312511789867 ], [ 18.702401467281472, 57.420219899949309 ], [ 18.702678468762667, 57.420177629144597 ], [ 18.702872320019424, 57.420032884737658 ], [ 18.703004707208326, 57.419867074266094 ], [ 18.703135168944073, 57.419650431067417 ], [ 18.703134002221212, 57.419527643351003 ], [ 18.703185681553165, 57.419416029525657 ], [ 18.703360039555871, 57.419344530401325 ], [ 18.703513017739457, 57.419216728080627 ], [ 18.703521923327365, 57.419082756656962 ], [ 18.703563839628881, 57.418962636716458 ], [ 18.703510497600643, 57.418845618588271 ], [ 18.703435796687323, 57.418762558094812 ], [ 18.703500994040091, 57.418693252509989 ], [ 18.70361801096491, 57.418570007121779 ], [ 18.70360780581797, 57.418456340054959 ], [ 18.703473769166752, 57.418371131818787 ], [ 18.703297103497739, 57.418332096677638 ], [ 18.703080467669768, 57.418340510530477 ], [ 18.702969927355809, 57.418330538159921 ], [ 18.702861498588788, 57.418283172950261 ], [ 18.702821085236163, 57.418228270630848 ], [ 18.70282841268153, 57.41814821576758 ], [ 18.702882885163433, 57.418117941728198 ], [ 18.703019857275496, 57.418094481186372 ] ], [ [ 18.69892026409072, 57.41738872016149 ], [ 18.699171527921251, 57.417375122819898 ], [ 18.699233946036241, 57.417258412165197 ], [ 18.69903091613989, 57.417174759925793 ], [ 18.699121824515508, 57.41704287408875 ], [ 18.699875785782034, 57.417363741919935 ], [ 18.699820131159537, 57.417473447351213 ], [ 18.69883210723108, 57.417534094505498 ], [ 18.69892026409072, 57.41738872016149 ] ], [ [ 18.698813251746575, 57.418387601245172 ], [ 18.698768418135238, 57.4183474464119 ], [ 18.698479526504936, 57.418137963487226 ], [ 18.699149899959455, 57.417991977142123 ], [ 18.699244383835961, 57.417982114372073 ], [ 18.699322482066172, 57.41799450111457 ], [ 18.699393555200711, 57.418022727186546 ], [ 18.699443222511505, 57.418073361370325 ], [ 18.699438142408496, 57.418129171797773 ], [ 18.699382910186117, 57.418175075351371 ], [ 18.699278690703892, 57.418210361658531 ], [ 18.699195290675164, 57.418229356947265 ], [ 18.699146294793714, 57.418241135625287 ], [ 18.699186498305341, 57.418274433121596 ], [ 18.699271195537651, 57.418332668484354 ], [ 18.699282254511139, 57.418386593104771 ], [ 18.699256821037409, 57.418440350223193 ], [ 18.69919604171157, 57.418481686486615 ], [ 18.699121568728678, 57.418501749489842 ], [ 18.699016303687372, 57.418505174981121 ], [ 18.698936335712162, 57.418487414726052 ], [ 18.698890245706139, 57.41845770559965 ], [ 18.698813251746575, 57.418387601245172 ] ], [ [ 18.698276055903548, 57.418983679123158 ], [ 18.698918662672806, 57.419084246073226 ], [ 18.698845036535072, 57.419202003661191 ], [ 18.698013616448794, 57.419066185933595 ], [ 18.698167960638283, 57.41878158927441 ], [ 18.698373641428944, 57.418810186700945 ], [ 18.698276055903548, 57.418983679123158 ] ] ] } },
{ "type": "Feature", "properties": { "seadsgm": "SW296298", "lake_id": 181, "lake_area_m2": 282800.27861859126, "localisedc": "sjö", "origin": "natural", "surfaceare": 282800 }, "geometry": { "type": "Polygon", "coordinates": [ [ [ 19.15024667992212, 57.975740296810642 ], [ 19.15027356187694, 57.975717791123515 ], [ 19.150288699640555, 57.975700136964392 ], [ 19.15021370507564, 57.975618185330283 ], [ 19.150143135396771, 57.97557572948682 ], [ 19.150107326229968, 57.975554183887432 ], [ 19.150054897943608, 57.97553393008485 ], [ 19.149836839597558, 57.975380262245444 ], [ 19.149737027548294, 57.975284311156081 ], [ 19.149647460837276, 57.975207035290161 ], [ 19.149556729012119, 57.97512840115877 ], [ 19.149226881005628, 57.97482251320983 ], [ 19.149198703398387, 57.97480534154689 ], [ 19.149218512067819, 57.97475036210021 ], [ 19.149174672444953, 57.974661789172821 ], [ 19.149130360419861, 57.974592906989066 ], [ 19.149088598500583, 57.974521208172135 ], [ 19.149098353231011, 57.974420354737703 ], [ 19.149128855264006, 57.9743882160612 ], [ 19.149212702004593, 57.974377842742363 ], [ 19.149224886714499, 57.974352669306569 ], [ 19.149233677822494, 57.974270694988917 ], [ 19.149217019338028, 57.974248011842334 ], [ 19.149244388699532, 57.974200950071399 ], [ 19.149259307921263, 57.974108876364596 ], [ 19.149172601222137, 57.974053059177123 ], [ 19.149183804375287, 57.974025689470039 ], [ 19.149207541125669, 57.973962596925688 ], [ 19.149239605686937, 57.973871569995467 ], [ 19.149229189357335, 57.973857190111474 ], [ 19.149208210062511, 57.973774048085758 ], [ 19.149192815499237, 57.973707738038996 ], [ 19.149183675868294, 57.973637706539023 ], [ 19.149167922717957, 57.973594141743753 ], [ 19.149192633028633, 57.973547957213704 ], [ 19.149200226827766, 57.973517036905079 ], [ 19.149216522799215, 57.97350139553425 ], [ 19.149229996129378, 57.973458728616357 ], [ 19.149266094169903, 57.973443313921344 ], [ 19.149281386345681, 57.973399226401234 ], [ 19.149244940971553, 57.973355455244388 ], [ 19.149176065236201, 57.973305380403026 ], [ 19.149089517370605, 57.973307532362369 ], [ 19.148904381565828, 57.973303987927132 ], [ 19.14885168781116, 57.973302967634396 ], [ 19.148643860143931, 57.973293077473556 ], [ 19.148561629495404, 57.973297614937685 ], [ 19.148505577946718, 57.973294429759413 ], [ 19.148417793685322, 57.973275473219459 ], [ 19.148351885233186, 57.973253382567556 ], [ 19.148301925884013, 57.973224575353129 ], [ 19.148266447063587, 57.973233774078146 ], [ 19.148223178825944, 57.97323472004048 ], [ 19.148065352191662, 57.973231999007403 ], [ 19.147795727249427, 57.973227966081531 ], [ 19.147724548772786, 57.973225388869665 ], [ 19.14765702646157, 57.973213414365517 ], [ 19.147620814487002, 57.973210136166024 ], [ 19.147569135880897, 57.973210673859072 ], [ 19.147489325249868, 57.973220341297264 ], [ 19.147397400177439, 57.973237227733335 ], [ 19.147309662405547, 57.973245307641697 ], [ 19.147098440418869, 57.973240428190614 ], [ 19.146956972972042, 57.973240532645512 ], [ 19.146932343653944, 57.973239009900844 ], [ 19.146886215055648, 57.973235732642287 ], [ 19.146804540659964, 57.973223291229552 ], [ 19.146530074903907, 57.973164335188557 ], [ 19.146479622096138, 57.973150893730519 ], [ 19.146253820523565, 57.973128844469208 ], [ 19.146045830972163, 57.973090458916701 ], [ 19.145946211846681, 57.973065619242334 ], [ 19.145521183588084, 57.972968250728925 ], [ 19.14540902024433, 57.972950268125309 ], [ 19.145388658264881, 57.972954772677426 ], [ 19.145344316026936, 57.972946428813096 ], [ 19.145274784622671, 57.972927502122985 ], [ 19.145199512028292, 57.972896374118271 ], [ 19.145152453589755, 57.972883835615484 ], [ 19.144790442931924, 57.972788905840815 ], [ 19.144748333328401, 57.972756271315603 ], [ 19.144652812184066, 57.972683950659352 ], [ 19.144615912854427, 57.972679365831041 ], [ 19.144499064984458, 57.972683322617137 ], [ 19.144196313596332, 57.972709867524003 ], [ 19.144028701514422, 57.97270596802322 ], [ 19.143871850467846, 57.972711159562849 ], [ 19.143796544177032, 57.972703887181439 ], [ 19.143767917952033, 57.972678364523475 ], [ 19.143759967364076, 57.97264618900774 ], [ 19.143767250611255, 57.972561287532585 ], [ 19.14368604988422, 57.972461343821379 ], [ 19.143426325921848, 57.972224265211921 ], [ 19.143338822776901, 57.972114535667323 ], [ 19.143335565643667, 57.972113166639375 ], [ 19.143285892224519, 57.972092216574907 ], [ 19.143160558819208, 57.972039113754157 ], [ 19.143100970874521, 57.971985360611242 ], [ 19.143081655753054, 57.971914194404427 ], [ 19.143093003577796, 57.971868737004534 ], [ 19.143128633657469, 57.971697546522165 ], [ 19.143113199204613, 57.971595535525807 ], [ 19.143125861968734, 57.971424394136207 ], [ 19.143073780906857, 57.971362940433416 ], [ 19.143037143572343, 57.971320783176651 ], [ 19.143095567835079, 57.971240570911178 ], [ 19.143097118002082, 57.971204792237977 ], [ 19.143038849100567, 57.97115021228948 ], [ 19.142898114814692, 57.971078720318559 ], [ 19.142767347530025, 57.971051638843711 ], [ 19.142577157579506, 57.971051369998889 ], [ 19.142547054877411, 57.971076264538027 ], [ 19.142491795607665, 57.971136463111847 ], [ 19.142440814380016, 57.97116846695949 ], [ 19.1423814482533, 57.971196274491604 ], [ 19.142316123205454, 57.971242882486635 ], [ 19.142259593254728, 57.971272566709409 ], [ 19.142218293686533, 57.971397443093998 ], [ 19.142166114064057, 57.971493170311867 ], [ 19.142147107599204, 57.97147929408311 ], [ 19.142091131643834, 57.971350434126862 ], [ 19.142079930175068, 57.971320287768265 ], [ 19.142018550530643, 57.971291481959497 ], [ 19.141929559668728, 57.971287181869492 ], [ 19.141877390912953, 57.971297184516494 ], [ 19.141429441942368, 57.971484728509139 ], [ 19.14131856399387, 57.971536966690358 ], [ 19.14123139666771, 57.971546095202847 ], [ 19.141024222792286, 57.971542465705504 ], [ 19.140873634222963, 57.971504537969174 ], [ 19.140733595815625, 57.971467802784197 ], [ 19.140682578026951, 57.971455295213907 ], [ 19.140529914920592, 57.971492978660827 ], [ 19.140420857109092, 57.971543672581006 ], [ 19.140396592664526, 57.971577276364165 ], [ 19.140367377789051, 57.971684925758709 ], [ 19.140405498547203, 57.971849986868072 ], [ 19.140416478120333, 57.971885949628408 ], [ 19.140413594586519, 57.971928379864764 ], [ 19.140395396012821, 57.972039615170701 ], [ 19.140415340023225, 57.972078925593706 ], [ 19.140437051048821, 57.972125950130113 ], [ 19.140428126675047, 57.972186265737619 ], [ 19.140440602633582, 57.972282544580715 ], [ 19.140418616052472, 57.972361486046495 ], [ 19.140407808946513, 57.972435694099858 ], [ 19.140415432465645, 57.972523516403889 ], [ 19.140454394845342, 57.97260806868497 ], [ 19.140525554737572, 57.972762458473888 ], [ 19.140547109153726, 57.972803400246555 ], [ 19.140546237041839, 57.97283691521168 ], [ 19.140554224410486, 57.973000855737183 ], [ 19.140558046046156, 57.973009615922479 ], [ 19.140610266869878, 57.973092899366627 ], [ 19.140569961551225, 57.973163491944902 ], [ 19.140601026517533, 57.97318038245772 ], [ 19.14065370070961, 57.973191540802105 ], [ 19.140755913936957, 57.973198091273098 ], [ 19.140929559822744, 57.973247983122491 ], [ 19.140975925441644, 57.97328264692225 ], [ 19.141129120507291, 57.97344872117219 ], [ 19.141191183491628, 57.97348856563741 ], [ 19.141223110827994, 57.973490097359011 ], [ 19.141332446544165, 57.973483969325834 ], [ 19.141440485337636, 57.973507457824262 ], [ 19.141503281324241, 57.973515877332432 ], [ 19.141629461543786, 57.973538378783431 ], [ 19.141631532091242, 57.973572105147746 ], [ 19.141602424476044, 57.973596694714658 ], [ 19.141550587575537, 57.973618897186029 ], [ 19.141445601219655, 57.973656664248985 ], [ 19.141430325659041, 57.973696115583586 ], [ 19.141451604277499, 57.973753395662769 ], [ 19.141536195285909, 57.973782289964937 ], [ 19.141465648701097, 57.973828672534246 ], [ 19.141415163355237, 57.973845553100858 ], [ 19.141299453157128, 57.973901878496392 ], [ 19.141111913579049, 57.974024823515165 ], [ 19.141063092002323, 57.974073777247035 ], [ 19.141035573677396, 57.974121858372136 ], [ 19.141065517539147, 57.97415371411595 ], [ 19.141154324722791, 57.974184618289705 ], [ 19.14116854790856, 57.974196997545377 ], [ 19.141175587625774, 57.97421479663052 ], [ 19.141212242897407, 57.974317615121429 ], [ 19.141158200956628, 57.974345349296655 ], [ 19.141081603031232, 57.974391514042864 ], [ 19.141042604558368, 57.974524209496934 ], [ 19.140929364222384, 57.97459256600316 ], [ 19.140881228651107, 57.974646750877262 ], [ 19.140873633645295, 57.974680728777329 ], [ 19.140860902077776, 57.974741708632429 ], [ 19.140814852531893, 57.974839562322892 ], [ 19.140777312386515, 57.974897618997005 ], [ 19.140743323349142, 57.974980477710908 ], [ 19.140773668357202, 57.975013154703475 ], [ 19.140818668022238, 57.97506923980913 ], [ 19.140920260531814, 57.975273811961848 ], [ 19.141011787923862, 57.975374518326753 ], [ 19.14106741259377, 57.975389367418813 ], [ 19.141173232677108, 57.975406050401979 ], [ 19.141272406644575, 57.975436023699828 ], [ 19.141368184250311, 57.975502619499046 ], [ 19.141468553458573, 57.975566321217521 ], [ 19.141474822611769, 57.975596329931086 ], [ 19.141518031850698, 57.975676813690775 ], [ 19.141590008954207, 57.975752637927229 ], [ 19.141580881490665, 57.975778356244405 ], [ 19.141441178267822, 57.975907034450721 ], [ 19.141437705757664, 57.975910241034349 ], [ 19.141396441638442, 57.975936713282927 ], [ 19.141357022789983, 57.976000899495908 ], [ 19.141452626713356, 57.976085503258936 ], [ 19.141617653178194, 57.976176321333028 ], [ 19.14161966733019, 57.976200903469021 ], [ 19.141645442475927, 57.976271903068749 ], [ 19.141795743841477, 57.976371671094796 ], [ 19.141786985047624, 57.976438626898393 ], [ 19.141832791673245, 57.976497445010665 ], [ 19.141897994016738, 57.976540800482169 ], [ 19.141924345870322, 57.976588248661237 ], [ 19.141948246067969, 57.976667331389699 ], [ 19.141989331303392, 57.976696375672468 ], [ 19.142039519176457, 57.976708712354196 ], [ 19.142131026032004, 57.976739027366406 ], [ 19.14223753710511, 57.976773663003669 ], [ 19.14274222773178, 57.976906380920582 ], [ 19.142867112825204, 57.976916065135761 ], [ 19.142935429531654, 57.976921353312015 ], [ 19.142949187897852, 57.976920401678626 ], [ 19.143014114507217, 57.976915881565205 ], [ 19.14308138056569, 57.976911008466601 ], [ 19.143209985375762, 57.97689903402469 ], [ 19.143538525375455, 57.976836956646473 ], [ 19.143567610498248, 57.976830819812847 ], [ 19.143567223512399, 57.976830832440719 ], [ 19.143628846583798, 57.976821330848558 ], [ 19.143668371290833, 57.97681956467607 ], [ 19.143741862866893, 57.976817642872618 ], [ 19.143850365669365, 57.976833175801943 ], [ 19.143921210070655, 57.976856679695942 ], [ 19.144024958954564, 57.97689728551655 ], [ 19.144055329601859, 57.976934503276425 ], [ 19.144074554095123, 57.976979395501701 ], [ 19.144125839735981, 57.977028734308142 ], [ 19.144157913496631, 57.977078963543001 ], [ 19.144190448377717, 57.977164128642919 ], [ 19.144223991311435, 57.977209049715313 ], [ 19.144265990509826, 57.977223604511977 ], [ 19.144289851075577, 57.977214740087682 ], [ 19.144345991320524, 57.977201847362252 ], [ 19.144420191711497, 57.977202617768917 ], [ 19.144534928487239, 57.977209151865125 ], [ 19.144810479407369, 57.977224581866977 ], [ 19.144856152423316, 57.977211156798617 ], [ 19.145101393355709, 57.97715067248339 ], [ 19.145218758756418, 57.97715735286684 ], [ 19.145559788766388, 57.977211621061706 ], [ 19.145600010720095, 57.977231098480331 ], [ 19.145590487680128, 57.977249016578611 ], [ 19.145524731570301, 57.977319750146982 ], [ 19.145482569361743, 57.977330586615508 ], [ 19.145387595090281, 57.97734050168188 ], [ 19.145375619294136, 57.977361224337464 ], [ 19.145394495352228, 57.977402801725766 ], [ 19.145417763189148, 57.977452336806586 ], [ 19.145435369206744, 57.977477002687444 ], [ 19.145489607837, 57.977484610813178 ], [ 19.145606364990709, 57.977498955139922 ], [ 19.145786101752979, 57.977518518782581 ], [ 19.145946795675894, 57.977507570786322 ], [ 19.146323000051126, 57.97752085282486 ], [ 19.146404010035052, 57.977522038598011 ], [ 19.146574124363003, 57.977564152671654 ], [ 19.146672980481142, 57.977601928239537 ], [ 19.146816111808477, 57.977620626507644 ], [ 19.146830022953932, 57.977636708065603 ], [ 19.146796165797973, 57.977686534320647 ], [ 19.146733659527651, 57.977706481317199 ], [ 19.146630302400428, 57.977732956619576 ], [ 19.146455386505163, 57.977750574100476 ], [ 19.146022702531688, 57.977709696017975 ], [ 19.14588709429264, 57.977720949119565 ], [ 19.145807675038032, 57.97772865956987 ], [ 19.145732656028216, 57.977731754257974 ], [ 19.145648156358956, 57.977742131045552 ], [ 19.145005629291717, 57.977877012829133 ], [ 19.144933941061218, 57.97791827090267 ], [ 19.144851107208485, 57.977977644822445 ], [ 19.144813935603363, 57.978032641287975 ], [ 19.144807648560558, 57.978072684413398 ], [ 19.144759834749248, 57.97815836879257 ], [ 19.144724635508933, 57.97832261250889 ], [ 19.144759795654323, 57.978344053464362 ], [ 19.144914061998861, 57.978404985820916 ], [ 19.144922622825611, 57.978421477125096 ], [ 19.14490461379253, 57.978468934772508 ], [ 19.144882637563612, 57.978500100240261 ], [ 19.14490927055342, 57.978531279514648 ], [ 19.144970092184444, 57.97854991351663 ], [ 19.145030769416572, 57.978555864927515 ], [ 19.145083555516685, 57.978561048638277 ], [ 19.145557201223948, 57.97857954985853 ], [ 19.145635143904002, 57.978535551560029 ], [ 19.145753935351596, 57.978482285382896 ], [ 19.145861778575355, 57.97855586515967 ], [ 19.145889176620813, 57.978560070592827 ], [ 19.146086823622905, 57.978529858775772 ], [ 19.146123027337701, 57.978466008681565 ], [ 19.146164196893746, 57.978440152691668 ], [ 19.14629926719665, 57.978384007564607 ], [ 19.146300748903379, 57.978383383985914 ], [ 19.146359083864642, 57.978363233147007 ], [ 19.146431675883292, 57.978346008655286 ], [ 19.146548428416153, 57.978307780985865 ], [ 19.146567560228505, 57.978290547959233 ], [ 19.146642053104692, 57.978202463611886 ], [ 19.146640906813246, 57.978176412958206 ], [ 19.146635975182193, 57.978097431577773 ], [ 19.146634850401142, 57.978030350158747 ], [ 19.146703041037426, 57.978017809334887 ], [ 19.146772761457164, 57.978022347125901 ], [ 19.146902349664717, 57.978006488323445 ], [ 19.14694767919714, 57.978026806241985 ], [ 19.146969436690146, 57.978023838813399 ], [ 19.147053440077489, 57.978014098660935 ], [ 19.147074289775631, 57.977998572363056 ], [ 19.147097046227362, 57.97798266765006 ], [ 19.147160224102343, 57.97796523644395 ], [ 19.147251535000091, 57.977964078669871 ], [ 19.147384548833219, 57.977952827624641 ], [ 19.147407657951046, 57.977937686315094 ], [ 19.147459145017883, 57.977907938517617 ], [ 19.147614226955284, 57.977855843067324 ], [ 19.147697381313765, 57.977818632651186 ], [ 19.147721508722569, 57.97779936576778 ], [ 19.147777148766153, 57.977780867596699 ], [ 19.147868739443524, 57.977758136873689 ], [ 19.148274435735932, 57.977679294034907 ], [ 19.148455454869154, 57.977667786448258 ], [ 19.148552147957993, 57.977647514240047 ], [ 19.148583753989559, 57.977611034490536 ], [ 19.148672608666377, 57.977518053653412 ], [ 19.148813130536936, 57.977539405767452 ], [ 19.148863834572932, 57.977561237883549 ], [ 19.148910477743907, 57.977555487739224 ], [ 19.148982920334792, 57.977535711147972 ], [ 19.149010082612644, 57.977518250461493 ], [ 19.149029929587233, 57.977488789348776 ], [ 19.149105549094312, 57.977365597015606 ], [ 19.14911794180405, 57.977372052759563 ], [ 19.149116488951197, 57.977406478243651 ], [ 19.149128786281711, 57.977433170053274 ], [ 19.149144183018706, 57.977428664722432 ], [ 19.149212575446089, 57.977419525395412 ], [ 19.149371129603729, 57.977425727675161 ], [ 19.149442390729515, 57.977442507966558 ], [ 19.149478444791395, 57.977452021484247 ], [ 19.149580660328478, 57.97745889654734 ], [ 19.149821859039129, 57.977431789046854 ], [ 19.150024175319221, 57.97739237319059 ], [ 19.150128790827825, 57.977360591510639 ], [ 19.150201936889122, 57.977306430740207 ], [ 19.150223797081264, 57.977274451338623 ], [ 19.150278617799781, 57.977248253133553 ], [ 19.150329903823977, 57.977223863099589 ], [ 19.150438638992725, 57.977158791308355 ], [ 19.150507864666444, 57.977109966012598 ], [ 19.15054800081576, 57.977077081818635 ], [ 19.150555710783696, 57.977043387014859 ], [ 19.150545542582538, 57.976993909747257 ], [ 19.150581427786996, 57.976952082045251 ], [ 19.150584784524185, 57.97692789957248 ], [ 19.150615732183681, 57.976898246574912 ], [ 19.150691401598547, 57.976872168017955 ], [ 19.150781490147512, 57.976827795676407 ], [ 19.150831899099948, 57.976792272585996 ], [ 19.150912382878772, 57.976697442877885 ], [ 19.150880917672488, 57.976660326068867 ], [ 19.150900614831514, 57.976613389601653 ], [ 19.150944348633956, 57.976583246091714 ], [ 19.15098504319063, 57.976539849386221 ], [ 19.151021393736464, 57.976430617970045 ], [ 19.151023936983854, 57.976422962833247 ], [ 19.150975627954072, 57.976366361296471 ], [ 19.15094060898322, 57.976303981647078 ], [ 19.150900966928688, 57.976293310311704 ], [ 19.150835056650926, 57.976273692914397 ], [ 19.150772847647723, 57.976238292384451 ], [ 19.150695983350047, 57.976154988264355 ], [ 19.150667248673965, 57.976137161110778 ], [ 19.150601448155122, 57.976110923023732 ], [ 19.15056519648228, 57.976089060494623 ], [ 19.150477787142215, 57.976035229742294 ], [ 19.150441776053572, 57.976008377914866 ], [ 19.150367747690701, 57.975906159610894 ], [ 19.150341867017399, 57.975866370553888 ], [ 19.150262563450365, 57.975785323787079 ], [ 19.150240154565942, 57.975745752746128 ], [ 19.15024667992212, 57.975740296810642 ] ] ] } },
{ "type": "Feature", "properties": { "seadsgm": "SW294833", "lake_id": 182, "lake_area_m2": 25040.394378185039, "localisedc": "sjö", "origin": "natural", "surfaceare": 25040 }, "geometry": { "type": "Polygon", "coordinates": [ [ [ 18.796032464795019, 57.667019450518438 ], [ 18.796169399700275, 57.666937905677962 ], [ 18.796174947828785, 57.666893602834591 ], [ 18.796149563225399, 57.666859578102766 ], [ 18.796098168639144, 57.666816402126322 ], [ 18.796057932276746, 57.666760383430699 ], [ 18.796050082891384, 57.666708299894509 ], [ 18.79602803228607, 57.666656023993795 ], [ 18.795980800968447, 57.666616382072426 ], [ 18.795944389910126, 57.666605929903952 ], [ 18.795871939857072, 57.666588111594528 ], [ 18.795820222566153, 57.666530018776434 ], [ 18.795739425679997, 57.666497957135967 ], [ 18.795645508267878, 57.666427006723175 ], [ 18.795590291728651, 57.666430689252657 ], [ 18.795471973331253, 57.666514218350287 ], [ 18.795322301495414, 57.666568998670407 ], [ 18.79521994850414, 57.66655524347037 ], [ 18.795116984618051, 57.666521939744129 ], [ 18.795072523389553, 57.666488092681384 ], [ 18.795065800834251, 57.666454444525947 ], [ 18.795088816563396, 57.666333147691468 ], [ 18.795123651113698, 57.66630926397881 ], [ 18.795191366589567, 57.666296002330057 ], [ 18.795290134589958, 57.666273767404839 ], [ 18.795496264886864, 57.666224058555315 ], [ 18.795520423323453, 57.666162571307098 ], [ 18.795553057343891, 57.66609525618604 ], [ 18.795653082657342, 57.665970550538695 ], [ 18.795690751008394, 57.66587054451368 ], [ 18.795691422339644, 57.665828328632507 ], [ 18.795678878072358, 57.665758766340154 ], [ 18.795673645089359, 57.665575291075534 ], [ 18.795651189689814, 57.665502060035081 ], [ 18.795609604413748, 57.665428738550318 ], [ 18.795554627481955, 57.665399845731351 ], [ 18.795525224771005, 57.665403751575774 ], [ 18.795326558885399, 57.665458754737109 ], [ 18.795094538227961, 57.665502363895747 ], [ 18.79506314873991, 57.665529963551414 ], [ 18.795054506152063, 57.665564272958491 ], [ 18.795068992638505, 57.665610590501927 ], [ 18.795131193289585, 57.665767530695696 ], [ 18.795110311145287, 57.665790949253115 ], [ 18.795063476444888, 57.665804503444669 ], [ 18.795009856613923, 57.665799397036878 ], [ 18.794937900414251, 57.665775079177926 ], [ 18.794851625953761, 57.665725945892397 ], [ 18.794796788529951, 57.665655458698296 ], [ 18.794756821965233, 57.66556282008321 ], [ 18.79476195151803, 57.665487239271989 ], [ 18.79475197085171, 57.665442485355477 ], [ 18.794690240194065, 57.665389504441315 ], [ 18.794578583437662, 57.665340564766154 ], [ 18.794361612691016, 57.665266199141968 ], [ 18.794177510195421, 57.665259922591225 ], [ 18.794105941258636, 57.665283559159072 ], [ 18.794046512751233, 57.665318475941866 ], [ 18.79400453488444, 57.665385452203395 ], [ 18.794008796717083, 57.665425037297261 ], [ 18.794060944127885, 57.665490264989764 ], [ 18.794146331460013, 57.665599405503933 ], [ 18.794161550498178, 57.665654933565548 ], [ 18.794142695184025, 57.665693118736307 ], [ 18.794087544848527, 57.665732446448438 ], [ 18.794034161339056, 57.665748479763103 ], [ 18.793963115940869, 57.665747125093162 ], [ 18.793798268513932, 57.665728131085523 ], [ 18.793765351323088, 57.665707280764849 ], [ 18.793754576858738, 57.665678194831273 ], [ 18.79377683268612, 57.665621207891853 ], [ 18.793793916387163, 57.665553146306046 ], [ 18.793770885321909, 57.665505087693795 ], [ 18.793738835004739, 57.665477090560749 ], [ 18.793687866188776, 57.665461681603283 ], [ 18.793637003157627, 57.665470634635568 ], [ 18.793570188659757, 57.665501672563586 ], [ 18.793560027188388, 57.665531261966755 ], [ 18.793488972883576, 57.665733947059415 ], [ 18.793401098934947, 57.665791268640369 ], [ 18.793283440954575, 57.665868212577521 ], [ 18.79326272847533, 57.665918185954453 ], [ 18.793240365414178, 57.666035829935183 ], [ 18.793171703632581, 57.666110727723058 ], [ 18.793087000774733, 57.666209212228019 ], [ 18.793050379848498, 57.66631296139925 ], [ 18.792987282654021, 57.666421820830386 ], [ 18.792994042557989, 57.666460782183037 ], [ 18.793023837767233, 57.666497219166267 ], [ 18.793081153835036, 57.666559541684222 ], [ 18.79294351593909, 57.666680259674557 ], [ 18.792928326484919, 57.666738483047773 ], [ 18.792853542602504, 57.666784378869018 ], [ 18.792717619741609, 57.666865402308204 ], [ 18.792693727894914, 57.666909581648575 ], [ 18.792713681856878, 57.666946546776607 ], [ 18.792795530269174, 57.66704096018475 ], [ 18.792886954640565, 57.667084887258767 ], [ 18.793009428254852, 57.667126848348609 ], [ 18.793100336476765, 57.66712868730805 ], [ 18.793198480773871, 57.667117693959945 ], [ 18.793268944129846, 57.66709386508527 ], [ 18.79329454767025, 57.667068650054077 ], [ 18.793302810175124, 57.667010311909841 ], [ 18.793324524615738, 57.66687172896394 ], [ 18.793379648176192, 57.666751878812946 ], [ 18.793453796068718, 57.666691130220009 ], [ 18.793530157585426, 57.666663232260447 ], [ 18.793591829535309, 57.666664635952309 ], [ 18.793647485046463, 57.666675255123941 ], [ 18.793716623490919, 57.666708109321654 ], [ 18.793806884534447, 57.666777498258554 ], [ 18.793875989726779, 57.666864955534557 ], [ 18.793934272538142, 57.666882050155131 ], [ 18.793998265704356, 57.666886296805664 ], [ 18.794261122221869, 57.666874158624992 ], [ 18.794418330244515, 57.666925651145959 ], [ 18.794571291645671, 57.66698572858499 ], [ 18.794785205318775, 57.667094209314328 ], [ 18.794828551139961, 57.667094984047587 ], [ 18.79501077994448, 57.6670607754751 ], [ 18.795166230054186, 57.667024559076452 ], [ 18.7952240747309, 57.667030093903307 ], [ 18.79532290815402, 57.667051464152117 ], [ 18.795493349944312, 57.667099201620445 ], [ 18.795538909997962, 57.667130227815839 ], [ 18.795626223460761, 57.66719582978461 ], [ 18.795742158314532, 57.667234299193495 ], [ 18.795883606250587, 57.667253750101764 ], [ 18.79593411973217, 57.667233449440936 ], [ 18.795986349110976, 57.667179903451981 ], [ 18.795992425984856, 57.667158584618377 ], [ 18.795993408912512, 57.667155137374429 ], [ 18.796005836670119, 57.667111516865376 ], [ 18.796032464795019, 57.667019450518438 ] ], [ [ 18.794512604718815, 57.665950444679559 ], [ 18.794456655589265, 57.665967013986446 ], [ 18.794392736067454, 57.665963691701059 ], [ 18.794337364832, 57.665945519906735 ], [ 18.794290127006121, 57.665903359859044 ], [ 18.794270079493096, 57.665852426195343 ], [ 18.794283845782363, 57.665811562194541 ], [ 18.794347288770123, 57.665765439692422 ], [ 18.794390730924572, 57.665755008055285 ], [ 18.7944380362303, 57.665759270477572 ], [ 18.794515395240079, 57.665798594245565 ], [ 18.794592019605144, 57.665915495988237 ], [ 18.794522377048335, 57.665948946116671 ], [ 18.794512604718815, 57.665950444679559 ] ] ] } },
{ "type": "Feature", "properties": { "seadsgm": "SW295051", "lake_id": 195, "lake_area_m2": 2629.986080288887, "localisedc": "sjö", "origin": "natural", "surfaceare": 2630 }, "geometry": { "type": "Polygon", "coordinates": [ [ [ 18.741093785868088, 57.719741183942553 ], [ 18.74109971086677, 57.719772089792606 ], [ 18.741090898811887, 57.719812503482025 ], [ 18.74104870435756, 57.719848239349886 ], [ 18.740968176029369, 57.719881162503363 ], [ 18.740862739250627, 57.719910193120299 ], [ 18.740761476270844, 57.719944286964406 ], [ 18.740668410234107, 57.719992289405837 ], [ 18.740587854070959, 57.720061006884649 ], [ 18.740561091998259, 57.720118115349528 ], [ 18.740560249220088, 57.720171985656542 ], [ 18.74056021881723, 57.720228637137858 ], [ 18.740586321708182, 57.720269824607556 ], [ 18.740625520273948, 57.720278940020037 ], [ 18.740682217991033, 57.720283521012114 ], [ 18.740789639165961, 57.720267334046632 ], [ 18.74089485320351, 57.720223827531413 ], [ 18.740995603115074, 57.720204376207789 ], [ 18.741104124541689, 57.720201859770064 ], [ 18.741210833695511, 57.720216583651094 ], [ 18.741307127660889, 57.720255964615134 ], [ 18.741392206095533, 57.720297962283283 ], [ 18.741454462293195, 57.720349588432811 ], [ 18.74146299515845, 57.720426294697219 ], [ 18.741505833448858, 57.72047777750317 ], [ 18.741588489767313, 57.720527531381272 ], [ 18.741672495349153, 57.720582083059277 ], [ 18.741750349977789, 57.720623951800675 ], [ 18.74182695391255, 57.720652127808918 ], [ 18.741894672220322, 57.720658467460588 ], [ 18.741936367063918, 57.720624247473054 ], [ 18.741942179010078, 57.720579659798346 ], [ 18.741890928096048, 57.720540619222824 ], [ 18.741827538864495, 57.720507890577899 ], [ 18.741708790504752, 57.720465991563103 ], [ 18.74161278399956, 57.720443773825068 ], [ 18.741546789177264, 57.72041424999793 ], [ 18.741495756574441, 57.720343331497872 ], [ 18.741497732192336, 57.72026065785721 ], [ 18.741452459313575, 57.720159565574733 ], [ 18.741420290567369, 57.72007818079399 ], [ 18.741452486928392, 57.720002137572465 ], [ 18.741493275594234, 57.719964788128848 ], [ 18.74150890294786, 57.719925783908877 ], [ 18.741441142765897, 57.719862092307949 ], [ 18.741360676526661, 57.719816048962983 ], [ 18.741287415292135, 57.719780104514435 ], [ 18.74118441193416, 57.719744221104861 ], [ 18.741093785868088, 57.719741183942553 ] ] ] } },
{ "type": "Feature", "properties": { "seadsgm": "SW294522", "lake_id": 200, "lake_area_m2": 1907.5071908831596, "localisedc": "sjö", "origin": "natural", "surfaceare": 1908 }, "geometry": { "type": "Polygon", "coordinates": [ [ [ 19.001896177594475, 57.847275622351475 ], [ 19.001745552418711, 57.847178350012157 ], [ 19.001688983401131, 57.847141813771678 ], [ 19.001644859018619, 57.847144662663105 ], [ 19.001611819838647, 57.847146786087706 ], [ 19.001287943717173, 57.84749439441083 ], [ 19.001253722168087, 57.847621324958467 ], [ 19.001294328836721, 57.847668795120924 ], [ 19.001743175881302, 57.847807804535108 ], [ 19.001879712386302, 57.847809213505421 ], [ 19.002017786265355, 57.847714017351628 ], [ 19.002030842312323, 57.84769537774892 ], [ 19.002114927570457, 57.847589928949681 ], [ 19.002132271839294, 57.847477954024818 ], [ 19.00208734263828, 57.847440132704108 ], [ 19.001896177594475, 57.847275622351475 ] ], [ [ 19.001908804957278, 57.847542955566524 ], [ 19.001957025804167, 57.847578163808457 ], [ 19.001980957642036, 57.847617546176089 ], [ 19.001965815033497, 57.847651870963169 ], [ 19.001894947271396, 57.847673054184796 ], [ 19.001761557655307, 57.847624358701246 ], [ 19.001424968351522, 57.847506584732855 ], [ 19.001642702822437, 57.847304425096794 ], [ 19.001895700429731, 57.847531212061661 ], [ 19.001908804957278, 57.847542955566524 ] ] ] } },
{ "type": "Feature", "properties": { "seadsgm": "SW295051", "lake_id": 204, "lake_area_m2": 19099.127463527024, "localisedc": "sjö", "origin": "natural", "surfaceare": 19099 }, "geometry": { "type": "Polygon", "coordinates": [ [ [ 18.74052917314075, 57.723358954591284 ], [ 18.740784552879454, 57.723333356634512 ], [ 18.74121349701975, 57.723293894804627 ], [ 18.741395059749991, 57.723265085961927 ], [ 18.741460525492087, 57.723165178045711 ], [ 18.741359608441979, 57.723054377032874 ], [ 18.741219942261903, 57.723033009178046 ], [ 18.740851651155186, 57.723026794868659 ], [ 18.740522458786948, 57.723049189470103 ], [ 18.740285456926426, 57.723074359787311 ], [ 18.739767148077384, 57.723032263198277 ], [ 18.739248856482078, 57.722990161799274 ], [ 18.738603273235139, 57.722965767965718 ], [ 18.73827271340593, 57.722956883380647 ], [ 18.738013521560518, 57.722949916515844 ], [ 18.737735821630462, 57.72292683610695 ], [ 18.737566654940551, 57.722881559023378 ], [ 18.737471695241751, 57.722844400967439 ], [ 18.737368768791335, 57.722822186880386 ], [ 18.737235076750764, 57.722874481971552 ], [ 18.737040775889525, 57.722859300458154 ], [ 18.736781419596443, 57.722835783531579 ], [ 18.736534041117203, 57.722846437193645 ], [ 18.73634845165564, 57.722939282617666 ], [ 18.736342296484754, 57.72297854621408 ], [ 18.736332567682489, 57.723018402666348 ], [ 18.736346936562761, 57.723070023557391 ], [ 18.736383595691542, 57.723140938405045 ], [ 18.736427936976884, 57.723236998168701 ], [ 18.736470418443943, 57.72333848838926 ], [ 18.736491561723099, 57.723432930908373 ], [ 18.736431468356237, 57.723491850506093 ], [ 18.73649012220023, 57.723563285497292 ], [ 18.736557379981626, 57.723614333849838 ], [ 18.736744717115794, 57.723707650587443 ], [ 18.736949852860803, 57.72378133820709 ], [ 18.737332943850614, 57.723742956931815 ], [ 18.737597103619471, 57.723712233191328 ], [ 18.737936256683685, 57.723699460162948 ], [ 18.738409919989831, 57.723644210406178 ], [ 18.738808956281357, 57.723575927254828 ], [ 18.739291792975095, 57.72352046662332 ], [ 18.739572316338585, 57.723464774172839 ], [ 18.739856017995571, 57.723448358674936 ], [ 18.740033172211273, 57.723478685759446 ], [ 18.740171227789666, 57.72348040251584 ], [ 18.740332436961751, 57.723427463938286 ], [ 18.74052917314075, 57.723358954591284 ] ], [ [ 18.740115554181219, 57.723256868988592 ], [ 18.74012611240633, 57.72327988734304 ], [ 18.740094390167673, 57.723317839552962 ], [ 18.740042703956707, 57.723323692079951 ], [ 18.739961962486007, 57.723292994496603 ], [ 18.739908005926328, 57.723270989414495 ], [ 18.739905743750363, 57.723243131617593 ], [ 18.73998122939927, 57.723208810944243 ], [ 18.740060469625611, 57.723220926201769 ], [ 18.740115554181219, 57.723256868988592 ] ], [ [ 18.737015391141394, 57.723305440081454 ], [ 18.737137650841262, 57.723311924637002 ], [ 18.737174996868173, 57.723343609900596 ], [ 18.737143296897059, 57.723381569435361 ], [ 18.737041032089042, 57.723407195046242 ], [ 18.736936117700836, 57.723400314247584 ], [ 18.73687199584743, 57.723359935471024 ], [ 18.736904086057592, 57.723326628830222 ], [ 18.737015391141394, 57.723305440081454 ] ] ] } },
{ "type": "Feature", "properties": { "seadsgm": "SW296679", "lake_id": 210, "lake_area_m2": 456532.44303431548, "localisedc": "sjö", "origin": "natural", "surfaceare": 456532 }, "geometry": { "type": "Polygon", "coordinates": [ [ [ 19.099203686558209, 57.938942619070502 ], [ 19.099325901800992, 57.938908313799089 ], [ 19.09933897057082, 57.938890528527082 ], [ 19.099345437213682, 57.938874862094686 ], [ 19.099349299901991, 57.938821359293222 ], [ 19.09934782443662, 57.938765789659911 ], [ 19.099345755755639, 57.93868818238915 ], [ 19.099345727899721, 57.938686420413482 ], [ 19.099315549800632, 57.938655670076855 ], [ 19.099254710078235, 57.938630199912311 ], [ 19.099168348714883, 57.938607955836311 ], [ 19.099022807965596, 57.938570222799846 ], [ 19.098779943789737, 57.938493117676103 ], [ 19.098639800014116, 57.938438799578933 ], [ 19.098523243010302, 57.938371030380154 ], [ 19.098424302741069, 57.938328555681849 ], [ 19.098397606282248, 57.938338050020697 ], [ 19.098360169438628, 57.938341111944091 ], [ 19.09833297172414, 57.938311002783749 ], [ 19.098409682692687, 57.938259149515211 ], [ 19.098462384394217, 57.938235048198685 ], [ 19.09866538191978, 57.938202206939408 ], [ 19.099018571969591, 57.938184595102037 ], [ 19.099091587968648, 57.9381866427129 ], [ 19.099247307323274, 57.938205153566606 ], [ 19.099317496394178, 57.93825090542294 ], [ 19.099414441361208, 57.938339008633243 ], [ 19.099737387104259, 57.938264614022479 ], [ 19.099785841543543, 57.9382652791219 ], [ 19.099910498856492, 57.938263076153085 ], [ 19.099985513538037, 57.938269682114196 ], [ 19.100015874920377, 57.938286784391984 ], [ 19.100087280515648, 57.938327998242009 ], [ 19.100189813041414, 57.93833396528138 ], [ 19.100244663227912, 57.938347400352448 ], [ 19.100438334314976, 57.938371320118243 ], [ 19.100478928995685, 57.938375160946116 ], [ 19.100698167178766, 57.938395889787635 ], [ 19.100793555120852, 57.9384280561681 ], [ 19.100816792971241, 57.938470889800463 ], [ 19.100921870700905, 57.938493204112724 ], [ 19.101086147671904, 57.938497210250027 ], [ 19.101151026226628, 57.938524636824184 ], [ 19.101158957070854, 57.938549611839207 ], [ 19.101168882198017, 57.938591968961653 ], [ 19.101202990412439, 57.938628705964305 ], [ 19.101280226476867, 57.938631261389105 ], [ 19.101351141871916, 57.938627270298589 ], [ 19.101405841445999, 57.938639306914112 ], [ 19.101437343956903, 57.938660606847762 ], [ 19.101453959352963, 57.938695039804706 ], [ 19.101402426135955, 57.938778849268672 ], [ 19.101423692683301, 57.938824508286267 ], [ 19.101466969172517, 57.938874283557695 ], [ 19.101539280803678, 57.93891111834408 ], [ 19.101703582224054, 57.938961341940285 ], [ 19.101792652696336, 57.93896796895762 ], [ 19.101851320245309, 57.93899514370689 ], [ 19.102006322606691, 57.939088751531578 ], [ 19.102171518363182, 57.939080472091405 ], [ 19.102272686733443, 57.939099618656599 ], [ 19.102299317934097, 57.939100825812986 ], [ 19.102349930762166, 57.939107940418232 ], [ 19.102423777218327, 57.939136593477599 ], [ 19.102543707007005, 57.9392065509875 ], [ 19.102581438197166, 57.939259293298363 ], [ 19.102610608133208, 57.939263063734785 ], [ 19.102654644479735, 57.939268761869464 ], [ 19.102813727008471, 57.939256253380996 ], [ 19.10290899830904, 57.939240053717555 ], [ 19.102992787780799, 57.939201123367909 ], [ 19.103019524248001, 57.939172483164477 ], [ 19.103026251753231, 57.939163084631709 ], [ 19.10312798278003, 57.939048264258901 ], [ 19.103159039180472, 57.939013216575752 ], [ 19.103252274748009, 57.93883809841202 ], [ 19.103351331210352, 57.938757453955866 ], [ 19.10340094890708, 57.938733406348533 ], [ 19.103464230942592, 57.93870886199457 ], [ 19.103484065228141, 57.938692574263818 ], [ 19.103518067944083, 57.938558299419142 ], [ 19.10349995634478, 57.93853137712744 ], [ 19.103461312512859, 57.93849282689731 ], [ 19.103415388441473, 57.938463820419969 ], [ 19.103230300296001, 57.938398154967388 ], [ 19.103121385950949, 57.938390677744984 ], [ 19.103064331193966, 57.938387001131673 ], [ 19.102976687458394, 57.938348210694897 ], [ 19.102837013216348, 57.938233265690862 ], [ 19.102833498611584, 57.938200422485281 ], [ 19.102877906943529, 57.93812509728604 ], [ 19.102901769802283, 57.938071900426792 ], [ 19.102903657731659, 57.938031141689343 ], [ 19.102862382065908, 57.938017369867431 ], [ 19.102686570619898, 57.938012252714962 ], [ 19.102665825595185, 57.93799052407487 ], [ 19.10269959814817, 57.937937061765346 ], [ 19.102781568127504, 57.937871402463266 ], [ 19.102867146759031, 57.937807993034632 ], [ 19.102963749355688, 57.937738470865007 ], [ 19.10304891808174, 57.937702103904719 ], [ 19.103141976376854, 57.937673369738803 ], [ 19.103196007879284, 57.937641291516975 ], [ 19.103214988107101, 57.937604825278385 ], [ 19.103251482582948, 57.937561246141442 ], [ 19.103323988655447, 57.937519191887098 ], [ 19.103445118877897, 57.937461097820282 ], [ 19.103559240100733, 57.937407195112208 ], [ 19.103673193759249, 57.937347930040232 ], [ 19.104133713104257, 57.937091037216085 ], [ 19.104842529494711, 57.936852675032341 ], [ 19.104949483689001, 57.936816914839511 ], [ 19.105095250833767, 57.936773253600506 ], [ 19.105281521234105, 57.93673423571795 ], [ 19.105821372078623, 57.936670632010753 ], [ 19.105937860485099, 57.93665912866264 ], [ 19.105984813675253, 57.93665484106883 ], [ 19.106020673552088, 57.936661035253678 ], [ 19.106074661241383, 57.936680572488669 ], [ 19.10611689539239, 57.936676022615977 ], [ 19.106201600828111, 57.936639839651576 ], [ 19.106319340642361, 57.936619142955387 ], [ 19.106361793788327, 57.936611240167785 ], [ 19.106601568789873, 57.936571389008044 ], [ 19.106850072827317, 57.936575081077976 ], [ 19.107005003131253, 57.936579500424358 ], [ 19.107156558093173, 57.936586887201578 ], [ 19.107184383763563, 57.936589385033557 ], [ 19.107256246251566, 57.936606914051545 ], [ 19.107383586207217, 57.93665533426195 ], [ 19.107487982639068, 57.936659004500207 ], [ 19.107662673172278, 57.936680201525654 ], [ 19.10768274013007, 57.936701251020033 ], [ 19.107771798284329, 57.936775548692189 ], [ 19.107947216247815, 57.936887425800769 ], [ 19.108016085282941, 57.936932098299856 ], [ 19.108083135582497, 57.936978478367323 ], [ 19.108326059300438, 57.937147760817432 ], [ 19.108459776849024, 57.937216601262712 ], [ 19.108542018049842, 57.937258289541894 ], [ 19.108628665716122, 57.937272478557631 ], [ 19.108839477065096, 57.937362328393895 ], [ 19.109018087813219, 57.937408863036197 ], [ 19.10925457507339, 57.937411879248671 ], [ 19.10949184218893, 57.937378512173524 ], [ 19.109634861121361, 57.937345628318141 ], [ 19.109740095684273, 57.93734138381717 ], [ 19.109805214711916, 57.93731441005464 ], [ 19.109932229483235, 57.937261442771586 ], [ 19.109969299840596, 57.937251807524341 ], [ 19.110059601273054, 57.937205684445686 ], [ 19.110128316731181, 57.937172848728039 ], [ 19.110194815413305, 57.937120293464268 ], [ 19.110239773597623, 57.936987116966037 ], [ 19.110231927761184, 57.936892135716299 ], [ 19.110007800781293, 57.93663710914344 ], [ 19.109930837092421, 57.936546989954991 ], [ 19.109859854076742, 57.936481344260898 ], [ 19.109749611907073, 57.936370801270662 ], [ 19.109716607443094, 57.936312180121028 ], [ 19.109706993936761, 57.936223881752994 ], [ 19.109728126994202, 57.936149173687838 ], [ 19.10974218477854, 57.93610424230944 ], [ 19.109746562897499, 57.936072034873725 ], [ 19.109703672987031, 57.936030827067988 ], [ 19.109657957385362, 57.93597337278392 ], [ 19.109649106490249, 57.935962256652047 ], [ 19.109597139507713, 57.93589273924762 ], [ 19.109533330017392, 57.935861543613264 ], [ 19.109446200990106, 57.935792499674399 ], [ 19.109448676315882, 57.935745398982661 ], [ 19.109474365107694, 57.935718273063948 ], [ 19.10956260848895, 57.935693861117763 ], [ 19.109600719402753, 57.935670108920093 ], [ 19.109595779571638, 57.935640082498203 ], [ 19.109576056825016, 57.935629399682966 ], [ 19.109494500771032, 57.935585525291692 ], [ 19.10948766855995, 57.935580503997222 ], [ 19.109271711550029, 57.935421608468502 ], [ 19.109148854360328, 57.935288435304486 ], [ 19.109076202716476, 57.935200964178179 ], [ 19.108904184083151, 57.935104247464267 ], [ 19.108567057256089, 57.935025772110663 ], [ 19.108514245298501, 57.935028472148957 ], [ 19.108424538098248, 57.935014838855473 ], [ 19.108285280279805, 57.934983279700845 ], [ 19.10815366159833, 57.934966390643986 ], [ 19.108065556029139, 57.934947706385827 ], [ 19.107862035149971, 57.934884993655878 ], [ 19.107785241647594, 57.934859260297024 ], [ 19.107605865640611, 57.934826904722527 ], [ 19.107458811028913, 57.934839884316169 ], [ 19.107354856692844, 57.934896886518111 ], [ 19.107338370058613, 57.934911376141535 ], [ 19.10724480837743, 57.934934683177325 ], [ 19.107168108273651, 57.934937830935539 ], [ 19.107001191782008, 57.934927433288756 ], [ 19.106921559320206, 57.934899031719304 ], [ 19.106626416878246, 57.93479177450692 ], [ 19.106437512759666, 57.934757512726229 ], [ 19.106429841891973, 57.934756268111634 ], [ 19.106235229508965, 57.934724853746957 ], [ 19.10610600059664, 57.934689073138436 ], [ 19.105909681927702, 57.934636743321605 ], [ 19.105673106593894, 57.93456551832471 ], [ 19.105368256072897, 57.934430263121008 ], [ 19.105288227569385, 57.934414329912009 ], [ 19.105115917913054, 57.934418751826449 ], [ 19.105072612051227, 57.934436214123537 ], [ 19.104992056962196, 57.934468663946276 ], [ 19.104945778242755, 57.934441935185262 ], [ 19.104864595145418, 57.934405723116342 ], [ 19.104813897453411, 57.934403371938785 ], [ 19.104644455968714, 57.934410569778287 ], [ 19.104552917593828, 57.934421974137869 ], [ 19.104534545092413, 57.934428063428939 ], [ 19.104486797281396, 57.934443860216568 ], [ 19.10435798209215, 57.934516368613011 ], [ 19.104357845231874, 57.934570335198039 ], [ 19.104325187233108, 57.934582811816533 ], [ 19.104251180388651, 57.934587056206134 ], [ 19.104214173710734, 57.934597381483698 ], [ 19.104131947014224, 57.934624894730796 ], [ 19.104091283097201, 57.934624025524634 ], [ 19.104045892132394, 57.93461141248919 ], [ 19.103893115220796, 57.934561337631521 ], [ 19.103774602186029, 57.934528788783844 ], [ 19.103288342682511, 57.934385081613406 ], [ 19.10318780243507, 57.934355645864443 ], [ 19.102692613546338, 57.934188295740967 ], [ 19.102536540127055, 57.934108473308861 ], [ 19.102464587494485, 57.934029843234079 ], [ 19.102426516177523, 57.933971904565936 ], [ 19.102369013347111, 57.933944306186092 ], [ 19.102255935076368, 57.933900267559736 ], [ 19.102248678653645, 57.933858651885096 ], [ 19.102231205426964, 57.933800442426183 ], [ 19.102183464645645, 57.933775990470565 ], [ 19.102047043756603, 57.933746624910981 ], [ 19.101834458619837, 57.933686999339166 ], [ 19.101737846123605, 57.933641771601422 ], [ 19.101631562926705, 57.933592961810234 ], [ 19.101320208640125, 57.933470796536639 ], [ 19.101215310017984, 57.933422246821188 ], [ 19.101069481407034, 57.933398159009819 ], [ 19.100905034472646, 57.933391809761204 ], [ 19.100888303189855, 57.933408293221163 ], [ 19.100765686956841, 57.933534379601376 ], [ 19.100611871735683, 57.933628633611988 ], [ 19.100468522194173, 57.933699467169689 ], [ 19.100290545170715, 57.933754701783364 ], [ 19.100219093579692, 57.933758323410885 ], [ 19.100155811200541, 57.933741826166084 ], [ 19.100033683437452, 57.933709373174501 ], [ 19.099981332880734, 57.933723400412738 ], [ 19.099924199922651, 57.933752870659085 ], [ 19.099666218977738, 57.93389753784686 ], [ 19.099427471094334, 57.934079303844946 ], [ 19.09934979956487, 57.934137404053693 ], [ 19.099227785761158, 57.934283943271694 ], [ 19.099166233128901, 57.934352798021365 ], [ 19.099100744467101, 57.934393255541593 ], [ 19.09903810109455, 57.93440708577193 ], [ 19.098954186270632, 57.934433941020146 ], [ 19.098825590924807, 57.934483308335963 ], [ 19.098727773542048, 57.934525843914052 ], [ 19.098670078094205, 57.934562337115587 ], [ 19.098618637967082, 57.93465029608091 ], [ 19.098628939204758, 57.934681741216473 ], [ 19.09867955787557, 57.934744570852445 ], [ 19.098667440435303, 57.934811964679739 ], [ 19.098552038033258, 57.934799828402376 ], [ 19.098491281689924, 57.934776326744412 ], [ 19.098470614746397, 57.934793709731125 ], [ 19.098414334084875, 57.934844336945737 ], [ 19.098284142224092, 57.934922979878422 ], [ 19.098193627638537, 57.934982572010256 ], [ 19.097937300593031, 57.935145622970182 ], [ 19.097834339711042, 57.935192154806941 ], [ 19.097686831762765, 57.935218050712756 ], [ 19.097612815507496, 57.93523416180178 ], [ 19.097578210487601, 57.935288982132874 ], [ 19.097462232893584, 57.93531463238935 ], [ 19.097402080144899, 57.935280074642222 ], [ 19.097293450140139, 57.935259007333308 ], [ 19.09721028943515, 57.935199482532973 ], [ 19.097172731035371, 57.935130061704534 ], [ 19.097136893945173, 57.935028923812496 ], [ 19.097021397025369, 57.934942614574275 ], [ 19.096915938222633, 57.934904404197916 ], [ 19.096779272178626, 57.934890175693745 ], [ 19.096702783463204, 57.934882447640476 ], [ 19.096658789689599, 57.934861512588469 ], [ 19.096633389451767, 57.934822956638378 ], [ 19.096614099685677, 57.934781450436894 ], [ 19.096577876344302, 57.934760319387514 ], [ 19.096484315464238, 57.934748745046797 ], [ 19.096428846968422, 57.934742199914218 ], [ 19.096366986305174, 57.934714504655503 ], [ 19.096305371635175, 57.934653225609743 ], [ 19.095941758445161, 57.934375728826744 ], [ 19.095881916528111, 57.934354721110786 ], [ 19.09580145396394, 57.934326475657656 ], [ 19.095741525606073, 57.934316864577688 ], [ 19.095648368455326, 57.934344995034891 ], [ 19.095571985833502, 57.934389993205713 ], [ 19.095425776939393, 57.93449072165533 ], [ 19.09536119902377, 57.934516985508942 ], [ 19.095285444197351, 57.934523351281292 ], [ 19.095136184013416, 57.934508403474176 ], [ 19.094604081383597, 57.934315623559627 ], [ 19.094382790593357, 57.934219893913024 ], [ 19.094325526968575, 57.934190503845876 ], [ 19.094278695176914, 57.934198660239929 ], [ 19.094212088613805, 57.934236598001874 ], [ 19.094143377014781, 57.934257598413382 ], [ 19.093890692433884, 57.934267171217492 ], [ 19.09372981571644, 57.934268477764242 ], [ 19.093561459435453, 57.934291713312192 ], [ 19.093468374415686, 57.934314480945289 ], [ 19.093261760076, 57.934442217554412 ], [ 19.093116506575551, 57.934527490021082 ], [ 19.092982552780217, 57.934590457461638 ], [ 19.092732216271106, 57.934702615726366 ], [ 19.092630075625948, 57.934753057435778 ], [ 19.092549628057508, 57.934788867711099 ], [ 19.092461586882663, 57.934856693996075 ], [ 19.092375114099017, 57.935066311457206 ], [ 19.092374698022883, 57.935259557740281 ], [ 19.092376235527887, 57.935273986515874 ], [ 19.092411590079102, 57.935328138525591 ], [ 19.092598133517594, 57.935394149757606 ], [ 19.09280597903193, 57.93547445477418 ], [ 19.093015493836599, 57.935598281221104 ], [ 19.093080862576773, 57.935636916355648 ], [ 19.093147426848798, 57.935696968099577 ], [ 19.093169367129512, 57.935753135461134 ], [ 19.093160312214689, 57.935793398358825 ], [ 19.093129690178166, 57.935820587645857 ], [ 19.093013465528909, 57.935853741034713 ], [ 19.092846666307505, 57.935954708856762 ], [ 19.092786154202916, 57.935984958656817 ], [ 19.092710715612398, 57.936000789964744 ], [ 19.092625075774681, 57.936007734132623 ], [ 19.092551834762723, 57.936030677667588 ], [ 19.092481705144362, 57.936080769549406 ], [ 19.092432357162195, 57.936108878694299 ], [ 19.092368679691827, 57.936121722417667 ], [ 19.09205749945162, 57.936073336773738 ], [ 19.091983610899657, 57.936071339683529 ], [ 19.091924389738697, 57.936096772532387 ], [ 19.091816196759986, 57.936169842955323 ], [ 19.091714514397758, 57.936207911394483 ], [ 19.091648129994709, 57.936213740062492 ], [ 19.091483253871964, 57.936182132479871 ], [ 19.091413043913153, 57.936169533638655 ], [ 19.091354673772361, 57.936159051342663 ], [ 19.091257932767874, 57.936152835701989 ], [ 19.091110159092722, 57.936178137407978 ], [ 19.091051901725326, 57.936206166598147 ], [ 19.09104688879431, 57.936211291899667 ], [ 19.091008122711557, 57.93625091861054 ], [ 19.090995920142685, 57.936296542840665 ], [ 19.091066882884807, 57.936407089630322 ], [ 19.091108195893113, 57.936464709541433 ], [ 19.09111324100925, 57.936490724272453 ], [ 19.091050595293574, 57.936524800424628 ], [ 19.090860097460862, 57.936522489536905 ], [ 19.090829596337727, 57.93662602646657 ], [ 19.090910645893032, 57.936885931666467 ], [ 19.090928532167055, 57.936957184783445 ], [ 19.090919940083516, 57.93699747644861 ], [ 19.090864509472667, 57.937050033071124 ], [ 19.090778596778133, 57.937119732274873 ], [ 19.090711333277337, 57.937186248516404 ], [ 19.090705439371302, 57.937200016758922 ], [ 19.090829793305357, 57.937193156338985 ], [ 19.090951557999038, 57.93718697420671 ], [ 19.09124041764953, 57.937225239485507 ], [ 19.091311073797666, 57.937237968968709 ], [ 19.091406665526272, 57.937266306925615 ], [ 19.091595399669973, 57.937488351902921 ], [ 19.091670534509571, 57.937576724762835 ], [ 19.091717179912358, 57.937612807410858 ], [ 19.091860356022732, 57.937670677211521 ], [ 19.092093958629249, 57.93771198906726 ], [ 19.09255670921625, 57.937793830934858 ], [ 19.092747058373259, 57.937817584029233 ], [ 19.093305575985568, 57.937878350239743 ], [ 19.09355017100226, 57.937930239966505 ], [ 19.09367993192641, 57.937954773775445 ], [ 19.093881032306886, 57.937958843884935 ], [ 19.093979836265646, 57.937958633325103 ], [ 19.094063088347522, 57.937954167080797 ], [ 19.094113873427922, 57.937974910317358 ], [ 19.094171221314877, 57.938023516011718 ], [ 19.09420716643432, 57.93805847652078 ], [ 19.094424824697615, 57.938083286773335 ], [ 19.094618509409742, 57.93814457765523 ], [ 19.094845425845858, 57.93813315488395 ], [ 19.094972925929181, 57.938120704928096 ], [ 19.095057838399089, 57.938128908744595 ], [ 19.09514327186891, 57.938162085439032 ], [ 19.095276102565428, 57.938229861522693 ], [ 19.09544882934356, 57.938302303753801 ], [ 19.095521824505536, 57.938323561274728 ], [ 19.095915953835441, 57.938322853980509 ], [ 19.095991841507583, 57.938323660325445 ], [ 19.096071854300749, 57.938341516544106 ], [ 19.096167664725652, 57.938401154176624 ], [ 19.096208110076457, 57.938427275286855 ], [ 19.096246529057741, 57.938462840363293 ], [ 19.096259266677361, 57.938541758476461 ], [ 19.096232989625236, 57.938604706752606 ], [ 19.096096347962408, 57.938774717476839 ], [ 19.096067300226416, 57.938818815786234 ], [ 19.096067204588181, 57.938903346734982 ], [ 19.096208582389199, 57.939075784162391 ], [ 19.096237851343862, 57.939127598262509 ], [ 19.096242110641352, 57.939173095686719 ], [ 19.0961917680855, 57.939215868230754 ], [ 19.096133393166433, 57.93924142935694 ], [ 19.096015186312322, 57.939258588069421 ], [ 19.095894022791093, 57.939265681982008 ], [ 19.095730620969178, 57.939303589701495 ], [ 19.09524735765179, 57.939494963420309 ], [ 19.095167706555785, 57.939536955757568 ], [ 19.095021428718169, 57.939634879825405 ], [ 19.094973865880952, 57.939695305016578 ], [ 19.094941044917643, 57.93981207471613 ], [ 19.094933246284477, 57.939927382784894 ], [ 19.095088342470873, 57.94023266104842 ], [ 19.095141398978299, 57.940277475179663 ], [ 19.095267705725412, 57.940335615759672 ], [ 19.095298098677347, 57.940349598534418 ], [ 19.095524573821848, 57.940438523455697 ], [ 19.095602583421702, 57.940479520099309 ], [ 19.095642553380529, 57.940515494160486 ], [ 19.095649458827683, 57.940568701902784 ], [ 19.095606708058067, 57.940649303226238 ], [ 19.095543759623958, 57.940722066900555 ], [ 19.095529527366942, 57.940780542894196 ], [ 19.095615794775593, 57.94082733443134 ], [ 19.095836168267379, 57.940906455928754 ], [ 19.096082851118403, 57.940969694100247 ], [ 19.096460751181077, 57.941038777428098 ], [ 19.09651037692122, 57.941044971276185 ], [ 19.096789639801045, 57.941079839610879 ], [ 19.096973956919769, 57.941094615849352 ], [ 19.097214763269573, 57.941097884369675 ], [ 19.097539847902773, 57.941078855327156 ], [ 19.097787104674051, 57.941072669833488 ], [ 19.09788469790497, 57.941082242888093 ], [ 19.098075644130329, 57.941136199211989 ], [ 19.098232312036256, 57.941169995751039 ], [ 19.098261711779855, 57.941176348117629 ], [ 19.098766857613072, 57.941229956697931 ], [ 19.099007043204452, 57.94123226055671 ], [ 19.099158648892974, 57.941231987213527 ], [ 19.099531283403266, 57.94111299694152 ], [ 19.099827701601246, 57.941025450916321 ], [ 19.099927224644087, 57.940918779305981 ], [ 19.100082416631164, 57.940701359844908 ], [ 19.100162938238331, 57.940369104929047 ], [ 19.100238563998129, 57.940161531268068 ], [ 19.100260952199143, 57.940054403086229 ], [ 19.100250839110746, 57.940046097667427 ], [ 19.100231172803841, 57.94000316609916 ], [ 19.100183888122427, 57.939938826355437 ], [ 19.10013962557484, 57.939924357603047 ], [ 19.100013232917593, 57.939936065587972 ], [ 19.099913502912226, 57.939960455255999 ], [ 19.099546301832071, 57.939928193189822 ], [ 19.099479352868276, 57.939913155217944 ], [ 19.099258073908288, 57.939889161854566 ], [ 19.099001751181053, 57.93987285755604 ], [ 19.098991133173882, 57.93985210309134 ], [ 19.0989812069718, 57.939784848290095 ], [ 19.098830112389415, 57.939700328973721 ], [ 19.098773114064713, 57.939657540414728 ], [ 19.098539303351618, 57.939475555312221 ], [ 19.09856924565813, 57.939383423740324 ], [ 19.098607572575851, 57.93935806987637 ], [ 19.098729611443897, 57.93929950120117 ], [ 19.098876637319165, 57.939218130027626 ], [ 19.098892538003149, 57.93918754659061 ], [ 19.098944272978212, 57.939120052075239 ], [ 19.099002776206696, 57.939091150712891 ], [ 19.099098205243752, 57.93903800749716 ], [ 19.099135930099767, 57.93900297818891 ], [ 19.099203686558209, 57.938942619070502 ] ], [ [ 19.099681937889649, 57.935549653061464 ], [ 19.099673327489093, 57.935546614046658 ], [ 19.099613872683513, 57.935515299256011 ], [ 19.099522557638494, 57.935444046061285 ], [ 19.099442071127623, 57.935428868193092 ], [ 19.099250380712999, 57.93543132857473 ], [ 19.099223286477329, 57.935353458375133 ], [ 19.099232041869023, 57.935277955846971 ], [ 19.09927929811986, 57.935267006783803 ], [ 19.099380545995704, 57.935239608974456 ], [ 19.099531359142148, 57.935161991321849 ], [ 19.099567728561457, 57.935141876961872 ], [ 19.099650877167683, 57.93511213284048 ], [ 19.09974660258387, 57.935074116345106 ], [ 19.09983694441912, 57.934972408405208 ], [ 19.099831186379081, 57.934902544797637 ], [ 19.099762932552196, 57.934856192941368 ], [ 19.099671307861591, 57.934787709452536 ], [ 19.099692983111943, 57.934681719571635 ], [ 19.099744062173304, 57.934662111238509 ], [ 19.100096396290745, 57.934858340765693 ], [ 19.100028584594821, 57.934968589780802 ], [ 19.100071238610397, 57.935004879651565 ], [ 19.10012140636573, 57.935045954115218 ], [ 19.100097951889484, 57.935096241542716 ], [ 19.1002416709564, 57.935303309852067 ], [ 19.100250354670795, 57.935437014491107 ], [ 19.100282195869241, 57.935500917904903 ], [ 19.100319369265449, 57.935559900445917 ], [ 19.100323937251051, 57.935600182657744 ], [ 19.100256475363995, 57.935624456626989 ], [ 19.100224313309429, 57.935608699110752 ], [ 19.100116256815255, 57.93555979160481 ], [ 19.100027585768323, 57.935557451391077 ], [ 19.099681937889649, 57.935549653061464 ] ], [ [ 19.096547760530743, 57.935638956636026 ], [ 19.096546979688124, 57.935630088444441 ], [ 19.096599900341044, 57.935568141569867 ], [ 19.096650057123476, 57.935525886257501 ], [ 19.096671303155471, 57.93550003935276 ], [ 19.0967286220307, 57.935504125137591 ], [ 19.096784988715914, 57.935539218156627 ], [ 19.096804083406468, 57.935574596805658 ], [ 19.09680330704148, 57.935609097791996 ], [ 19.096735288744618, 57.935655859499718 ], [ 19.096660753645647, 57.935675898886245 ], [ 19.096598648793545, 57.935677185938779 ], [ 19.096567188798701, 57.935668506846987 ], [ 19.096547760530743, 57.935638956636026 ] ], [ [ 19.095030693121714, 57.937735595228162 ], [ 19.095162763191542, 57.937707351272849 ], [ 19.095173965260148, 57.937704956877177 ], [ 19.09519055552105, 57.937709123955692 ], [ 19.095203311093318, 57.937742055407142 ], [ 19.095145504628086, 57.937825265404932 ], [ 19.095060208583327, 57.937876072056426 ], [ 19.095003658862655, 57.937898515661985 ], [ 19.094965264555565, 57.937901938981334 ], [ 19.094935644797875, 57.937864030370086 ], [ 19.094938394383711, 57.937780522483784 ], [ 19.095030693121714, 57.937735595228162 ] ], [ [ 19.09740671952315, 57.938441526102217 ], [ 19.097923224281775, 57.938394310841609 ], [ 19.097977900473587, 57.938394442028446 ], [ 19.098000618722775, 57.938394500928503 ], [ 19.09808755530479, 57.938413912748658 ], [ 19.098101150507169, 57.938420909402318 ], [ 19.098085250045688, 57.938440217357567 ], [ 19.097985030830316, 57.938472155841339 ], [ 19.097901244875921, 57.938498854540285 ], [ 19.097791288865885, 57.938549208022764 ], [ 19.097594708526557, 57.938731289732445 ], [ 19.097480870203096, 57.938812299143059 ], [ 19.097336782395594, 57.938898375060504 ], [ 19.097262037196248, 57.938942449660182 ], [ 19.097196997443948, 57.93896364037748 ], [ 19.097130950346191, 57.938967471947684 ], [ 19.097013680405464, 57.938930479186553 ], [ 19.096734420486865, 57.93877678997859 ], [ 19.096795656128421, 57.938694493749509 ], [ 19.096982881787902, 57.938589113855883 ], [ 19.097317137451647, 57.93846294291086 ], [ 19.09740671952315, 57.938441526102217 ] ] ] } },
{ "type": "Feature", "properties": { "seadsgm": "SW293643", "lake_id": 217, "lake_area_m2": 14312.153541862965, "localisedc": "sjö", "origin": "natural", "surfaceare": 14312 }, "geometry": { "type": "Polygon", "coordinates": [ [ [ 18.26517861419596, 57.502811322885336 ], [ 18.265305316653389, 57.502809533337711 ], [ 18.265448110327512, 57.502788817879733 ], [ 18.265655951719896, 57.502773646088549 ], [ 18.265718556851091, 57.502756517466644 ], [ 18.265731734454242, 57.502710566436626 ], [ 18.265693421438709, 57.502672726132765 ], [ 18.265689604471763, 57.502618630222209 ], [ 18.265696523680472, 57.502570712594483 ], [ 18.265713241392124, 57.502520309254109 ], [ 18.265725966248088, 57.50245160133472 ], [ 18.265665231915072, 57.502411214615655 ], [ 18.265612030426368, 57.502366254571932 ], [ 18.265580637031519, 57.502280494411139 ], [ 18.265571239488825, 57.502249340207314 ], [ 18.265509053845058, 57.5022144203705 ], [ 18.265435099837674, 57.502163596292164 ], [ 18.265390771408178, 57.502125949037499 ], [ 18.265377841822318, 57.502080819151175 ], [ 18.26539840665826, 57.501991268299989 ], [ 18.265382927263172, 57.501922356122932 ], [ 18.26538535203423, 57.501795423300031 ], [ 18.265300389047081, 57.501679894473511 ], [ 18.265254939079863, 57.501594572967591 ], [ 18.265163419557638, 57.501455394081333 ], [ 18.265060383180881, 57.501340423225095 ], [ 18.265004731395667, 57.50121638821026 ], [ 18.26496492000188, 57.501146065264294 ], [ 18.26488203287607, 57.500993611538526 ], [ 18.264829809230967, 57.500864040760035 ], [ 18.264836599727566, 57.500815038012057 ], [ 18.264830018245551, 57.50071658032919 ], [ 18.264827549805922, 57.500637506051262 ], [ 18.26476119544699, 57.500528256410476 ], [ 18.264721934014311, 57.500406961358557 ], [ 18.264666623684832, 57.500286169723339 ], [ 18.264636330692927, 57.500173262631371 ], [ 18.264582812071868, 57.500050251944423 ], [ 18.264526671087868, 57.499921886381564 ], [ 18.264502726949331, 57.499830477394411 ], [ 18.264479604918904, 57.49974662494602 ], [ 18.264455684062984, 57.499711587138052 ], [ 18.264426247499124, 57.499662631588556 ], [ 18.264401430324451, 57.499610444513202 ], [ 18.264448723178322, 57.499563430177346 ], [ 18.264495887065223, 57.499533769392436 ], [ 18.264499604386902, 57.499493527945425 ], [ 18.264458984414397, 57.499485564623427 ], [ 18.264399624480649, 57.499481472807844 ], [ 18.264350477362296, 57.499492770321346 ], [ 18.264298030900058, 57.499510666723232 ], [ 18.264247706021969, 57.499529587888823 ], [ 18.264217204145837, 57.499564149903939 ], [ 18.264184904008804, 57.499600942068497 ], [ 18.264173274401283, 57.499642512005344 ], [ 18.264107915105058, 57.499690084027485 ], [ 18.264062171097525, 57.499714289512511 ], [ 18.264040515846865, 57.4997561629283 ], [ 18.263984309779879, 57.49983272946664 ], [ 18.263963895989807, 57.499904925935866 ], [ 18.263960829969854, 57.499970076353826 ], [ 18.263958861728966, 57.500026525427849 ], [ 18.263986152204602, 57.500092893458479 ], [ 18.26404358252638, 57.500139893096907 ], [ 18.264176816463959, 57.500180191758588 ], [ 18.2642697980477, 57.500220661399048 ], [ 18.264366206820121, 57.500255595313327 ], [ 18.264378521532322, 57.500313757169387 ], [ 18.264383054268457, 57.500355907104684 ], [ 18.264401152288276, 57.500411726822719 ], [ 18.26438958644064, 57.500491236953252 ], [ 18.264344090897563, 57.500517593348675 ], [ 18.264276569725503, 57.500507772105827 ], [ 18.264221090001708, 57.500497577567948 ], [ 18.264157053056856, 57.50052018070518 ], [ 18.264114847793579, 57.500558361715846 ], [ 18.264093288974944, 57.500601318942493 ], [ 18.264068545326925, 57.500651975964125 ], [ 18.26405344612597, 57.500717499410555 ], [ 18.264076866996838, 57.500766648122926 ], [ 18.26419632758687, 57.500791105358147 ], [ 18.264272220849261, 57.500803918308279 ], [ 18.264372985970496, 57.500841965440351 ], [ 18.264358040132169, 57.500904546435741 ], [ 18.264285420938531, 57.500903558652467 ], [ 18.264227673667168, 57.500909693327934 ], [ 18.264207075022579, 57.500942866479946 ], [ 18.264224858918539, 57.500977012057923 ], [ 18.264239148177527, 57.501007815828089 ], [ 18.264299170697374, 57.501105885988778 ], [ 18.264328439032813, 57.501190630499948 ], [ 18.264335955190646, 57.50129773689924 ], [ 18.264364723401052, 57.501396590042212 ], [ 18.264414275795826, 57.501501295525848 ], [ 18.264492962513053, 57.501735856022265 ], [ 18.264531031016098, 57.501864777419151 ], [ 18.264587263187135, 57.501994218168988 ], [ 18.264624799890807, 57.502080870640881 ], [ 18.264671709793838, 57.502217114530197 ], [ 18.264709358738411, 57.50238110491776 ], [ 18.264720603047582, 57.502522793257995 ], [ 18.264749284520253, 57.502602132315154 ], [ 18.264802210786414, 57.502663361562178 ], [ 18.264891469682123, 57.502725958487261 ], [ 18.264988579865093, 57.502767380744949 ], [ 18.26517861419596, 57.502811322885336 ] ], [ [ 18.264567182357169, 57.500800675594071 ], [ 18.264506032912635, 57.500793917658044 ], [ 18.264445729170042, 57.500776276891408 ], [ 18.264366917098673, 57.500736456509514 ], [ 18.26433095497158, 57.500701800719256 ], [ 18.264332092409706, 57.500656225271328 ], [ 18.264358231373979, 57.500618541438392 ], [ 18.264449883562097, 57.500609173907542 ], [ 18.264567343997818, 57.500615265796704 ], [ 18.264624929076177, 57.500644910954051 ], [ 18.264678578099776, 57.500694191846343 ], [ 18.26470066089783, 57.500768318534178 ], [ 18.264660948333315, 57.500792330705465 ], [ 18.264567182357169, 57.500800675594071 ] ] ] } },
{ "type": "Feature", "properties": { "seadsgm": "SW295663", "lake_id": 227, "lake_area_m2": 9614.2778205275536, "localisedc": "sjö", "origin": "natural", "surfaceare": 9614 }, "geometry": { "type": "Polygon", "coordinates": [ [ [ 18.787245514289197, 57.677024692164878 ], [ 18.786896593252973, 57.677064359838994 ], [ 18.786690328935251, 57.677105154160969 ], [ 18.78662669029271, 57.67714708774372 ], [ 18.786615839623447, 57.677219215200004 ], [ 18.78665373502033, 57.677272222893386 ], [ 18.78665962623122, 57.677343956272942 ], [ 18.786638572549773, 57.677393866015791 ], [ 18.78658330441635, 57.677435603637534 ], [ 18.786589195528112, 57.677507337020231 ], [ 18.78669920272111, 57.677621535434426 ], [ 18.786720348509721, 57.677674937428307 ], [ 18.78664798429045, 57.677712582106871 ], [ 18.786668129923743, 57.677855853153723 ], [ 18.786532947607846, 57.67804770555238 ], [ 18.786529366188805, 57.678106181473055 ], [ 18.787057649673649, 57.678412669201698 ], [ 18.787139605113914, 57.678491588300275 ], [ 18.787244817923618, 57.678547506473315 ], [ 18.787311771403164, 57.678545932481939 ], [ 18.787359047142278, 57.678508874667997 ], [ 18.78740890454705, 57.678503209932586 ], [ 18.787547956231691, 57.678562824343757 ], [ 18.787632020961823, 57.678565329416891 ], [ 18.787653073882215, 57.678515419524032 ], [ 18.787742198212587, 57.678477388303079 ], [ 18.787791668935935, 57.678467237340634 ], [ 18.787927046293174, 57.678482015563269 ], [ 18.787984156370694, 57.678462699492776 ], [ 18.787989592850145, 57.6784266364525 ], [ 18.787936422935481, 57.678391952463649 ], [ 18.787932731811583, 57.67834711719086 ], [ 18.788021123314337, 57.678300114591821 ], [ 18.78802506327937, 57.678246114528669 ], [ 18.787867782552645, 57.678168966363152 ], [ 18.787724826384952, 57.677857892138256 ], [ 18.78765325429886, 57.677599041048289 ], [ 18.78761462532481, 57.677537064673345 ], [ 18.787482831263187, 57.677463807949593 ], [ 18.787419459758897, 57.677406906075205 ], [ 18.787418522749626, 57.677191305353347 ], [ 18.787396620040525, 57.677128935209083 ], [ 18.787339779695671, 57.67704942389112 ], [ 18.787245514289197, 57.677024692164878 ] ] ] } },
{ "type": "Feature", "properties": { "seadsgm": "SW297153", "lake_id": 228, "lake_area_m2": 7609.4535607136786, "localisedc": "sjö", "origin": "natural", "surfaceare": 7609 }, "geometry": { "type": "Polygon", "coordinates": [ [ [ 18.780573874967196, 57.538012944791618 ], [ 18.780460154438256, 57.537851010652716 ], [ 18.780259936685919, 57.537787989550822 ], [ 18.780147948055411, 57.537731807927798 ], [ 18.780131094555408, 57.537658056097044 ], [ 18.780095303533898, 57.537648735453423 ], [ 18.780031815740543, 57.537654155315373 ], [ 18.779981365304895, 57.537682891076734 ], [ 18.779913012696127, 57.537690443260992 ], [ 18.779908618660684, 57.537689477452076 ], [ 18.77969516505545, 57.537642632649295 ], [ 18.779618086970068, 57.537634207094584 ], [ 18.779390107475439, 57.537635133940128 ], [ 18.779313564539454, 57.537633446395034 ], [ 18.77923958700152, 57.537666043559391 ], [ 18.779178820589639, 57.537790672576236 ], [ 18.779158679640243, 57.537872654135946 ], [ 18.779171792899703, 57.537913484537789 ], [ 18.779223013379941, 57.537994569607179 ], [ 18.779192252367704, 57.538118540719751 ], [ 18.779196593690987, 57.538159563796313 ], [ 18.779339716497347, 57.538362633557405 ], [ 18.779374689080527, 57.538444078274573 ], [ 18.779592306034033, 57.53855522863914 ], [ 18.779549661000541, 57.538637704841157 ], [ 18.779576513599675, 57.538678213367419 ], [ 18.779654287459017, 57.538712232421595 ], [ 18.779732111022813, 57.538730741757853 ], [ 18.779808219220012, 57.538726401284357 ], [ 18.779882485280339, 57.538697831906589 ], [ 18.780021865559423, 57.538618641298271 ], [ 18.780394820990885, 57.53849661750457 ], [ 18.780467247751126, 57.538460000897722 ], [ 18.78048039472943, 57.538418618123103 ], [ 18.780457311145476, 57.538378014329638 ], [ 18.780468624612261, 57.538295559647203 ], [ 18.780491797811326, 57.538253955277725 ], [ 18.7805399909466, 57.538211789499279 ], [ 18.780613700375032, 57.538175819198507 ], [ 18.780671904365029, 57.538133443196891 ], [ 18.780647587402118, 57.53809354152601 ], [ 18.780588202444665, 57.538053738667891 ], [ 18.780573874967196, 57.538012944791618 ] ] ] } },
{ "type": "Feature", "properties": { "seadsgm": "SW296298", "lake_id": 234, "lake_area_m2": 1319116.1480748064, "localisedc": "sjö", "origin": "natural", "surfaceare": 1319116 }, "geometry": { "type": "Polygon", "coordinates": [ [ [ 19.142688670292998, 57.969985397453158 ], [ 19.142701869548873, 57.969958178404326 ], [ 19.142731778583251, 57.96991924609307 ], [ 19.142697488227817, 57.969896094687179 ], [ 19.14266699315419, 57.969858448293174 ], [ 19.142658677275055, 57.969810225235832 ], [ 19.142776466159816, 57.969688284317414 ], [ 19.142830970786743, 57.969669915164445 ], [ 19.142896111645801, 57.969659282423848 ], [ 19.143057238475176, 57.969623135339958 ], [ 19.143114509644349, 57.969588166304455 ], [ 19.143113792167146, 57.969568802055335 ], [ 19.143094503452865, 57.969525593541476 ], [ 19.143127795133267, 57.969495345549198 ], [ 19.143261701156394, 57.969457829569734 ], [ 19.143326492596724, 57.969432595352458 ], [ 19.143400983643414, 57.96940020146954 ], [ 19.143498186107575, 57.969346113363102 ], [ 19.143613644369875, 57.969238932734399 ], [ 19.143673072216878, 57.969086442977151 ], [ 19.143621212337628, 57.968992349740439 ], [ 19.143655141276586, 57.968972627543273 ], [ 19.143728781511921, 57.968942105353896 ], [ 19.143764400455524, 57.968918775794492 ], [ 19.143791735843987, 57.968883973328325 ], [ 19.143790891606194, 57.96885908297309 ], [ 19.14378968237089, 57.968821741185067 ], [ 19.143838760965977, 57.968696107455628 ], [ 19.143824652075491, 57.968661614809179 ], [ 19.143806535311175, 57.96862611794252 ], [ 19.143872293933949, 57.968556223533092 ], [ 19.143900078834715, 57.968547116818151 ], [ 19.144016971096246, 57.968489975039581 ], [ 19.144118783391267, 57.968425900482053 ], [ 19.144418616927357, 57.9682967291781 ], [ 19.144574193405713, 57.968218209722998 ], [ 19.144628680612804, 57.968188852265953 ], [ 19.144688547837205, 57.96814099185611 ], [ 19.144701923914816, 57.968112390256032 ], [ 19.144714969112776, 57.968073279042628 ], [ 19.144766768016602, 57.967976357664305 ], [ 19.144793012391339, 57.967922769297168 ], [ 19.144820590489253, 57.967843123946025 ], [ 19.14486176763776, 57.967827076986616 ], [ 19.144874114876675, 57.967807088620738 ], [ 19.144865225309374, 57.967779367573797 ], [ 19.144833915782073, 57.967704375776826 ], [ 19.144868921154316, 57.967669179936522 ], [ 19.144938398485731, 57.967633341664737 ], [ 19.145089812042052, 57.967539931999589 ], [ 19.145141870775852, 57.967518025772392 ], [ 19.145233651011242, 57.967451551054005 ], [ 19.145249653273254, 57.967425087589504 ], [ 19.145261442921075, 57.96737355174217 ], [ 19.145300381773207, 57.967321357788585 ], [ 19.145328014419281, 57.967292650670075 ], [ 19.14535916801292, 57.967251661605808 ], [ 19.145505242267273, 57.967066576232384 ], [ 19.145723866662237, 57.966925137493341 ], [ 19.146022522172895, 57.966689044326444 ], [ 19.146111056240439, 57.966602531981593 ], [ 19.14619763341684, 57.9665572606552 ], [ 19.146244437001421, 57.966529439866356 ], [ 19.146305215234882, 57.966491070347473 ], [ 19.146319330711982, 57.966469449953415 ], [ 19.146380802754202, 57.966383068179624 ], [ 19.146417660032196, 57.96634883443317 ], [ 19.146534601921655, 57.96621905759055 ], [ 19.146586945801502, 57.966170849116871 ], [ 19.146623357548119, 57.966112548352804 ], [ 19.146671819123089, 57.966036202874044 ], [ 19.146701099587141, 57.965966751778382 ], [ 19.146740167527671, 57.965893986444847 ], [ 19.146797662737615, 57.965836031018341 ], [ 19.146883736922224, 57.965772503158796 ], [ 19.146914594514218, 57.965703834742719 ], [ 19.146896705148027, 57.965696462896041 ], [ 19.14688283288287, 57.965679675424397 ], [ 19.146924680490795, 57.965641522146939 ], [ 19.146969231055927, 57.965622953676167 ], [ 19.147023243256669, 57.96558603859642 ], [ 19.147143524044345, 57.965502598229214 ], [ 19.147192726055351, 57.96546360087541 ], [ 19.147308522619731, 57.965356899299472 ], [ 19.147356642514055, 57.965312406972451 ], [ 19.14752554077598, 57.965109866156482 ], [ 19.147587801002253, 57.965022770769878 ], [ 19.147655880382345, 57.964956414132317 ], [ 19.147694017117161, 57.964916050269167 ], [ 19.147708237398021, 57.964900990558519 ], [ 19.147722312932718, 57.964876251595221 ], [ 19.147724667756865, 57.96483854084083 ], [ 19.147829473783151, 57.96472106702327 ], [ 19.147848493011072, 57.964675428622449 ], [ 19.147835552504308, 57.964642841136317 ], [ 19.147839601934379, 57.96461892369549 ], [ 19.147892453316707, 57.964518927904791 ], [ 19.148239549977109, 57.964111380110751 ], [ 19.148561922644696, 57.963827683482741 ], [ 19.148641964832738, 57.963733865811598 ], [ 19.148703087921128, 57.963638626801874 ], [ 19.148736666601526, 57.963594806648267 ], [ 19.148826836473113, 57.963554469749013 ], [ 19.148881421640429, 57.963531831606403 ], [ 19.148862786090646, 57.963522289017668 ], [ 19.148747451076414, 57.963470439476517 ], [ 19.148715105271826, 57.963429798961272 ], [ 19.14871935820808, 57.963406432461255 ], [ 19.148742704280622, 57.963405561945116 ], [ 19.148812557306677, 57.963400778568648 ], [ 19.148823407513667, 57.963377879237804 ], [ 19.14882640742297, 57.963371603294689 ], [ 19.14885098030587, 57.963342420077858 ], [ 19.148899888088106, 57.963313844440684 ], [ 19.149007583138069, 57.963291027090214 ], [ 19.14903737756622, 57.963281197033687 ], [ 19.149123673704629, 57.96324337731189 ], [ 19.149193304662884, 57.963209474365229 ], [ 19.149295211624487, 57.963135211895015 ], [ 19.149314875715046, 57.96308374525686 ], [ 19.149196324806621, 57.962946904647502 ], [ 19.149140161213055, 57.962897771436289 ], [ 19.149106531460593, 57.962841392319582 ], [ 19.149115653830187, 57.962771931920713 ], [ 19.149123649503235, 57.962706943088449 ], [ 19.149068201663244, 57.962658065278944 ], [ 19.149046366426919, 57.962634859833116 ], [ 19.14904668765908, 57.962589724714057 ], [ 19.149072620450234, 57.962559948138463 ], [ 19.149111816053626, 57.96252205851502 ], [ 19.149116326962066, 57.962466294559007 ], [ 19.149140350771269, 57.962413594330627 ], [ 19.149188591290024, 57.962372695522426 ], [ 19.149205249794267, 57.962334310830201 ], [ 19.149241828192775, 57.962212615377091 ], [ 19.149242263257701, 57.962183817028638 ], [ 19.149192357445941, 57.962099363614307 ], [ 19.149107708047506, 57.962057069309616 ], [ 19.149059226615179, 57.962027621601621 ], [ 19.149045062792471, 57.961989245376188 ], [ 19.149041349000782, 57.961933155269975 ], [ 19.149009979685985, 57.961907157105678 ], [ 19.148940812102211, 57.961872640025987 ], [ 19.148813584150112, 57.961838769015579 ], [ 19.148683312417653, 57.961796652570939 ], [ 19.148674223373881, 57.961793711360826 ], [ 19.148584217857259, 57.961767877377682 ], [ 19.148524076549254, 57.961733539320505 ], [ 19.148448038516307, 57.961689542761533 ], [ 19.148292262474161, 57.961630120833611 ], [ 19.148191755164017, 57.96157769857232 ], [ 19.148163127154987, 57.961561035565609 ], [ 19.148166697705296, 57.961542123928368 ], [ 19.14816852248385, 57.961518261589866 ], [ 19.14812911183947, 57.961417736910704 ], [ 19.148128692705299, 57.961267702633705 ], [ 19.14802892289822, 57.961179077892432 ], [ 19.147948939948495, 57.961117315126479 ], [ 19.147907939638369, 57.961079960571929 ], [ 19.147859442928215, 57.96102286167406 ], [ 19.14780603934171, 57.960963977946989 ], [ 19.147724726058041, 57.960894776542915 ], [ 19.147690824282442, 57.960894364984938 ], [ 19.147653626239727, 57.960886524250306 ], [ 19.147521797101188, 57.960834898746761 ], [ 19.147465067621823, 57.960819109805279 ], [ 19.147422840279788, 57.960794996236281 ], [ 19.147406802836418, 57.960749756738579 ], [ 19.147412130224275, 57.960718603170463 ], [ 19.147452728207892, 57.960573264074974 ], [ 19.147445124065023, 57.960532227706288 ], [ 19.147414638184674, 57.960503989545025 ], [ 19.147438486020164, 57.960459328432428 ], [ 19.147450495643962, 57.960422452635903 ], [ 19.147473803665235, 57.960383339404721 ], [ 19.147495899944019, 57.960380250828287 ], [ 19.147536545319454, 57.960369831655065 ], [ 19.147598154793059, 57.960339034637002 ], [ 19.147622779469074, 57.960310236331104 ], [ 19.147624377398508, 57.960258695017188 ], [ 19.147528931486882, 57.960235922902925 ], [ 19.147537597461593, 57.960148207306574 ], [ 19.14767716171762, 57.960158736484878 ], [ 19.147728505860336, 57.960124612838108 ], [ 19.147740486680924, 57.960089134231183 ], [ 19.147769769136531, 57.960068754610973 ], [ 19.147940847913897, 57.959980711410346 ], [ 19.147963409367861, 57.959989146658955 ], [ 19.147988196042149, 57.95999760798702 ], [ 19.148024377149223, 57.959994592567462 ], [ 19.148124543810159, 57.959969404833465 ], [ 19.148167817231368, 57.959944502021898 ], [ 19.148235872941733, 57.959917952915781 ], [ 19.148361805125003, 57.959881196217026 ], [ 19.148372624959695, 57.959878036895141 ], [ 19.148432459142974, 57.959868041955112 ], [ 19.148493154258276, 57.959819855904726 ], [ 19.148560537046578, 57.959762070246576 ], [ 19.148606621177276, 57.959753828652772 ], [ 19.148639494693771, 57.959764284654852 ], [ 19.148679228113259, 57.959776626255554 ], [ 19.148720193358212, 57.959774622242556 ], [ 19.148782659379815, 57.959758101957874 ], [ 19.148814305677192, 57.95972981376697 ], [ 19.148845701942964, 57.959700721434068 ], [ 19.149042203864337, 57.959707508921895 ], [ 19.149176122038938, 57.959676029407994 ], [ 19.149244650862819, 57.959632873492069 ], [ 19.149301489345138, 57.959574856857273 ], [ 19.149336119037674, 57.959530661797395 ], [ 19.149366867011253, 57.959491401574624 ], [ 19.149378191257757, 57.9594470505942 ], [ 19.149389806511763, 57.959401645080476 ], [ 19.149366781372812, 57.959325584386896 ], [ 19.149326047013375, 57.959308373353565 ], [ 19.149287328969653, 57.959306519218998 ], [ 19.149182745407902, 57.959313856447821 ], [ 19.149197137702281, 57.959293809479739 ], [ 19.149223336616298, 57.959244647351916 ], [ 19.14919039537067, 57.959194331503632 ], [ 19.149135449891958, 57.959151461625616 ], [ 19.149121164634821, 57.959140301604144 ], [ 19.14907896594049, 57.959129423842995 ], [ 19.149008496042157, 57.959111665380526 ], [ 19.148973003214959, 57.959083204844831 ], [ 19.148940241147585, 57.95901322530819 ], [ 19.148962016481651, 57.958960313143017 ], [ 19.148993779669965, 57.958925401881551 ], [ 19.149027905752792, 57.958881282635119 ], [ 19.149067174966738, 57.958772513635687 ], [ 19.149030748562797, 57.958680497726917 ], [ 19.149036405288495, 57.958649063250682 ], [ 19.149040552497983, 57.958622931748742 ], [ 19.149032411689877, 57.958582694551005 ], [ 19.149029456204911, 57.958568143317187 ], [ 19.148990087467386, 57.958539592131949 ], [ 19.14891742495039, 57.958483445965662 ], [ 19.148930900171418, 57.958459543105597 ], [ 19.148937206631967, 57.958426155430089 ], [ 19.148899641861185, 57.958364067323849 ], [ 19.148779897599667, 57.958221610224143 ], [ 19.148714926305669, 57.958144323182964 ], [ 19.148688257444409, 57.958127578747145 ], [ 19.148644801088999, 57.958121956088419 ], [ 19.148560737987594, 57.958034151185693 ], [ 19.148519839315181, 57.958031000365011 ], [ 19.148417798317951, 57.958042148612527 ], [ 19.148128747173921, 57.958080073468231 ], [ 19.148092872652175, 57.958080580553016 ], [ 19.147999142680721, 57.958080811294934 ], [ 19.147922918461695, 57.958078985845162 ], [ 19.147845576202542, 57.958076064047027 ], [ 19.147730499796371, 57.958043997172524 ], [ 19.147526145315823, 57.957993294813257 ], [ 19.147458743360634, 57.957996539849802 ], [ 19.147394118364691, 57.958025799821257 ], [ 19.147349727177541, 57.958051808095 ], [ 19.147298246976689, 57.958063516496871 ], [ 19.147041388844098, 57.958078606332045 ], [ 19.146914910281016, 57.958063370265322 ], [ 19.146819505639879, 57.958040613953621 ], [ 19.146729661004429, 57.958005502363925 ], [ 19.146726704290376, 57.957985644815302 ], [ 19.14676479201686, 57.957908757549419 ], [ 19.14676884000005, 57.957885397812547 ], [ 19.14673323732357, 57.957848244252794 ], [ 19.146691249435268, 57.957845099890548 ], [ 19.146637928215242, 57.957837454103966 ], [ 19.146486584273756, 57.957791257829669 ], [ 19.146341888665134, 57.957786704208566 ], [ 19.146185872801457, 57.957754895262617 ], [ 19.146163254986398, 57.957728377938167 ], [ 19.146152464411205, 57.957663616564268 ], [ 19.146133025929434, 57.957628444248726 ], [ 19.146102049656289, 57.957569207222249 ], [ 19.14610466116007, 57.957531488117709 ], [ 19.146128200658385, 57.957487662781702 ], [ 19.146173015548378, 57.957423873369535 ], [ 19.146262751258984, 57.957237335340928 ], [ 19.146276853165137, 57.957202621849802 ], [ 19.14639796861681, 57.957128480473777 ], [ 19.146479491986256, 57.957099209074421 ], [ 19.146617196497811, 57.957074324203127 ], [ 19.146729925733947, 57.957039113320342 ], [ 19.146784677026677, 57.95701298415036 ], [ 19.146963062883835, 57.956940233675041 ], [ 19.147087626736379, 57.956892578602407 ], [ 19.147133260154895, 57.956857249783042 ], [ 19.147205778495543, 57.956799900722196 ], [ 19.147278164222211, 57.956764766979134 ], [ 19.14740838394242, 57.956702384340652 ], [ 19.147501381119856, 57.956637200148471 ], [ 19.147661141627303, 57.956641277676987 ], [ 19.147831268436178, 57.95663956724708 ], [ 19.147950542894524, 57.956619619047181 ], [ 19.147971762138837, 57.956594681662295 ], [ 19.147993031399729, 57.956583033697363 ], [ 19.148031858744503, 57.956591216180627 ], [ 19.148064853467112, 57.956587962319361 ], [ 19.148266352455792, 57.956533545971553 ], [ 19.148300726129662, 57.95651364742772 ], [ 19.148444104656296, 57.956422580801622 ], [ 19.148485912324258, 57.956389613617169 ], [ 19.148557773189673, 57.956336818745406 ], [ 19.148726666555227, 57.956284536410941 ], [ 19.148877437027586, 57.956233469684427 ], [ 19.148951482345129, 57.956212849485524 ], [ 19.149167642341705, 57.956186376525018 ], [ 19.14931961323888, 57.956169044344428 ], [ 19.149436988578927, 57.956165901241221 ], [ 19.149524512646177, 57.956150054208955 ], [ 19.149593903926128, 57.956156967038403 ], [ 19.149658546084261, 57.956162812235156 ], [ 19.149746248719328, 57.95617592557992 ], [ 19.149949389597325, 57.956224767057705 ], [ 19.149951958097738, 57.956225763231735 ], [ 19.150255744818541, 57.956344601275752 ], [ 19.150315274413241, 57.956384497425191 ], [ 19.150407475528787, 57.95644204784751 ], [ 19.15048334659064, 57.956467189870672 ], [ 19.150536244013292, 57.956470397755886 ], [ 19.150651186608687, 57.95648491182677 ], [ 19.150770715535074, 57.956498656715475 ], [ 19.150935575943663, 57.956496196626567 ], [ 19.151133200241915, 57.95648249567472 ], [ 19.151168649371112, 57.956477612960704 ], [ 19.151282804562982, 57.956494813065866 ], [ 19.151435231453842, 57.956520026086629 ], [ 19.151517928987868, 57.95652977607903 ], [ 19.151716954383698, 57.956525253557082 ], [ 19.151844292689752, 57.956506412232557 ], [ 19.151972504682103, 57.956496760779146 ], [ 19.152108916410977, 57.956496434977282 ], [ 19.152422069833012, 57.956482046326471 ], [ 19.152603897547056, 57.956504280776315 ], [ 19.152840548127301, 57.956576454361169 ], [ 19.152996476754936, 57.956649874443293 ], [ 19.153566181868655, 57.956808152332584 ], [ 19.153644401441909, 57.956804045070541 ], [ 19.153701837841449, 57.956780747053074 ], [ 19.153750287491853, 57.956759378673205 ], [ 19.153799860364146, 57.956724528736984 ], [ 19.153804771237944, 57.956719287823496 ], [ 19.153894867002361, 57.9566228715289 ], [ 19.153931928742818, 57.956575355000091 ], [ 19.153966373915409, 57.956554958548033 ], [ 19.154073573499208, 57.956487908226244 ], [ 19.154101362236688, 57.956440921234218 ], [ 19.154160206017785, 57.956384494070441 ], [ 19.154208055122144, 57.95634774863511 ], [ 19.154242665901446, 57.95632272311461 ], [ 19.154312453593292, 57.956258804770393 ], [ 19.154478594091444, 57.956035561276813 ], [ 19.154666308759886, 57.955738376364565 ], [ 19.154778924602244, 57.955601026178947 ], [ 19.154835354800756, 57.955497897509225 ], [ 19.154875117042735, 57.955423442195887 ], [ 19.154932707860194, 57.955359859016987 ], [ 19.15499851556239, 57.95528442596445 ], [ 19.155050499735665, 57.955199399102341 ], [ 19.155083787889055, 57.955144787134557 ], [ 19.155135622078834, 57.955083567953714 ], [ 19.155257205955273, 57.954956499061815 ], [ 19.155478904393227, 57.954738440845759 ], [ 19.155533116137192, 57.954669663818947 ], [ 19.155557630960963, 57.954544108287379 ], [ 19.155551928022074, 57.954467858998633 ], [ 19.155576737578365, 57.954452864307711 ], [ 19.155626110882093, 57.954419684219893 ], [ 19.155728603407088, 57.954354147568843 ], [ 19.155842740405919, 57.954274341301662 ], [ 19.155896889078154, 57.954219432475377 ], [ 19.155907533983967, 57.954188690444582 ], [ 19.155864658871881, 57.95413879147884 ], [ 19.155786722461613, 57.954124616222472 ], [ 19.155685942103023, 57.954098053584971 ], [ 19.155556962663415, 57.954008241736844 ], [ 19.155541846298334, 57.95398013899193 ], [ 19.155546441111412, 57.953944297501685 ], [ 19.155551665310949, 57.953886296716433 ], [ 19.155517267346383, 57.953828001426423 ], [ 19.155441001155843, 57.953747596725556 ], [ 19.155428537963235, 57.953716656240537 ], [ 19.155433203333732, 57.953677216335585 ], [ 19.155436288974688, 57.953642249737925 ], [ 19.155406317722598, 57.953509081551445 ], [ 19.155401343165405, 57.953467421519512 ], [ 19.155401877838159, 57.95342504983347 ], [ 19.155366055406269, 57.95336928198094 ], [ 19.155282071950175, 57.953280497433944 ], [ 19.155154857566835, 57.953194978803353 ], [ 19.155111162972648, 57.953149108713554 ], [ 19.155057591115014, 57.953105171195034 ], [ 19.154940236208631, 57.95303538257668 ], [ 19.154760868468689, 57.952988324423366 ], [ 19.154703757811586, 57.952990202601029 ], [ 19.154663462513739, 57.953006836860929 ], [ 19.154588406228516, 57.953053375569638 ], [ 19.154527484330526, 57.953069486222837 ], [ 19.154486708067811, 57.953083609230092 ], [ 19.154415549218655, 57.953112384404292 ], [ 19.153948619172116, 57.953243246671931 ], [ 19.15387186489205, 57.953246531340085 ], [ 19.153750666882161, 57.953258519683033 ], [ 19.153445859443099, 57.953310147922934 ], [ 19.153353075479281, 57.95332586259223 ], [ 19.153280791767095, 57.953349927400673 ], [ 19.153261807742425, 57.953366230497352 ], [ 19.153170909555868, 57.953347156099206 ], [ 19.153087093916771, 57.953347307945911 ], [ 19.152777769322395, 57.953374199408721 ], [ 19.152732783947634, 57.95333620405961 ], [ 19.152662617900528, 57.953317491642387 ], [ 19.152624184343971, 57.95328893079455 ], [ 19.152575582795926, 57.953273706084488 ], [ 19.152448279255825, 57.953249578415594 ], [ 19.152360055242511, 57.953252743423086 ], [ 19.152205781004948, 57.953294300142169 ], [ 19.152137115071103, 57.953307382982807 ], [ 19.152131306748956, 57.953274327691155 ], [ 19.152176358399416, 57.95317703908659 ], [ 19.152168623663496, 57.95311421101092 ], [ 19.152363042417999, 57.953015469701974 ], [ 19.152427961203951, 57.952946973875392 ], [ 19.152449630112582, 57.952893785573835 ], [ 19.152534526851127, 57.952834129118273 ], [ 19.152543898958722, 57.952827545787208 ], [ 19.152623758025648, 57.952776886266705 ], [ 19.152762035228111, 57.952682780183615 ], [ 19.152825540260849, 57.952647602032989 ], [ 19.1528625331085, 57.952626266241765 ], [ 19.152886068298848, 57.95250780170705 ], [ 19.152825529004694, 57.952473634790167 ], [ 19.152804641887013, 57.952444030102463 ], [ 19.152753114202294, 57.952380116697569 ], [ 19.152522697439025, 57.952220205791349 ], [ 19.152366819493761, 57.952156891577829 ], [ 19.152254413685103, 57.952125363030127 ], [ 19.152015988182896, 57.952067984873551 ], [ 19.152006966095694, 57.952071311882548 ], [ 19.151971749900724, 57.952084305977252 ], [ 19.151875980250114, 57.952106242514233 ], [ 19.151695594908816, 57.952120037672124 ], [ 19.151570430480945, 57.952139545720456 ], [ 19.151470629925686, 57.952163051789249 ], [ 19.151380187102234, 57.952191555856352 ], [ 19.151230872449759, 57.952230619905393 ], [ 19.151127248407338, 57.952241429477937 ], [ 19.151036533316159, 57.95226715620413 ], [ 19.15095661648747, 57.952291629600197 ], [ 19.150545816330638, 57.952389025197562 ], [ 19.150438701742278, 57.952406791463403 ], [ 19.150397170753042, 57.952424891771635 ], [ 19.150349998014782, 57.952443628799244 ], [ 19.150325770778633, 57.952435536122358 ], [ 19.150252159130677, 57.952396937004387 ], [ 19.150202520509065, 57.952366017341227 ], [ 19.150179564501215, 57.952360273885709 ], [ 19.150089960572316, 57.952354419775105 ], [ 19.149998270806975, 57.952343028890532 ], [ 19.149854592247365, 57.952355864919447 ], [ 19.149729232574444, 57.952400403094771 ], [ 19.149705234385909, 57.952404998930689 ], [ 19.149553355544043, 57.952434127078824 ], [ 19.149471449919368, 57.952427065846614 ], [ 19.149341820347253, 57.952395063779512 ], [ 19.149061883790527, 57.952272098794452 ], [ 19.148829722569346, 57.952219142293387 ], [ 19.148691520539948, 57.952189918178938 ], [ 19.148644831382356, 57.952166491097053 ], [ 19.148612311388085, 57.952124749928231 ], [ 19.148502126551943, 57.951947270910296 ], [ 19.14843004925066, 57.951939626545141 ], [ 19.148366368471017, 57.951932599055311 ], [ 19.148307095957822, 57.951911982715302 ], [ 19.148224854354524, 57.951861076002203 ], [ 19.148062808422537, 57.951739263744614 ], [ 19.148010391450569, 57.951707147560882 ], [ 19.147924192369242, 57.951667006804016 ], [ 19.147902354185742, 57.951604207015613 ], [ 19.147766795670503, 57.951522670955946 ], [ 19.147666608199312, 57.951493544924162 ], [ 19.147615396618313, 57.951486278655587 ], [ 19.147588210053414, 57.951485081393031 ], [ 19.147557822021845, 57.951484410259248 ], [ 19.14743166244082, 57.951481663249282 ], [ 19.14726726885219, 57.951477673605474 ], [ 19.147217771607913, 57.951482735513423 ], [ 19.146759121231657, 57.951559146333736 ], [ 19.146524279759095, 57.951616906967274 ], [ 19.146495066551367, 57.951647051582704 ], [ 19.146408709325485, 57.95175808699102 ], [ 19.146476426150674, 57.951795324257503 ], [ 19.146535697234313, 57.951896612061311 ], [ 19.146543392604272, 57.951909741728173 ], [ 19.146646060379759, 57.951962967941917 ], [ 19.146596342938352, 57.952025723555579 ], [ 19.146455714734934, 57.952077095412662 ], [ 19.146408820815122, 57.952092969987945 ], [ 19.146353617595992, 57.952126418062903 ], [ 19.146282874982369, 57.952172909557973 ], [ 19.146180763366271, 57.952220324714744 ], [ 19.14612518876493, 57.952227266382025 ], [ 19.146025269023657, 57.952233263538709 ], [ 19.145887359602085, 57.952228633074462 ], [ 19.145778114549113, 57.952224475670846 ], [ 19.145695522437055, 57.952242622448829 ], [ 19.145653311505701, 57.9522742254143 ], [ 19.145657173894215, 57.952297928303082 ], [ 19.145782869862526, 57.952371896192687 ], [ 19.145862929095074, 57.952392076237487 ], [ 19.145861299012509, 57.952403198767286 ], [ 19.145790539000668, 57.952414673651404 ], [ 19.145749684450546, 57.952401340484727 ], [ 19.145713803586641, 57.952395454165909 ], [ 19.145689962730152, 57.952408562305173 ], [ 19.145677468700189, 57.952445172783108 ], [ 19.145658482959035, 57.952463130082421 ], [ 19.145564101447647, 57.952481751832288 ], [ 19.145515005039943, 57.952474786638376 ], [ 19.145487569429694, 57.952459289524292 ], [ 19.145439854079733, 57.952439688490301 ], [ 19.145244405949104, 57.952394562791959 ], [ 19.145193942995931, 57.952358972182267 ], [ 19.145146463600401, 57.952314320239971 ], [ 19.145117748505122, 57.952281600093443 ], [ 19.145070571499385, 57.952270299774824 ], [ 19.145046175976638, 57.952270960338602 ], [ 19.145016544332989, 57.952250678587255 ], [ 19.144994451029149, 57.952202499406788 ], [ 19.144934837538717, 57.952162048302036 ], [ 19.144900997189257, 57.952143153156385 ], [ 19.144851690806284, 57.952139369143595 ], [ 19.144804729024575, 57.952143868687656 ], [ 19.14476013132083, 57.952127368716511 ], [ 19.144702370289707, 57.952086863604968 ], [ 19.14459083740428, 57.951937364436169 ], [ 19.14454761942466, 57.951839725132899 ], [ 19.14456810365019, 57.951778546251326 ], [ 19.144603015820365, 57.951757182095925 ], [ 19.144650776280734, 57.951750234994847 ], [ 19.1447415315764, 57.951726832142441 ], [ 19.144813914203478, 57.951721618848588 ], [ 19.144847991951021, 57.951718697007827 ], [ 19.144894173867712, 57.951706165731551 ], [ 19.145055631152157, 57.951706467268636 ], [ 19.145136994296113, 57.951658821715156 ], [ 19.145144453431023, 57.951632599770427 ], [ 19.145157963919996, 57.9515907025243 ], [ 19.145178732279941, 57.951552364120232 ], [ 19.145193603022157, 57.951524956093223 ], [ 19.145219474994544, 57.951484112888252 ], [ 19.145260614907041, 57.951462472700157 ], [ 19.145333249825903, 57.951443437305038 ], [ 19.145409675154429, 57.951420681981453 ], [ 19.145462272777962, 57.951391060399587 ], [ 19.145465794773731, 57.951358571773198 ], [ 19.145455840310248, 57.951310949017376 ], [ 19.14541485208175, 57.951245628307454 ], [ 19.145234259198109, 57.951094707866382 ], [ 19.145226525151656, 57.951088242480573 ], [ 19.145176457955845, 57.951087368244643 ], [ 19.144986591739336, 57.951083911195475 ], [ 19.144931843809164, 57.951064754822724 ], [ 19.144857915532619, 57.951007253972655 ], [ 19.144833539955648, 57.950936523364376 ], [ 19.144720487180994, 57.950924963592335 ], [ 19.144469612482595, 57.950904479121753 ], [ 19.14437474928198, 57.950881795895484 ], [ 19.144248694442876, 57.950838251551559 ], [ 19.144106258726318, 57.950781088092974 ], [ 19.143983469579265, 57.950765953102504 ], [ 19.143875443900217, 57.950763444808814 ], [ 19.14381850869691, 57.950756302436787 ], [ 19.143766761281537, 57.950719782890722 ], [ 19.1437428169695, 57.950704748850413 ], [ 19.143687617917543, 57.950700695768759 ], [ 19.143620116687291, 57.950695742404385 ], [ 19.143310720573325, 57.95069454726314 ], [ 19.14323963024367, 57.950718657377905 ], [ 19.143239441350755, 57.950734327814693 ], [ 19.143239369642444, 57.950739427904132 ], [ 19.143241734752348, 57.950768703369015 ], [ 19.143188353471363, 57.95080470531348 ], [ 19.143135923322756, 57.950800886526025 ], [ 19.143058077744278, 57.950798184924061 ], [ 19.143014489363754, 57.950810499161321 ], [ 19.142930859442391, 57.95083973854058 ], [ 19.14287959217393, 57.950837264799176 ], [ 19.142446654286729, 57.950905044586449 ], [ 19.142314400016339, 57.950958926696785 ], [ 19.142224224369322, 57.951028261062795 ], [ 19.142223160834956, 57.951086144865911 ], [ 19.142210000219908, 57.951142974484675 ], [ 19.142256868981185, 57.951178736179799 ], [ 19.14224171358482, 57.951193825875123 ], [ 19.142189708850424, 57.951210719683644 ], [ 19.142081983516395, 57.951248090660386 ], [ 19.142032965731019, 57.951263602610297 ], [ 19.141867413259785, 57.951294553046054 ], [ 19.141850489374786, 57.951323799329543 ], [ 19.141874221487928, 57.951387932230766 ], [ 19.14193706721683, 57.951442973093478 ], [ 19.141920896974437, 57.951457358204109 ], [ 19.141898250757183, 57.951480677006501 ], [ 19.141921347655018, 57.951538733973713 ], [ 19.141927267577021, 57.951555744033833 ], [ 19.14189841074489, 57.951588077882285 ], [ 19.141895766927867, 57.951639646545331 ], [ 19.141909720609519, 57.951659999312284 ], [ 19.141816985611531, 57.951686584383793 ], [ 19.141768286902213, 57.951723036610908 ], [ 19.141716447246242, 57.951756320146309 ], [ 19.141589723713569, 57.951835252796123 ], [ 19.141509982326813, 57.951861576112421 ], [ 19.141455640032969, 57.951844925348681 ], [ 19.141449762129891, 57.951791647913467 ], [ 19.141432131688454, 57.951776073728112 ], [ 19.141371974264818, 57.951735590489314 ], [ 19.141347510344222, 57.951726283220381 ], [ 19.141304374544209, 57.951727293268114 ], [ 19.141250396089195, 57.951718299119115 ], [ 19.141231678773512, 57.951696384898362 ], [ 19.141245612874254, 57.951669708291455 ], [ 19.141303795624296, 57.951637425471368 ], [ 19.141361012211487, 57.951614803216394 ], [ 19.141408832115921, 57.951590052822191 ], [ 19.14146357438711, 57.951590712349478 ], [ 19.141586621544196, 57.951599483486532 ], [ 19.141596122328774, 57.95157597237791 ], [ 19.141614981122366, 57.951520917417625 ], [ 19.141653338851807, 57.951477663200393 ], [ 19.141618066925393, 57.951445487794174 ], [ 19.141540673735822, 57.951420388261795 ], [ 19.141413699978067, 57.951419378653796 ], [ 19.141297838353655, 57.951418473980134 ], [ 19.141255380904777, 57.951421064535161 ], [ 19.141187498795659, 57.951435428720167 ], [ 19.141110665538477, 57.9514269826076 ], [ 19.141057369379272, 57.951394631111768 ], [ 19.141031902033969, 57.951382781309313 ], [ 19.140998674266445, 57.951378183654768 ], [ 19.140944556319607, 57.951378851546608 ], [ 19.140823510981424, 57.951397790822263 ], [ 19.140769508263794, 57.951423642815342 ], [ 19.140774946585807, 57.951439562143129 ], [ 19.14077400555842, 57.951461175915689 ], [ 19.140753705165245, 57.951482213778725 ], [ 19.140711141340898, 57.951512935207887 ], [ 19.140709120811302, 57.951513747562572 ], [ 19.140711721398475, 57.951511234600986 ], [ 19.140693047292423, 57.95152074618818 ], [ 19.140625114226122, 57.951539752821809 ], [ 19.140586538744227, 57.951558662323308 ], [ 19.140514404534656, 57.951597586582523 ], [ 19.140440484719218, 57.951641363819 ], [ 19.140389922838693, 57.95168086202451 ], [ 19.140337873647173, 57.951686434766557 ], [ 19.140294539009659, 57.951674414617806 ], [ 19.140213785487163, 57.951663847733897 ], [ 19.140139347539169, 57.951679522887979 ], [ 19.140069458478308, 57.95168995846997 ], [ 19.14004753818638, 57.951672058585643 ], [ 19.140029543075439, 57.951652889056355 ], [ 19.139973739747099, 57.951602598980649 ], [ 19.139991727863034, 57.951558084327786 ], [ 19.139992930235753, 57.951507956858805 ], [ 19.14003025867629, 57.951469006813845 ], [ 19.140071561530831, 57.951454621078533 ], [ 19.140122677676771, 57.951439105131364 ], [ 19.140140436380094, 57.951423950552467 ], [ 19.140151669701712, 57.951370501345409 ], [ 19.140196806711355, 57.951344326293196 ], [ 19.14025611837129, 57.951333129168802 ], [ 19.14034240552461, 57.951331609800199 ], [ 19.140372179004867, 57.951321663751806 ], [ 19.140404777915734, 57.951241881766059 ], [ 19.140343164041337, 57.951224899145522 ], [ 19.140254251483977, 57.951231505300861 ], [ 19.140157968567408, 57.95125375479406 ], [ 19.140093233888408, 57.95124665659251 ], [ 19.140042232684895, 57.951228456085389 ], [ 19.139965682243812, 57.951203130546965 ], [ 19.13991042857316, 57.951213134797612 ], [ 19.139847964396932, 57.951218840684035 ], [ 19.139639895927836, 57.951193982295251 ], [ 19.139510398954631, 57.95114310974931 ], [ 19.139445464097204, 57.951123179005009 ], [ 19.139240915203501, 57.951075346606238 ], [ 19.139047821951785, 57.951070752094473 ], [ 19.138947869154162, 57.951071144307278 ], [ 19.13888249883399, 57.951062683119694 ], [ 19.138815330095863, 57.951073639644612 ], [ 19.138690691343182, 57.951126147672461 ], [ 19.138627677301223, 57.951145987354494 ], [ 19.138532333450026, 57.95114001375601 ], [ 19.138475240308445, 57.95113657999044 ], [ 19.138368925330099, 57.951124777330783 ], [ 19.138250423395164, 57.951110781342805 ], [ 19.138200359184566, 57.951120813232883 ], [ 19.138093680143029, 57.951143228843833 ], [ 19.137982075937757, 57.951168413072743 ], [ 19.137902304143878, 57.951205580396376 ], [ 19.13786719895575, 57.951222865475629 ], [ 19.137851889574755, 57.951228258128936 ], [ 19.137662947240273, 57.951294890040288 ], [ 19.137664163301164, 57.951363794927204 ], [ 19.137823937528413, 57.951496530326551 ], [ 19.138176796519545, 57.951626520573278 ], [ 19.138346990429223, 57.951687246608898 ], [ 19.138422133515679, 57.95171404821776 ], [ 19.138551327145883, 57.951775030646161 ], [ 19.138625302295317, 57.951764715153253 ], [ 19.13863944562878, 57.951765035556825 ], [ 19.13867906916381, 57.951765938979896 ], [ 19.13875247599951, 57.95179715928839 ], [ 19.138832806537032, 57.95185338560637 ], [ 19.138853545923286, 57.951904865630631 ], [ 19.138840514692209, 57.951942032888134 ], [ 19.138783225575288, 57.952068993055953 ], [ 19.138831997646115, 57.952105594026115 ], [ 19.138960255005607, 57.95221313387642 ], [ 19.138975651640518, 57.9522377736183 ], [ 19.13904267019992, 57.952247043847407 ], [ 19.139108067499066, 57.952261016783879 ], [ 19.139197063680061, 57.952287609911082 ], [ 19.139378017090571, 57.952370319863697 ], [ 19.139402143349688, 57.952456868581748 ], [ 19.139380720517892, 57.952488733230723 ], [ 19.139338759151677, 57.952533643181766 ], [ 19.139337888020496, 57.952574910130714 ], [ 19.139342633465059, 57.952599144160303 ], [ 19.139336208477417, 57.952708665236962 ], [ 19.13928587181233, 57.952797523733238 ], [ 19.139204058196526, 57.952874207690655 ], [ 19.13916616914786, 57.952998153361655 ], [ 19.139127821507614, 57.953094146673855 ], [ 19.139114967747325, 57.953263919555901 ], [ 19.13913590037118, 57.953312624842575 ], [ 19.139151737518922, 57.953432056682587 ], [ 19.139182934718434, 57.953585681660776 ], [ 19.139217759776781, 57.953620713167247 ], [ 19.139291761300207, 57.953634144222292 ], [ 19.139365087064938, 57.953622464245612 ], [ 19.139447320623024, 57.953638162451632 ], [ 19.139557453221947, 57.953702518669544 ], [ 19.13956366278698, 57.953739723714783 ], [ 19.139585962825432, 57.953805495357287 ], [ 19.139652064183952, 57.953834202643257 ], [ 19.139724831704534, 57.953864633229223 ], [ 19.139798179848881, 57.95390596260382 ], [ 19.1398396024371, 57.954007815571444 ], [ 19.139812010827793, 57.954029244718221 ], [ 19.139771910556558, 57.95403983474089 ], [ 19.139698689408235, 57.954041906616332 ], [ 19.139569251273794, 57.954065785653491 ], [ 19.139523210413103, 57.95406905884191 ], [ 19.139488118580772, 57.95405240727785 ], [ 19.139471863287234, 57.954019907481509 ], [ 19.139452765502128, 57.954003930812782 ], [ 19.139404285708288, 57.954014054133843 ], [ 19.139343928340768, 57.954064257740228 ], [ 19.139208137898169, 57.954076393952377 ], [ 19.139177388886864, 57.954099238767292 ], [ 19.139154711890093, 57.954148303551577 ], [ 19.139144734078393, 57.954440350246045 ], [ 19.139185448203079, 57.954468860380032 ], [ 19.139670769808902, 57.954735771325083 ], [ 19.139915472293566, 57.954829675148908 ], [ 19.140016319423861, 57.95489004187084 ], [ 19.140094415520263, 57.954945936475276 ], [ 19.140161635351078, 57.954962771616088 ], [ 19.140217255371134, 57.954973925746827 ], [ 19.140220527755758, 57.954974583013517 ], [ 19.140304177623751, 57.954972537346876 ], [ 19.140361995456836, 57.954998581437522 ], [ 19.140484051565, 57.955056271362864 ], [ 19.140643739896738, 57.955112246228346 ], [ 19.140710997904677, 57.955118530903214 ], [ 19.140759343610895, 57.955117682692425 ], [ 19.140898435636633, 57.955129035636674 ], [ 19.140942776072251, 57.955118820676532 ], [ 19.141013039443035, 57.955107779771858 ], [ 19.141046115833646, 57.95512126725049 ], [ 19.141075864594601, 57.955152292636562 ], [ 19.141084238909915, 57.955177538874992 ], [ 19.141055671989399, 57.955221500857078 ], [ 19.141018815227362, 57.95528867090983 ], [ 19.141042313902076, 57.955362216719344 ], [ 19.141089452413134, 57.955462807148116 ], [ 19.141053694386926, 57.955507800657664 ], [ 19.141031887625942, 57.95556846649913 ], [ 19.1410419889278, 57.955614967239867 ], [ 19.141063849272879, 57.955657005291002 ], [ 19.141101254489861, 57.955709414464202 ], [ 19.141110691946626, 57.955780856950817 ], [ 19.141130104016831, 57.955817427065512 ], [ 19.141170346473594, 57.955845400961287 ], [ 19.141341179420941, 57.955915373823352 ], [ 19.141388364966598, 57.955937448195492 ], [ 19.141448332191775, 57.955989527327773 ], [ 19.141470624243137, 57.956028501812426 ], [ 19.141479095926492, 57.956107167958322 ], [ 19.141442143821941, 57.956152193944305 ], [ 19.141363787483712, 57.956205405064075 ], [ 19.141304229893155, 57.956230349445889 ], [ 19.141232288633116, 57.956245906281204 ], [ 19.140846706352239, 57.956265409375604 ], [ 19.140823826969754, 57.956288456692526 ], [ 19.140801087566615, 57.956349708335736 ], [ 19.140786649478656, 57.956367815037687 ], [ 19.140684918348676, 57.956469132198905 ], [ 19.140583463613648, 57.95652419177199 ], [ 19.140393531459353, 57.956599261387353 ], [ 19.140303537199298, 57.956681194119696 ], [ 19.140254949608234, 57.956734278765424 ], [ 19.140175968376759, 57.956788613760445 ], [ 19.139842834035942, 57.956997284955285 ], [ 19.139805377177595, 57.957046192976421 ], [ 19.139699626394457, 57.957133262616004 ], [ 19.139653323176635, 57.95712914361043 ], [ 19.139610355195067, 57.957120355961656 ], [ 19.139575305733608, 57.957130078607314 ], [ 19.139324976381367, 57.957258675226178 ], [ 19.139292364687424, 57.957275422633792 ], [ 19.139242415984523, 57.957307284320493 ], [ 19.139156016525583, 57.957371015361588 ], [ 19.1390396613203, 57.957583458584836 ], [ 19.139098491422843, 57.95773191252534 ], [ 19.139187021321082, 57.957812824507641 ], [ 19.139226213320786, 57.957803416965398 ], [ 19.139256397383555, 57.957808575480101 ], [ 19.13929773442942, 57.957834861147816 ], [ 19.13932024827222, 57.957836186302693 ], [ 19.139362696145824, 57.957849693586624 ], [ 19.139457012201039, 57.957882677592373 ], [ 19.139498391671662, 57.95789322513761 ], [ 19.139483648893393, 57.957934325316188 ], [ 19.139445783438116, 57.957955656842508 ], [ 19.139389096870001, 57.957983683369036 ], [ 19.139409970789277, 57.958025194025282 ], [ 19.139410229582214, 57.958059787395541 ], [ 19.13939155801366, 57.958097123216447 ], [ 19.139429262824809, 57.958131799585296 ], [ 19.139549984978316, 57.958195099434107 ], [ 19.139592117352535, 57.95819463219582 ], [ 19.139675007183026, 57.958200822702935 ], [ 19.139754636789057, 57.958292773295369 ], [ 19.139795310431534, 57.958324610684016 ], [ 19.139814672793545, 57.958348725873151 ], [ 19.139864349029256, 57.958398298335631 ], [ 19.139936978145244, 57.958435389966198 ], [ 19.139989574261353, 57.958473042694052 ], [ 19.139998987213019, 57.95850435177158 ], [ 19.139996951167252, 57.958589119194301 ], [ 19.140090765267551, 57.958694517106856 ], [ 19.140078915087404, 57.958743569189167 ], [ 19.140049789727478, 57.958767054934391 ], [ 19.139993577849108, 57.958795694118592 ], [ 19.13991293783344, 57.958838133338439 ], [ 19.139910084607106, 57.958866443960972 ], [ 19.139953540753368, 57.958942774904131 ], [ 19.139998853496884, 57.959009640160566 ], [ 19.139998134854707, 57.959065029579818 ], [ 19.139958001794312, 57.959128411383546 ], [ 19.139886702054721, 57.959165610682923 ], [ 19.139768032091627, 57.959227544829787 ], [ 19.139685425243535, 57.95926741133551 ], [ 19.139562855057033, 57.959337070767397 ], [ 19.139405411240165, 57.959475257444481 ], [ 19.139247567019101, 57.959512786590608 ], [ 19.139179193374552, 57.959505779944394 ], [ 19.138982481988762, 57.959440379886097 ], [ 19.138727987786577, 57.959273119523843 ], [ 19.138615823477149, 57.959244126274832 ], [ 19.138576923895368, 57.959213488640266 ], [ 19.138532697039789, 57.959159878509055 ], [ 19.138317115135745, 57.959043522607338 ], [ 19.138166530646224, 57.958983091878473 ], [ 19.138001572389506, 57.958941412861094 ], [ 19.137830759128406, 57.958903755467801 ], [ 19.13775213729074, 57.95886561758784 ], [ 19.137711662587812, 57.958859050974944 ], [ 19.137595559597873, 57.958853825362986 ], [ 19.137493815041072, 57.958857347965207 ], [ 19.137364099607105, 57.958878697713992 ], [ 19.137293161910733, 57.958904803506961 ], [ 19.137155570933313, 57.958947325328246 ], [ 19.137121060014024, 57.958933593755972 ], [ 19.137093631540282, 57.958896972592449 ], [ 19.137047980857005, 57.958845891398497 ], [ 19.136976513760647, 57.958802024788582 ], [ 19.136873617470897, 57.958804155221102 ], [ 19.136779207062361, 57.958808167116558 ], [ 19.13665639443651, 57.95881989486282 ], [ 19.136539145147246, 57.958830224949438 ], [ 19.136302594097803, 57.958866969331595 ], [ 19.136231398828041, 57.958910187292879 ], [ 19.136123846529745, 57.959004748184611 ], [ 19.13575823890827, 57.95934882001557 ], [ 19.135695327521155, 57.959453787871517 ], [ 19.135537933428402, 57.959585157681794 ], [ 19.13547326700532, 57.959623405039217 ], [ 19.135321919043413, 57.959720750835103 ], [ 19.135036195332116, 57.959876596803667 ], [ 19.134973631624764, 57.95991489174822 ], [ 19.13492476717034, 57.95995844189914 ], [ 19.134912960598939, 57.960012736738207 ], [ 19.134916399694706, 57.960066352771783 ], [ 19.13489692195925, 57.960105916057444 ], [ 19.134884546174632, 57.960144455474911 ], [ 19.134884395126779, 57.960195951332445 ], [ 19.13485189545332, 57.960278768836829 ], [ 19.134817024227143, 57.960323463596644 ], [ 19.134825045513519, 57.960345674457002 ], [ 19.134830214076878, 57.960366285580136 ], [ 19.134802211639336, 57.960388086896678 ], [ 19.134724187643862, 57.960476226887181 ], [ 19.134714663070223, 57.960493641475246 ], [ 19.13466113868969, 57.960520427713398 ], [ 19.134596464592864, 57.960554044718727 ], [ 19.134564083645774, 57.960585663712941 ], [ 19.134482224863987, 57.960675087600229 ], [ 19.134478355788993, 57.960705086425158 ], [ 19.13449001629531, 57.960771762973799 ], [ 19.134463516428873, 57.960800439561119 ], [ 19.134451388717292, 57.960854751379543 ], [ 19.134427309512319, 57.960992994004172 ], [ 19.134454817089132, 57.961038192765066 ], [ 19.134463029742236, 57.961085925529773 ], [ 19.134490791665709, 57.96124733391536 ], [ 19.134549827820901, 57.961339569729617 ], [ 19.134560351965845, 57.961444753288099 ], [ 19.134592705967478, 57.961501458349012 ], [ 19.134657084909758, 57.96159022921092 ], [ 19.134680436343825, 57.961665723712052 ], [ 19.134813752712695, 57.961868888675291 ], [ 19.13489433494556, 57.961989055012573 ], [ 19.134926070099382, 57.962038019420838 ], [ 19.134970607237445, 57.96206560515472 ], [ 19.135026235324869, 57.962091435540557 ], [ 19.135125709128982, 57.962150459208722 ], [ 19.135157923354488, 57.962156790836524 ], [ 19.135267019012822, 57.962148444653124 ], [ 19.135251590937703, 57.962163812266276 ], [ 19.135213315095029, 57.962221333766706 ], [ 19.135255750738693, 57.96228356323541 ], [ 19.135309191330176, 57.962316496632553 ], [ 19.135484058159122, 57.962382524142789 ], [ 19.135549300139932, 57.962407681092408 ], [ 19.135765964602868, 57.962500015275538 ], [ 19.135872237503282, 57.962540966091474 ], [ 19.136061578363748, 57.962620009855215 ], [ 19.136179155230447, 57.962669926995268 ], [ 19.136259163930632, 57.962713153636692 ], [ 19.136481698502127, 57.962859996062583 ], [ 19.136511125185674, 57.96289185851608 ], [ 19.136637362253751, 57.962959326338961 ], [ 19.136782734089696, 57.963040906077516 ], [ 19.136837468070091, 57.963065048052449 ], [ 19.136920459227444, 57.963096730291142 ], [ 19.136984436757128, 57.963127018890653 ], [ 19.137076099523824, 57.96315931637151 ], [ 19.137110321430068, 57.963157832328385 ], [ 19.137217376405228, 57.963149748606931 ], [ 19.13728719737189, 57.963168884980298 ], [ 19.137312931065214, 57.963200022387625 ], [ 19.137349279296906, 57.963253843649554 ], [ 19.137391577548044, 57.96329228318946 ], [ 19.137424537081788, 57.963330695562824 ], [ 19.137424245213175, 57.963381080807338 ], [ 19.137409444944844, 57.963478931497455 ], [ 19.137468653120308, 57.963582510789919 ], [ 19.13752716944936, 57.963713528810388 ], [ 19.137515298341096, 57.963755639347234 ], [ 19.137376210983938, 57.963980612701377 ], [ 19.137365832967287, 57.964040964465312 ], [ 19.137337876022894, 57.964171006997411 ], [ 19.137252815261487, 57.96428488838658 ], [ 19.137141770145448, 57.964384518686259 ], [ 19.137036021148337, 57.964519172994265 ], [ 19.137038071856246, 57.96464063709189 ], [ 19.137088665689653, 57.964998584441425 ], [ 19.137145695455487, 57.965275245821218 ], [ 19.137151211306449, 57.965420149283027 ], [ 19.137175869043681, 57.965508613041465 ], [ 19.137193512507285, 57.965648491193683 ], [ 19.137218077588319, 57.965721183996308 ], [ 19.13725357976946, 57.965799944132108 ], [ 19.137291278548172, 57.965875040998874 ], [ 19.137369394738307, 57.966023514926619 ], [ 19.137349062308544, 57.966041424612271 ], [ 19.137296084663365, 57.96610321946909 ], [ 19.137298605080399, 57.96623103492913 ], [ 19.137369252256018, 57.966433418894333 ], [ 19.137403126469227, 57.966493121072872 ], [ 19.137482758381534, 57.966625213960668 ], [ 19.137560641832668, 57.966754035558878 ], [ 19.137559958552387, 57.966776753905457 ], [ 19.137586425198759, 57.966806484314297 ], [ 19.137614524963862, 57.966850007904 ], [ 19.137607768493581, 57.96693601567506 ], [ 19.137630313785461, 57.967005151833774 ], [ 19.137691620843878, 57.967183991400155 ], [ 19.137821725769118, 57.967365361568731 ], [ 19.137827280737017, 57.967373902863663 ], [ 19.137845136054477, 57.967396954454493 ], [ 19.137892407081022, 57.967497260785073 ], [ 19.137902738283234, 57.967594149714827 ], [ 19.137898822785971, 57.967636325891156 ], [ 19.137904267736523, 57.967684076285501 ], [ 19.137849647266815, 57.967841686181345 ], [ 19.13786751240437, 57.967860023921887 ], [ 19.137974152061602, 57.967923892359906 ], [ 19.137998430489702, 57.967961713831627 ], [ 19.138035463758214, 57.968014687195016 ], [ 19.138067240890699, 57.96805147171343 ], [ 19.138086361997001, 57.96807947217593 ], [ 19.138127674853816, 57.968124850441853 ], [ 19.138129749358651, 57.968189283788284 ], [ 19.138185341773596, 57.968258368017814 ], [ 19.138227856642924, 57.968341645852426 ], [ 19.138234413073963, 57.968408183405664 ], [ 19.138259807836622, 57.968417516018683 ], [ 19.138376887180321, 57.968454551950728 ], [ 19.138431125317279, 57.968507601092263 ], [ 19.138474697429327, 57.968634818341897 ], [ 19.138398742654495, 57.968709959788583 ], [ 19.138391056049095, 57.968756684839136 ], [ 19.138418625905079, 57.968876625623821 ], [ 19.138444662417985, 57.968909695950956 ], [ 19.138487931460627, 57.96895103448567 ], [ 19.13850075730058, 57.969019336956443 ], [ 19.13850712556529, 57.969131839225703 ], [ 19.138535705191352, 57.96916510546081 ], [ 19.1386453101927, 57.96926399226065 ], [ 19.138824731254736, 57.969330892725459 ], [ 19.138998321181379, 57.969425579276042 ], [ 19.139066439171568, 57.969506500825652 ], [ 19.139193872341433, 57.969655001737671 ], [ 19.139244621259749, 57.969697913992476 ], [ 19.139276593487452, 57.969723624861295 ], [ 19.139497322518956, 57.969818049512256 ], [ 19.139611225353988, 57.96984863469622 ], [ 19.139689028872233, 57.969872012535454 ], [ 19.139761035750841, 57.969894852649887 ], [ 19.139838390553326, 57.969919208814765 ], [ 19.140021667952105, 57.969974875396211 ], [ 19.140025170561174, 57.969975940119063 ], [ 19.140128284301223, 57.969964610704864 ], [ 19.140174979744287, 57.969957241687048 ], [ 19.140208392387169, 57.969957996292941 ], [ 19.140349604286044, 57.969943275060324 ], [ 19.140392507736564, 57.969950580768852 ], [ 19.140536989448368, 57.969963026229657 ], [ 19.140618636147515, 57.969977889536544 ], [ 19.140821755725288, 57.969998936177745 ], [ 19.14095265743935, 57.970016355380913 ], [ 19.141015949273907, 57.970024543687046 ], [ 19.141038924546784, 57.970008264038952 ], [ 19.141087303027003, 57.96997304593738 ], [ 19.14111607223419, 57.969968796937145 ], [ 19.141169552845483, 57.969983041764642 ], [ 19.141214849190217, 57.969982804767739 ], [ 19.141289307549584, 57.969966268484669 ], [ 19.141334763427398, 57.969939444249185 ], [ 19.141347583784789, 57.969905574658782 ], [ 19.141358788660369, 57.96985793547514 ], [ 19.141448974753576, 57.969818108734728 ], [ 19.141554656915023, 57.969800694315566 ], [ 19.141735939201865, 57.969822550592774 ], [ 19.141760304012802, 57.969796559096075 ], [ 19.141799516513419, 57.969748671430771 ], [ 19.141832524976301, 57.969745285078581 ], [ 19.141873676315569, 57.969756234740672 ], [ 19.14192101942238, 57.969760841844341 ], [ 19.142116539984976, 57.969751666423001 ], [ 19.142165493020432, 57.969767775348117 ], [ 19.142200960907001, 57.969807415506935 ], [ 19.142233798702819, 57.969828726377216 ], [ 19.142316789127108, 57.969871448402642 ], [ 19.142486749914831, 57.970036238440912 ], [ 19.142495489710353, 57.970039433013952 ], [ 19.142535784845581, 57.970054195291404 ], [ 19.142665190497862, 57.970018113340267 ], [ 19.142668400617872, 57.970017218253275 ], [ 19.142688670292998, 57.969985397453158 ] ], [ [ 19.139973643657566, 57.95200612701526 ], [ 19.140093310795478, 57.952020955034712 ], [ 19.140300632123758, 57.952069422430021 ], [ 19.140436335870501, 57.952074850989341 ], [ 19.140528239856735, 57.95206344679255 ], [ 19.140696842306635, 57.952059024630081 ], [ 19.140835038348488, 57.952091339871039 ], [ 19.141073888177495, 57.952206365347749 ], [ 19.141202749672345, 57.952319791207778 ], [ 19.141234285511985, 57.952386350203234 ], [ 19.141179320283669, 57.952522570667071 ], [ 19.141261029161008, 57.952583319230037 ], [ 19.141305262984115, 57.952604618277334 ], [ 19.141374784148375, 57.952625252515695 ], [ 19.141562327590336, 57.952642793246888 ], [ 19.141614567805014, 57.95265939622162 ], [ 19.14171187805881, 57.95270625442302 ], [ 19.141786821938844, 57.952785155529483 ], [ 19.141774945010869, 57.952839378942393 ], [ 19.141668692549164, 57.952878106459693 ], [ 19.141603755440254, 57.952906770026765 ], [ 19.141395081201821, 57.952934711731061 ], [ 19.14128381765676, 57.952919663379674 ], [ 19.140971290674511, 57.95273917736904 ], [ 19.140807370634281, 57.952703051543757 ], [ 19.140655630005547, 57.95270704008901 ], [ 19.140479530510532, 57.952630790496535 ], [ 19.140405853032917, 57.952565338158927 ], [ 19.140381069330623, 57.95248062882736 ], [ 19.140344038143727, 57.952445660817851 ], [ 19.140061783344589, 57.952318291114999 ], [ 19.139852088889235, 57.952153078632733 ], [ 19.139814615712119, 57.952113628703977 ], [ 19.13978558248688, 57.952073956184911 ], [ 19.139872888815244, 57.952013261820596 ], [ 19.139973643657566, 57.95200612701526 ] ], [ [ 19.143836584998528, 57.953132273606926 ], [ 19.143892532974078, 57.953075853739158 ], [ 19.143849278765693, 57.953052400607405 ], [ 19.143839788471087, 57.953036596101931 ], [ 19.143873321750586, 57.952997132108294 ], [ 19.144015742393218, 57.952956782801039 ], [ 19.144050167290953, 57.952941197698031 ], [ 19.144064084494932, 57.952920609185099 ], [ 19.144084907633221, 57.952891522882226 ], [ 19.144124557182689, 57.952882557592766 ], [ 19.14419735239855, 57.952904631197704 ], [ 19.14425605629458, 57.952903245813623 ], [ 19.144309949763706, 57.952916700392734 ], [ 19.144345201183203, 57.952944803300099 ], [ 19.144358704144491, 57.95299233660041 ], [ 19.144379060582779, 57.953031632866612 ], [ 19.144416128896154, 57.95302741921757 ], [ 19.144478897971791, 57.953024902087321 ], [ 19.14453109401407, 57.953031597436429 ], [ 19.144585574435077, 57.953048270974655 ], [ 19.144603692944578, 57.953074342661068 ], [ 19.144577453740855, 57.953092220485878 ], [ 19.144552227554822, 57.953109716156511 ], [ 19.144548285649421, 57.953128927407711 ], [ 19.144620035904936, 57.953175691601025 ], [ 19.144643094800479, 57.953247310488187 ], [ 19.144682598788304, 57.953294128670706 ], [ 19.144647642517015, 57.953328991662858 ], [ 19.144650234103029, 57.953375155633935 ], [ 19.144610643003539, 57.953385917214817 ], [ 19.144581017713943, 57.953379565044585 ], [ 19.144533921440118, 57.953363684427593 ], [ 19.144495170672087, 57.953355983642609 ], [ 19.144465674979333, 57.953357901729731 ], [ 19.144415936061055, 57.95336590125202 ], [ 19.144389241929979, 57.95335196258042 ], [ 19.144309865583484, 57.953326551762565 ], [ 19.144240095746493, 57.953326741910033 ], [ 19.144181118108516, 57.953319901214101 ], [ 19.144043346730555, 57.953286541565362 ], [ 19.144027735345883, 57.953308838530418 ], [ 19.144001575264486, 57.953322614806694 ], [ 19.143959029883646, 57.953318671155877 ], [ 19.143914924370019, 57.953291640964721 ], [ 19.143873746992352, 57.953259571094506 ], [ 19.143812053080236, 57.953251593867741 ], [ 19.143757945840942, 57.953252236210766 ], [ 19.143714318799113, 57.953253227953695 ], [ 19.143704130521492, 57.953239389165006 ], [ 19.14371241404999, 57.953219434671396 ], [ 19.1437260656704, 57.953209915362976 ], [ 19.143836584998528, 57.953132273606926 ] ] ] } },
{ "type": "Feature", "properties": { "seadsgm": "SW296675", "lake_id": 246, "lake_area_m2": 1118.2652420960367, "localisedc": "sjö", "origin": "natural", "surfaceare": 1118 }, "geometry": { "type": "Polygon", "coordinates": [ [ [ 18.795292032998901, 57.423010749176321 ], [ 18.79528172519619, 57.423050280089988 ], [ 18.795276503641507, 57.423100571708837 ], [ 18.795295783921116, 57.423153443424894 ], [ 18.795285806055951, 57.423196237298825 ], [ 18.795284297355892, 57.423222437549946 ], [ 18.795301663708067, 57.423255738298224 ], [ 18.795313019678851, 57.423268496255737 ], [ 18.795318521311767, 57.423304312606909 ], [ 18.795358377803524, 57.423340254107508 ], [ 18.795395805042023, 57.423351180928925 ], [ 18.795433659665257, 57.423366467512572 ], [ 18.795464919152412, 57.423397191450867 ], [ 18.795467554114815, 57.423445079562278 ], [ 18.795479092587147, 57.423480722626337 ], [ 18.795488949381614, 57.423519691513526 ], [ 18.795441744334237, 57.423553725729903 ], [ 18.795452760564093, 57.423583936279329 ], [ 18.795484769918019, 57.423601554735889 ], [ 18.795536517842962, 57.423614264493608 ], [ 18.795573972377692, 57.423604483956119 ], [ 18.79560536060292, 57.4235741732913 ], [ 18.795566677760515, 57.423550190554479 ], [ 18.795554166325495, 57.423504766886673 ], [ 18.79554496156813, 57.423472326356489 ], [ 18.795547315968939, 57.423434106503755 ], [ 18.795612143244611, 57.423373410149964 ], [ 18.795634749886865, 57.423335712164608 ], [ 18.795646644937744, 57.423271058583765 ], [ 18.79565411659766, 57.423181468039246 ], [ 18.795619889411753, 57.423120299648531 ], [ 18.795566349746107, 57.423089115036419 ], [ 18.795538261988185, 57.423049574289209 ], [ 18.795527881502959, 57.423025890396964 ], [ 18.795493310348022, 57.423023596466564 ], [ 18.795455759225199, 57.423032282347947 ], [ 18.795401375502415, 57.422992399752353 ], [ 18.795367993014388, 57.422939927006269 ], [ 18.795344700099552, 57.422866472021155 ], [ 18.795325419918168, 57.422813600309702 ], [ 18.795328629504429, 57.422763369362386 ], [ 18.795262563286538, 57.422748880866749 ], [ 18.795184092141266, 57.422752191224887 ], [ 18.795146957083997, 57.422785939227907 ], [ 18.795149594436197, 57.422813120782827 ], [ 18.795185312169945, 57.422848080801352 ], [ 18.795238652718279, 57.422856380946904 ], [ 18.795271514404522, 57.422882703700189 ], [ 18.795274159971463, 57.422909885006291 ], [ 18.795265438085092, 57.422945008600685 ], [ 18.795275294258058, 57.422983975323511 ], [ 18.795292032998901, 57.423010749176321 ] ] ] } },
{ "type": "Feature", "properties": { "seadsgm": "SW294908", "lake_id": 247, "lake_area_m2": 3572.722489179112, "localisedc": "sjö", "origin": "natural", "surfaceare": 3573 }, "geometry": { "type": "Polygon", "coordinates": [ [ [ 18.245206671599565, 57.564645217005129 ], [ 18.245048576381929, 57.564405748829202 ], [ 18.244987135847204, 57.564362024876914 ], [ 18.244686058568789, 57.564358855507038 ], [ 18.243860940016315, 57.564392750937337 ], [ 18.243525073700869, 57.564619309902831 ], [ 18.243507326414598, 57.564636933873935 ], [ 18.24328996228386, 57.564852903619418 ], [ 18.243308752619082, 57.564883980215903 ], [ 18.24362377296654, 57.564861700095534 ], [ 18.243658121325385, 57.564859270058413 ], [ 18.245166140286344, 57.564663967002559 ], [ 18.245206671599565, 57.564645217005129 ] ], [ [ 18.244768431608119, 57.564590806164496 ], [ 18.244484653299068, 57.564596285609305 ], [ 18.244137673720545, 57.564656883097555 ], [ 18.243915310214501, 57.56470608845941 ], [ 18.243880138909404, 57.564679819903944 ], [ 18.243925714520795, 57.56461157250147 ], [ 18.244014232255971, 57.564560462103742 ], [ 18.244228848587245, 57.564520391852035 ], [ 18.244804166144679, 57.564500295570134 ], [ 18.244808369016319, 57.5645630915458 ], [ 18.244768431608119, 57.564590806164496 ] ] ] } },
{ "type": "Feature", "properties": { "seadsgm": "SW295051", "lake_id": 256, "lake_area_m2": 495.09718985110521, "localisedc": "sjö", "origin": "natural", "surfaceare": 495 }, "geometry": { "type": "Polygon", "coordinates": [ [ [ 18.743821547336513, 57.72099787079479 ], [ 18.743752960977396, 57.721001158769013 ], [ 18.74364991587565, 57.721003021468213 ], [ 18.743586186343887, 57.72102257538166 ], [ 18.743607195459994, 57.721052863457402 ], [ 18.743672466345579, 57.721057819335357 ], [ 18.743728112966782, 57.721091577460705 ], [ 18.743730436478856, 57.721128334139998 ], [ 18.743713291829433, 57.721159310379491 ], [ 18.743734825603447, 57.721197765853823 ], [ 18.743790714067909, 57.72123560607595 ], [ 18.74385612211147, 57.721242599152099 ], [ 18.743907766505931, 57.721213046858509 ], [ 18.743982290252482, 57.721183067483516 ], [ 18.744083939235232, 57.72115873176876 ], [ 18.74414449937025, 57.721149469386809 ], [ 18.744130467337612, 57.721108822982011 ], [ 18.744062856098861, 57.721067111157225 ], [ 18.743973896980265, 57.721050316700492 ], [ 18.743898798443038, 57.721010777789068 ], [ 18.743821547336513, 57.72099787079479 ] ] ] } },
{ "type": "Feature", "properties": { "seadsgm": "SW297259", "lake_id": 266, "lake_area_m2": 29897.48923125118, "localisedc": "sjö", "origin": "natural", "surfaceare": 29897 }, "geometry": { "type": "Polygon", "coordinates": [ [ [ 18.362356050944992, 57.697406023029679 ], [ 18.362158529985265, 57.69735028421843 ], [ 18.361956595051097, 57.697284422400102 ], [ 18.361951325344396, 57.697260039913914 ], [ 18.361906029819334, 57.697203694819606 ], [ 18.361844408404401, 57.697129267796022 ], [ 18.361733369931844, 57.697055704548646 ], [ 18.361593638599128, 57.697011210034063 ], [ 18.361495120989986, 57.696955794568034 ], [ 18.361438911482569, 57.696907804629475 ], [ 18.361210383852026, 57.6969056536146 ], [ 18.36115593449173, 57.696886192793919 ], [ 18.361026752329995, 57.696890479989598 ], [ 18.360974022565728, 57.696899558185656 ], [ 18.3608868017667, 57.69690514845184 ], [ 18.360822531107992, 57.696912384783062 ], [ 18.360805493189428, 57.696945333180601 ], [ 18.360800348693484, 57.696986226003972 ], [ 18.360836558337546, 57.697018244277722 ], [ 18.360836824093997, 57.697085574432258 ], [ 18.360766341175975, 57.697178607312615 ], [ 18.360692423469729, 57.697277834637525 ], [ 18.360679560021975, 57.697316819176052 ], [ 18.360723612021083, 57.697352783468389 ], [ 18.36074510793264, 57.697393211900788 ], [ 18.360758606733828, 57.697427668449635 ], [ 18.360834533449026, 57.697424300927651 ], [ 18.36092175550332, 57.697418710684566 ], [ 18.361029947124589, 57.697445392226015 ], [ 18.361103059776696, 57.69749425643905 ], [ 18.361137064416486, 57.697516984203816 ], [ 18.361203725012111, 57.697611729191387 ], [ 18.361205725948352, 57.69770758047278 ], [ 18.361164292226274, 57.69777767370077 ], [ 18.361060656781998, 57.697826407445483 ], [ 18.360982657472743, 57.69785836010324 ], [ 18.360880051778341, 57.697986647264273 ], [ 18.360806855219099, 57.698098088215261 ], [ 18.360687306481275, 57.698198113393474 ], [ 18.360575712918251, 57.698304104872157 ], [ 18.360501561422922, 57.698399247489654 ], [ 18.36045067319116, 57.6985021487098 ], [ 18.360396759269261, 57.698617338914538 ], [ 18.360367928302221, 57.69867828778618 ], [ 18.360371661248806, 57.698734388144302 ], [ 18.360416434113176, 57.698748398287513 ], [ 18.360480622734705, 57.69877145878322 ], [ 18.360634589509683, 57.698806648641224 ], [ 18.360841246600835, 57.698850427900574 ], [ 18.360939905630822, 57.69890528932612 ], [ 18.36104461227178, 57.698921303369225 ], [ 18.36113794943503, 57.698936710938703 ], [ 18.361445562858563, 57.699009616832967 ], [ 18.361712461582275, 57.69902731474739 ], [ 18.3617906042046, 57.699059916718213 ], [ 18.361884785283355, 57.699079554467708 ], [ 18.361966939527289, 57.699091940471817 ], [ 18.362078425192053, 57.699110055850774 ], [ 18.362177285317046, 57.699099526964758 ], [ 18.362219664392644, 57.699083119179022 ], [ 18.3622208408825, 57.699063364932499 ], [ 18.362220612412198, 57.699037213440185 ], [ 18.362264235506, 57.699014596928521 ], [ 18.3623483860009, 57.699001041978974 ], [ 18.362442918403875, 57.698993531413628 ], [ 18.363370884080727, 57.698970722426736 ], [ 18.363491350169337, 57.698948227833107 ], [ 18.3635634440482, 57.698881696574759 ], [ 18.363656617766217, 57.698786217277423 ], [ 18.363720374709654, 57.698707593695694 ], [ 18.363731126484591, 57.698633954987329 ], [ 18.363695280154683, 57.698523290467485 ], [ 18.36360864178404, 57.698475823284568 ], [ 18.363616336720995, 57.698414474520796 ], [ 18.363614484195939, 57.698383906757535 ], [ 18.36357336918374, 57.69833360909243 ], [ 18.363480133008139, 57.698302585977267 ], [ 18.363354318962479, 57.698174196207887 ], [ 18.363355045823283, 57.698123182868464 ], [ 18.363352673497602, 57.698084447414779 ], [ 18.363270732739718, 57.6980511924844 ], [ 18.363189277598956, 57.698026086350374 ], [ 18.363144217906385, 57.697973817364783 ], [ 18.363183200395948, 57.697926206583467 ], [ 18.363188210655998, 57.697883276207079 ], [ 18.363114350711918, 57.69785803168147 ], [ 18.362991928921829, 57.697847919961902 ], [ 18.362924098698059, 57.697859305449981 ], [ 18.362853551276292, 57.697825846039031 ], [ 18.362750597696841, 57.69776030281114 ], [ 18.36271401531609, 57.697722171994627 ], [ 18.362761235976137, 57.697684626234143 ], [ 18.362864397195814, 57.69769099061201 ], [ 18.362863788366429, 57.697680804052098 ], [ 18.36281406805578, 57.697614339056564 ], [ 18.362719599642183, 57.69756293390784 ], [ 18.362664622065338, 57.697535323800665 ], [ 18.362562780887558, 57.697488124144357 ], [ 18.362485685265174, 57.697457500724461 ], [ 18.362356050944992, 57.697406023029679 ] ] ] } },
{ "type": "Feature", "properties": { "seadsgm": "SW295658", "lake_id": 273, "lake_area_m2": 23364.810583069921, "localisedc": "sjö", "origin": "natural", "surfaceare": 23365 }, "geometry": { "type": "Polygon", "coordinates": [ [ [ 18.764208987190866, 57.849425871846428 ], [ 18.764222934979024, 57.849346033977518 ], [ 18.764259949184055, 57.849134382150361 ], [ 18.764268626026773, 57.849048622878627 ], [ 18.764262203361767, 57.848996684733848 ], [ 18.764219956146185, 57.848953499620151 ], [ 18.764159879546316, 57.848936762487369 ], [ 18.764068371332463, 57.848924879048923 ], [ 18.763629380115965, 57.848902097615024 ], [ 18.763399778770577, 57.848883227346747 ], [ 18.763177074101311, 57.848871103436693 ], [ 18.762987575556757, 57.848861968395305 ], [ 18.762773491205259, 57.848852518159894 ], [ 18.761944055069446, 57.848800683750277 ], [ 18.761375111033107, 57.848796719303245 ], [ 18.761334146362319, 57.848811528574281 ], [ 18.761142781921606, 57.848910630626506 ], [ 18.760958547554512, 57.848989388350496 ], [ 18.760933058412238, 57.849140308330348 ], [ 18.760865541147005, 57.849226759598928 ], [ 18.760872130430975, 57.849314574377182 ], [ 18.760709990757071, 57.849347004936973 ], [ 18.760605420709382, 57.849396463604961 ], [ 18.760566296060478, 57.849545189176958 ], [ 18.760539798437236, 57.849709973971194 ], [ 18.760521961037924, 57.849801298924056 ], [ 18.760520804835402, 57.849989410861696 ], [ 18.76058315071721, 57.850008167630683 ], [ 18.760667380711698, 57.850014757947676 ], [ 18.761296259766848, 57.850044959782664 ], [ 18.761459302808003, 57.850056331272526 ], [ 18.761849755428774, 57.850085076186133 ], [ 18.762626923781738, 57.850136566902634 ], [ 18.762977380327722, 57.850164471910411 ], [ 18.763135504027399, 57.850177058466713 ], [ 18.763160262930192, 57.850179021014405 ], [ 18.763288698612683, 57.85018904268729 ], [ 18.76356305862075, 57.850172741879334 ], [ 18.763791707678109, 57.850159165362555 ], [ 18.763985507636196, 57.850131930061984 ], [ 18.764108342460538, 57.850049488531944 ], [ 18.764188233684077, 57.849636412953373 ], [ 18.76419367658216, 57.849513393152321 ], [ 18.764208987190866, 57.849425871846428 ] ], [ [ 18.762307230930514, 57.849212544819977 ], [ 18.762421393184159, 57.849306534560448 ], [ 18.761553058946507, 57.849871507337824 ], [ 18.761384137240864, 57.849828742095134 ], [ 18.761290787181821, 57.849758294080715 ], [ 18.761227005522432, 57.849692341891974 ], [ 18.761270478811014, 57.849629069678855 ], [ 18.761427460810367, 57.849664978845993 ], [ 18.761468017534128, 57.849671569652877 ], [ 18.761660420080116, 57.849574100165533 ], [ 18.761952000690702, 57.849422475362772 ], [ 18.762070816453992, 57.849314928105116 ], [ 18.762133575694904, 57.849216685405864 ], [ 18.762307230930514, 57.849212544819977 ] ], [ [ 18.762100333049897, 57.849900244034245 ], [ 18.762172584182995, 57.849966697303223 ], [ 18.762117374177226, 57.849992235127395 ], [ 18.762011027386169, 57.850013480602733 ], [ 18.761863466954903, 57.849978398764414 ], [ 18.761795341595985, 57.849958393988807 ], [ 18.761812221023725, 57.849894751918093 ], [ 18.761901344343709, 57.849845454396089 ], [ 18.76184057360673, 57.849811269025011 ], [ 18.762483066041266, 57.849346601785676 ], [ 18.762603867168494, 57.849395664764494 ], [ 18.762763642566711, 57.849346758291077 ], [ 18.762855048916041, 57.84936459852517 ], [ 18.763035102893191, 57.84940389903273 ], [ 18.763216104467485, 57.849432402524926 ], [ 18.763259696562262, 57.849514640837889 ], [ 18.763356486273839, 57.849582829847151 ], [ 18.763491872562504, 57.849608253488903 ], [ 18.763521053228814, 57.849669575540645 ], [ 18.763550515507038, 57.849713807794387 ], [ 18.763671577501981, 57.849787568890548 ], [ 18.763644764509262, 57.849862654607179 ], [ 18.763514799459575, 57.849858791779788 ], [ 18.763394922860755, 57.849883954365595 ], [ 18.763293047948537, 57.849911740932505 ], [ 18.763276387728787, 57.84998707385131 ], [ 18.76318772667522, 57.849998293093378 ], [ 18.763115772543145, 57.849966865815873 ], [ 18.763168655089839, 57.849904547122172 ], [ 18.763119355358235, 57.849850519258027 ], [ 18.763023663648998, 57.849812002288942 ], [ 18.762880217532274, 57.849776424136678 ], [ 18.762694340163865, 57.849757540663951 ], [ 18.762561352207445, 57.849707932994143 ], [ 18.762263689861847, 57.849756371019126 ], [ 18.76208509398954, 57.849833158690394 ], [ 18.762100333049897, 57.849900244034245 ] ] ] } },
{ "type": "Feature", "properties": { "seadsgm": "SW296890", "lake_id": 275, "lake_area_m2": 667995.91482187808, "localisedc": "sjö", "origin": "natural", "surfaceare": 667996 }, "geometry": { "type": "Polygon", "coordinates": [ [ [ 18.235886815823793, 57.027689134901713 ], [ 18.235807260433749, 57.027680081054783 ], [ 18.235788248157789, 57.027647222863472 ], [ 18.235794038923405, 57.02761052335628 ], [ 18.235814017358344, 57.027603128587181 ], [ 18.235830415861194, 57.027589832813781 ], [ 18.235849612827145, 57.027555222619796 ], [ 18.235846672014709, 57.027521966308591 ], [ 18.23585196718011, 57.027476145473926 ], [ 18.235882028126053, 57.027456965791906 ], [ 18.23590497110068, 57.027421468621533 ], [ 18.235951485421477, 57.027281910247311 ], [ 18.235963224125832, 57.027240768529389 ], [ 18.235976441495438, 57.027196638950166 ], [ 18.236013081466563, 57.027156769060419 ], [ 18.236063493165471, 57.027133279349115 ], [ 18.236146274299657, 57.027115119283081 ], [ 18.236178565082117, 57.027068095348284 ], [ 18.236190520730094, 57.027023991794621 ], [ 18.236259751895354, 57.026944352209775 ], [ 18.236271369621395, 57.026878321835156 ], [ 18.236331338519452, 57.026822027105567 ], [ 18.236424221408676, 57.026617902786533 ], [ 18.236481187599818, 57.026597416795155 ], [ 18.236674455658598, 57.026544496511164 ], [ 18.23671006914439, 57.026514862476255 ], [ 18.236720395742264, 57.026484238864583 ], [ 18.236686396622037, 57.026456100789275 ], [ 18.236708674792123, 57.026427595253836 ], [ 18.236761541429328, 57.026387654248673 ], [ 18.236871379666319, 57.026318138841191 ], [ 18.236886200333231, 57.026293563715996 ], [ 18.23688118598777, 57.026263589396763 ], [ 18.236936781393386, 57.026208206355861 ], [ 18.237024284951872, 57.026145551979091 ], [ 18.237068069189501, 57.026106412057182 ], [ 18.237148548378769, 57.026007154754559 ], [ 18.237522834167073, 57.0256702595197 ], [ 18.2375223768538, 57.025644192281746 ], [ 18.237553344864178, 57.025624271033088 ], [ 18.237604537986691, 57.025623207349319 ], [ 18.23767007002607, 57.025617106717675 ], [ 18.237648473267026, 57.025553814377503 ], [ 18.2376424635166, 57.025545889193374 ], [ 18.237647452857296, 57.025522387003477 ], [ 18.237966802480592, 57.025343963689075 ], [ 18.238012043800765, 57.025312247516041 ], [ 18.238045731089809, 57.025206866136195 ], [ 18.238117446478817, 57.025162696943347 ], [ 18.238143530211438, 57.025168043923969 ], [ 18.238212064041608, 57.02517369448443 ], [ 18.238353747528411, 57.025169875543824 ], [ 18.238449750932315, 57.025184495522375 ], [ 18.238495422759271, 57.025166054461273 ], [ 18.238571799256754, 57.025138178161093 ], [ 18.238631649707028, 57.025102137566073 ], [ 18.238744187407228, 57.025124925740101 ], [ 18.238791417448237, 57.025123648128961 ], [ 18.238851260391161, 57.025087616398189 ], [ 18.238952908506082, 57.024990210709056 ], [ 18.238964740962729, 57.024946862776957 ], [ 18.238976597484669, 57.02490351422005 ], [ 18.23900030261138, 57.024816819500636 ], [ 18.239012151025555, 57.0247734711484 ], [ 18.239053152587477, 57.024703517129488 ], [ 18.239127188822128, 57.024649883132696 ], [ 18.239188597499862, 57.024631016782244 ], [ 18.239251565496016, 57.024629322709707 ], [ 18.239286159400351, 57.024662810629245 ], [ 18.239293947630205, 57.024748663610708 ], [ 18.239327762450554, 57.024773570837858 ], [ 18.239392289562577, 57.024789042428097 ], [ 18.239486748917145, 57.02478648889808 ], [ 18.239553599066113, 57.024827715989048 ], [ 18.239603168120933, 57.024852197622543 ], [ 18.239682653902182, 57.024858661088054 ], [ 18.239762139709239, 57.024865124502767 ], [ 18.239822760640699, 57.024837672995311 ], [ 18.239915660948753, 57.024817953413255 ], [ 18.240003891114693, 57.02474672981225 ], [ 18.240016525950953, 57.024711964031887 ], [ 18.24005750929793, 57.02464200793078 ], [ 18.240149621539043, 57.02461370771703 ], [ 18.240210265865809, 57.024586255404479 ], [ 18.240174883566969, 57.02454418509523 ], [ 18.240154466779426, 57.024493097774204 ], [ 18.240160091609738, 57.024381070691092 ], [ 18.240137344169135, 57.024304234571986 ], [ 18.240159486285744, 57.024200365176881 ], [ 18.240186307445533, 57.024148010465431 ], [ 18.240242263923413, 57.024069045854922 ], [ 18.240347773078771, 57.024014569554353 ], [ 18.240453297222349, 57.023960083992904 ], [ 18.240591076537804, 57.02391333951595 ], [ 18.240743829331272, 57.023857586373978 ], [ 18.240883151349408, 57.023828007712531 ], [ 18.24099256657621, 57.023816453713522 ], [ 18.241132683917055, 57.023795455026786 ], [ 18.241241319124263, 57.023775317958496 ], [ 18.24130117282882, 57.023739275923838 ], [ 18.241374424231438, 57.023677059983882 ], [ 18.241459528644796, 57.023571495239288 ], [ 18.24151938257663, 57.023535461863986 ], [ 18.241609938203538, 57.023489983754928 ], [ 18.241759559126137, 57.023399889455241 ], [ 18.241819404462287, 57.023363856149864 ], [ 18.241877697005712, 57.023310648154052 ], [ 18.241950946614644, 57.023248431892625 ], [ 18.241912458321739, 57.023172012750408 ], [ 18.24190623325628, 57.023103334222725 ], [ 18.241993675626009, 57.023023526439957 ], [ 18.242049626635794, 57.022944561069323 ], [ 18.242075648025846, 57.022883621362297 ], [ 18.242131614911422, 57.022804657731193 ], [ 18.242121480682091, 57.022693056430754 ], [ 18.242113702599145, 57.022607203251646 ], [ 18.242102016721187, 57.022478438232902 ], [ 18.242035064067693, 57.02239177256849 ], [ 18.242092582864725, 57.022329981429614 ], [ 18.242133559825035, 57.022260024697069 ], [ 18.242095853007598, 57.022192197200248 ], [ 18.242135286078017, 57.022105076545799 ], [ 18.242205428209559, 57.022008519591367 ], [ 18.242166924713189, 57.021932100922569 ], [ 18.242148083573536, 57.021898187960595 ], [ 18.242171763382089, 57.021811490932983 ], [ 18.242115979891768, 57.02171833373454 ], [ 18.242138490828861, 57.021627273297703 ], [ 18.242125908521686, 57.021606078573676 ], [ 18.242103099220149, 57.021437849977438 ], [ 18.24211200074064, 57.021388717880974 ], [ 18.242081714472182, 57.021392011315058 ], [ 18.242057864179824, 57.021384287546681 ], [ 18.242054190995173, 57.021334921715052 ], [ 18.242032462237351, 57.021267489932839 ], [ 18.24197906399386, 57.021198649138732 ], [ 18.241826093336556, 57.021111157678718 ], [ 18.241782872089676, 57.021068138783178 ], [ 18.24177361989344, 57.021027244062786 ], [ 18.24179767094434, 57.020904896221928 ], [ 18.241845667848633, 57.020791375811406 ], [ 18.241833128093397, 57.020760040635707 ], [ 18.241768976666776, 57.020753154936656 ], [ 18.241618224690402, 57.020690736793256 ], [ 18.241603429835589, 57.020653742949619 ], [ 18.241615204684557, 57.020611260867327 ], [ 18.24163826091003, 57.020530055768077 ], [ 18.241579882048715, 57.02040946654801 ], [ 18.241497249052184, 57.020260981823803 ], [ 18.241439717916041, 57.020204070550321 ], [ 18.24143403304679, 57.020156635463877 ], [ 18.241408588344434, 57.020120709836711 ], [ 18.241328844283576, 57.02004981912733 ], [ 18.241310331773416, 57.020016147733571 ], [ 18.241325580386459, 57.019989432075683 ], [ 18.241355804370851, 57.019930369755102 ], [ 18.24135760539134, 57.019858562136271 ], [ 18.241274980132228, 57.019654703653707 ], [ 18.241301513900993, 57.019620999676782 ], [ 18.241310730903628, 57.019591743070606 ], [ 18.241298193773492, 57.019560335358179 ], [ 18.24125793199509, 57.019542212646748 ], [ 18.241195021309711, 57.019526447866944 ], [ 18.241150968871636, 57.01950490091437 ], [ 18.241081268678663, 57.019435384847668 ], [ 18.24107199816261, 57.019384008870936 ], [ 18.241061874924039, 57.019353888309396 ], [ 18.241038129970605, 57.019331832712375 ], [ 18.240992643576174, 57.019303795947216 ], [ 18.240931395434917, 57.019253613030642 ], [ 18.240852405007164, 57.019238102289236 ], [ 18.240802156177718, 57.019211466135644 ], [ 18.240701897927387, 57.019214539809923 ], [ 18.240574048478734, 57.01921958572332 ], [ 18.240495022946018, 57.019182135671457 ], [ 18.240340222982272, 57.019151500856395 ], [ 18.240249978418358, 57.019162647889701 ], [ 18.240167977907102, 57.019160158786171 ], [ 18.239986820709611, 57.019186058105042 ], [ 18.239959452646282, 57.019169795683041 ], [ 18.239898074362472, 57.019115048571933 ], [ 18.239842472753775, 57.019110016630876 ], [ 18.239757727154, 57.019116203610615 ], [ 18.239433044269685, 57.019146589609939 ], [ 18.239315771084105, 57.019122722264029 ], [ 18.239250232511921, 57.019110863034392 ], [ 18.239169792192317, 57.019115202153159 ], [ 18.239109332341474, 57.019105109716186 ], [ 18.239010733767262, 57.019116524843696 ], [ 18.238949172295143, 57.019104869728565 ], [ 18.238870832127471, 57.019081097783868 ], [ 18.238735161756225, 57.019031502047952 ], [ 18.238654420263607, 57.019032378882507 ], [ 18.238613949274349, 57.019008778510859 ], [ 18.238549342750463, 57.01896332971301 ], [ 18.238522744926918, 57.01896330725603 ], [ 18.238374347786486, 57.018968400074776 ], [ 18.238215232052422, 57.018962952731371 ], [ 18.238126342093032, 57.01897265199807 ], [ 18.238029720540951, 57.018960266801876 ], [ 18.237968306923193, 57.018928291454444 ], [ 18.237919642936564, 57.018914754753879 ], [ 18.237857253514299, 57.018893205086982 ], [ 18.237829343262131, 57.018864315031777 ], [ 18.237822704593363, 57.018835181628447 ], [ 18.237803265459817, 57.018806631937743 ], [ 18.23774480438588, 57.018771775292961 ], [ 18.237735827264537, 57.018752113097371 ], [ 18.23772432264191, 57.018703213277412 ], [ 18.237691388700856, 57.01868095379487 ], [ 18.237586870037134, 57.018674167134805 ], [ 18.237525347695598, 57.018642319490908 ], [ 18.237497254482843, 57.01860752828452 ], [ 18.237499586524461, 57.018563662601316 ], [ 18.237493795134078, 57.018521879206759 ], [ 18.237469303428359, 57.018499903746907 ], [ 18.237429062727593, 57.018483837886563 ], [ 18.237414367689794, 57.018479014681112 ], [ 18.237224233893588, 57.018413260898178 ], [ 18.237138352690142, 57.018411743737651 ], [ 18.237066245950647, 57.01840391157122 ], [ 18.237018308020186, 57.018370954992704 ], [ 18.23703072158844, 57.018331415265955 ], [ 18.236939502591952, 57.018278516572195 ], [ 18.236835301596173, 57.018240115853651 ], [ 18.236725632919605, 57.018182238509503 ], [ 18.236652138465065, 57.018126798254947 ], [ 18.236632276135659, 57.018024617701215 ], [ 18.236643567152534, 57.017939133428492 ], [ 18.236609598266334, 57.01786766776241 ], [ 18.236598050481994, 57.017850266665761 ], [ 18.23656594145082, 57.017849227627202 ], [ 18.23637632874269, 57.017844470541519 ], [ 18.236305699735901, 57.01781891519343 ], [ 18.236149244799961, 57.017741097948921 ], [ 18.236041154360606, 57.017709023460121 ], [ 18.235884343511778, 57.017683649789234 ], [ 18.235497263405062, 57.017626431550632 ], [ 18.235399672420691, 57.017596270816249 ], [ 18.235343555571802, 57.017590738888487 ], [ 18.235298270488503, 57.017609375223778 ], [ 18.235247153055063, 57.017637287760564 ], [ 18.235229066324266, 57.017639076735456 ], [ 18.235194953809604, 57.017631742226854 ], [ 18.235107922757866, 57.017591331254295 ], [ 18.235069956293618, 57.01758511251137 ], [ 18.23503163226108, 57.017592369399601 ], [ 18.23495914252603, 57.017609731797251 ], [ 18.234918976348769, 57.017606627049233 ], [ 18.234816708746074, 57.017597460160374 ], [ 18.234742408398592, 57.017622322297044 ], [ 18.234692486317655, 57.017638624697533 ], [ 18.234646222997394, 57.017633232686983 ], [ 18.234471182518774, 57.017595858644114 ], [ 18.234413368908896, 57.017602837999661 ], [ 18.234365419533251, 57.017626748598211 ], [ 18.234291545441032, 57.017639204039519 ], [ 18.234250017316221, 57.017649409747676 ], [ 18.234171242527559, 57.017684366315066 ], [ 18.23415227137734, 57.017693387434662 ], [ 18.234140098030686, 57.017713037069775 ], [ 18.234117900781005, 57.017728363435566 ], [ 18.234074418883566, 57.017720902165536 ], [ 18.234001662355737, 57.017716958622245 ], [ 18.233846840617623, 57.01772159114568 ], [ 18.233707859478066, 57.017727385344152 ], [ 18.233611059961444, 57.017742625491159 ], [ 18.233569070304068, 57.017764656712998 ], [ 18.233519711800966, 57.017798382772639 ], [ 18.233458026224405, 57.017791365517908 ], [ 18.233379509534508, 57.017764746126318 ], [ 18.233326114416496, 57.017727186609832 ], [ 18.233222500271388, 57.017672691960328 ], [ 18.23306287256835, 57.017684988561129 ], [ 18.23279661038687, 57.017742524963516 ], [ 18.232347538172792, 57.017878075231813 ], [ 18.23217660269761, 57.017974496358867 ], [ 18.232006316527453, 57.018060798483141 ], [ 18.231948886459946, 57.018057473858256 ], [ 18.231844421111941, 57.018055992114817 ], [ 18.231762617860689, 57.01802376590129 ], [ 18.231727259561865, 57.017981692786954 ], [ 18.23164545676503, 57.017949468683355 ], [ 18.231519542944081, 57.017952855475052 ], [ 18.231330679904776, 57.017957931933424 ], [ 18.231155227953792, 57.017936835040622 ], [ 18.231043494052969, 57.017922624871787 ], [ 18.230711282740678, 57.017920462694036 ], [ 18.230546802703589, 57.017948074935731 ], [ 18.230292315349732, 57.018035181967377 ], [ 18.230046731535907, 57.018104727409984 ], [ 18.229936928199823, 57.018153560365349 ], [ 18.229817698388505, 57.018223312401439 ], [ 18.229691742190045, 57.018296788928396 ], [ 18.229585672214647, 57.018325505580989 ], [ 18.229415471628041, 57.018388582467061 ], [ 18.229335606549558, 57.018463996048716 ], [ 18.229323033105029, 57.018593506431877 ], [ 18.229292028364107, 57.018703409403955 ], [ 18.229284284008038, 57.01872832107091 ], [ 18.229303760755506, 57.018766283864046 ], [ 18.229338879032021, 57.018788271821201 ], [ 18.229391594375794, 57.018808567692503 ], [ 18.229406695475383, 57.018840709106328 ], [ 18.2294263828603, 57.018888886922369 ], [ 18.229442651764568, 57.018925582804073 ], [ 18.229443183218294, 57.018969914149544 ], [ 18.229496390231546, 57.019095467989466 ], [ 18.22949718042522, 57.019105130377675 ], [ 18.229502198252209, 57.019146262415916 ], [ 18.229407164535104, 57.019401232130988 ], [ 18.22943576636726, 57.019459121564118 ], [ 18.229490447610143, 57.019501596247203 ], [ 18.229517232928423, 57.019525939079017 ], [ 18.229555945739325, 57.019612613620616 ], [ 18.229589401812532, 57.019677102101049 ], [ 18.229636527730797, 57.019722458037862 ], [ 18.229738319946808, 57.019774314250661 ], [ 18.229801789652353, 57.019785169646383 ], [ 18.229861056985118, 57.019774957351288 ], [ 18.229939266991838, 57.019761214135137 ], [ 18.230019143352504, 57.019767783208877 ], [ 18.230066548351154, 57.019783989045521 ], [ 18.230168293054898, 57.019864771617847 ], [ 18.230195662086754, 57.019897963427709 ], [ 18.230222956999039, 57.019926592276512 ], [ 18.230215306384448, 57.0199498907104 ], [ 18.230188534034994, 57.020011558165365 ], [ 18.23024028907869, 57.02007694781507 ], [ 18.230255913395272, 57.020114731239609 ], [ 18.230256770865346, 57.020181904855605 ], [ 18.230254567938161, 57.02023329018855 ], [ 18.230276013966154, 57.020289746780563 ], [ 18.230279418998947, 57.020324338692937 ], [ 18.23026446263588, 57.020368512544387 ], [ 18.230211522782028, 57.020578645556277 ], [ 18.230190815259014, 57.020634257176404 ], [ 18.230189762516932, 57.020695556756628 ], [ 18.230182858036891, 57.020708354275108 ], [ 18.230179405494081, 57.020756284572798 ], [ 18.230172810095674, 57.020789238540829 ], [ 18.230160382479045, 57.020844098658962 ], [ 18.230196725791519, 57.020902606646914 ], [ 18.230167537854413, 57.020966491600767 ], [ 18.230174299702565, 57.020987559000218 ], [ 18.230223584869538, 57.021071019538482 ], [ 18.230219399918543, 57.021180230168397 ], [ 18.230232301054237, 57.02122131004991 ], [ 18.230257568170341, 57.021257253356481 ], [ 18.230292150278455, 57.021324668792062 ], [ 18.230270461484057, 57.021439159645858 ], [ 18.230287732818475, 57.021492756875368 ], [ 18.230312039155155, 57.021514477324814 ], [ 18.230385394670368, 57.0215699248334 ], [ 18.230453504537095, 57.021647820758297 ], [ 18.230439532373946, 57.021669127300434 ], [ 18.230401358215495, 57.021727579970701 ], [ 18.230425042281837, 57.021811657658276 ], [ 18.230448630834292, 57.021847633306031 ], [ 18.230470037502791, 57.021901674581315 ], [ 18.230488654258824, 57.02193803977719 ], [ 18.230487037437843, 57.021973553635689 ], [ 18.230506194982343, 57.02202254384548 ], [ 18.230517324174336, 57.022081676553739 ], [ 18.230517854390985, 57.022110959225543 ], [ 18.230535294777706, 57.022132567252392 ], [ 18.230602338745204, 57.02221531886466 ], [ 18.230590003316127, 57.022266695925801 ], [ 18.230579657922675, 57.022307531172579 ], [ 18.230605024101823, 57.022425435404223 ], [ 18.230525170983775, 57.022764973060553 ], [ 18.23052149740456, 57.022910191249444 ], [ 18.230495317328508, 57.022931049306813 ], [ 18.230433749358731, 57.022981099237349 ], [ 18.23039978581124, 57.023137015014015 ], [ 18.2303725290923, 57.023185243965941 ], [ 18.230358449553243, 57.023322127821544 ], [ 18.23035775716, 57.023378859798711 ], [ 18.230338724044977, 57.023424477634244 ], [ 18.23029224596646, 57.023535814015382 ], [ 18.230262986382282, 57.023625222356408 ], [ 18.230242702323935, 57.023710110585043 ], [ 18.230222990769935, 57.023818374583122 ], [ 18.230210077286998, 57.023847714685758 ], [ 18.230171390676617, 57.023934131500162 ], [ 18.230135117301252, 57.024072360878392 ], [ 18.230092262850867, 57.024172053161564 ], [ 18.230082543545734, 57.024242177307777 ], [ 18.230046842485642, 57.024280943605433 ], [ 18.229990318545276, 57.024348707712427 ], [ 18.229918950492397, 57.024473830288443 ], [ 18.229720455882223, 57.024648438798806 ], [ 18.229632766166553, 57.024688555915247 ], [ 18.229558230016828, 57.024710993494793 ], [ 18.229496237910592, 57.024718185798939 ], [ 18.22947722615643, 57.024726792391249 ], [ 18.229443421688892, 57.02472909595447 ], [ 18.229409826301648, 57.024704784016386 ], [ 18.229417902318264, 57.024615896437034 ], [ 18.229419163691542, 57.024583879089519 ], [ 18.229409253990241, 57.024504291448835 ], [ 18.229386109984858, 57.02440380564768 ], [ 18.229386220081125, 57.024375307508258 ], [ 18.229393814380003, 57.024331315089697 ], [ 18.229369930180127, 57.02431067209676 ], [ 18.229327859870832, 57.024278100993371 ], [ 18.229323573584999, 57.024240305695322 ], [ 18.229306252555578, 57.024213585280854 ], [ 18.229257116828162, 57.024175922803586 ], [ 18.229094151557987, 57.02413813041661 ], [ 18.229079890289416, 57.024169664708026 ], [ 18.229044025532804, 57.024232894268835 ], [ 18.228976261705835, 57.024304707439846 ], [ 18.228937479596247, 57.024358250475963 ], [ 18.228929936297718, 57.024380207289781 ], [ 18.228883591693723, 57.024477283185199 ], [ 18.228892085085253, 57.024512832318834 ], [ 18.228870817575061, 57.024539962796425 ], [ 18.228838109687587, 57.024602573117484 ], [ 18.228844312925478, 57.024625272451161 ], [ 18.228840462170492, 57.02465815546811 ], [ 18.228846882813666, 57.024682988970852 ], [ 18.228810071403821, 57.024714080336622 ], [ 18.228775268396458, 57.024734278301828 ], [ 18.228809728250983, 57.024746019104647 ], [ 18.22885734291118, 57.024771621932345 ], [ 18.22888842996835, 57.024778255037461 ], [ 18.228993470261877, 57.024771308221283 ], [ 18.229022500062911, 57.024803109929294 ], [ 18.229041089032016, 57.024833032564374 ], [ 18.229070894689091, 57.024829350940919 ], [ 18.229132120831594, 57.024787641467313 ], [ 18.229266135864904, 57.024811024913951 ], [ 18.229340639916071, 57.0248236368543 ], [ 18.229322641341742, 57.024842619893931 ], [ 18.22926972716451, 57.02486195555565 ], [ 18.229202519413281, 57.024871744735229 ], [ 18.229026319546332, 57.024892471724257 ], [ 18.228871703254082, 57.024971047519394 ], [ 18.22876215344559, 57.024998749065027 ], [ 18.228641253003307, 57.025003423139388 ], [ 18.228528972462424, 57.024985743829674 ], [ 18.228522123587119, 57.024969515599565 ], [ 18.2284972999907, 57.02493572661411 ], [ 18.228475380792229, 57.024878735490219 ], [ 18.228486716392077, 57.024832767978673 ], [ 18.228492856800294, 57.024757629427299 ], [ 18.228449009709077, 57.024697157262928 ], [ 18.228361960884033, 57.024632901505093 ], [ 18.228365916978095, 57.024612637200448 ], [ 18.228368683306755, 57.024590533760239 ], [ 18.228338442049949, 57.024563591394482 ], [ 18.22831971020997, 57.024549267506394 ], [ 18.228299350752469, 57.024505423734723 ], [ 18.228203785327707, 57.024469343051891 ], [ 18.228147199944054, 57.024457310528803 ], [ 18.228114734461755, 57.024450183904399 ], [ 18.228074583620341, 57.024459300639137 ], [ 18.22804411901452, 57.024482658668859 ], [ 18.227997148423317, 57.02462598275865 ], [ 18.22789890144502, 57.024753908872526 ], [ 18.227844424828202, 57.024758487935628 ], [ 18.22777760687103, 57.024800141320824 ], [ 18.227730105975638, 57.024833827894568 ], [ 18.227681337170242, 57.024855033293193 ], [ 18.227589328366893, 57.024880832770698 ], [ 18.227545208885889, 57.024919266833983 ], [ 18.227468517320549, 57.024978391767441 ], [ 18.22735029862918, 57.025072069466979 ], [ 18.227377241623294, 57.025084373280023 ], [ 18.227451155178038, 57.025108365451054 ], [ 18.227498861646392, 57.025137815827328 ], [ 18.22756227296961, 57.025213126328921 ], [ 18.227598317874147, 57.025337497465905 ], [ 18.22758563298051, 57.025388336684756 ], [ 18.227548392218601, 57.025427951756058 ], [ 18.22749834970363, 57.025451184861737 ], [ 18.227445829197883, 57.025459676798611 ], [ 18.227416740798656, 57.025471727453919 ], [ 18.227384865830324, 57.025503707137716 ], [ 18.227375425896835, 57.025536194391293 ], [ 18.227396418804275, 57.025593192023692 ], [ 18.227439995371842, 57.025743987747141 ], [ 18.227366149856557, 57.025841511287332 ], [ 18.227343284008587, 57.025917043900954 ], [ 18.227274372841862, 57.026002053508137 ], [ 18.227235247345973, 57.026058644384243 ], [ 18.227251681919867, 57.026201903822674 ], [ 18.227335627007843, 57.026259957168222 ], [ 18.227385097572611, 57.02628448998481 ], [ 18.227484235301478, 57.026273932960954 ], [ 18.227532945098684, 57.026289880144347 ], [ 18.227678370036447, 57.026329134555617 ], [ 18.227808063599348, 57.026368801269662 ], [ 18.227874036437086, 57.026401519913826 ], [ 18.228021030441653, 57.026417753322285 ], [ 18.228166457138286, 57.026457015913543 ], [ 18.228326141903185, 57.026478693417495 ], [ 18.228524020071458, 57.026576820968877 ], [ 18.228590737833933, 57.026618112063453 ], [ 18.228689681426921, 57.02666717446337 ], [ 18.228822373802174, 57.026741183592399 ], [ 18.228950244059895, 57.026809797510964 ], [ 18.229066411070846, 57.026875621118421 ], [ 18.22930682005552, 57.026963785554273 ], [ 18.229359547967356, 57.026957848660864 ], [ 18.2294233015879, 57.026948095946743 ], [ 18.229518032495069, 57.026937198986893 ], [ 18.229556037294735, 57.02693791876483 ], [ 18.229598308589793, 57.026948566705606 ], [ 18.22966821959119, 57.026987771105546 ], [ 18.229725891513127, 57.027004017203765 ], [ 18.229788933035902, 57.027003307073997 ], [ 18.229863556495943, 57.027017983042548 ], [ 18.2300358939147, 57.02707642348593 ], [ 18.230079988271267, 57.027067274571039 ], [ 18.230113931786445, 57.027066363072898 ], [ 18.230144734237541, 57.027057548539467 ], [ 18.230280228929292, 57.027032979283518 ], [ 18.230323018158096, 57.027043192238338 ], [ 18.230541607774587, 57.027174518048227 ], [ 18.230588612079114, 57.02718275223242 ], [ 18.230734861383333, 57.027193232013879 ], [ 18.230801143925593, 57.027166071185555 ], [ 18.230884340171073, 57.027146916332292 ], [ 18.230995720502786, 57.027140793983342 ], [ 18.231071963290397, 57.027132864245843 ], [ 18.23112609087962, 57.027101245996668 ], [ 18.231176184292387, 57.027093056634222 ], [ 18.23126052243925, 57.027087794879883 ], [ 18.231444044293141, 57.02704191163555 ], [ 18.231757752561673, 57.027027118965599 ], [ 18.23196073863879, 57.027115525270609 ], [ 18.232107183575597, 57.027122232377138 ], [ 18.232177024638478, 57.027143827362117 ], [ 18.232267056700834, 57.027147775805986 ], [ 18.232370626898536, 57.027160616067334 ], [ 18.232432672125757, 57.027173170666714 ], [ 18.232478262976159, 57.027158276145364 ], [ 18.232544294740784, 57.027151959046193 ], [ 18.232633321546675, 57.027167681158836 ], [ 18.232681905005062, 57.027188988982836 ], [ 18.232808848013072, 57.027240623285991 ], [ 18.232907182588239, 57.02726147280282 ], [ 18.233062230017563, 57.027282691378922 ], [ 18.23311135410335, 57.02729882325454 ], [ 18.233149910846471, 57.027321263492865 ], [ 18.233199853652518, 57.027363857014585 ], [ 18.23323488077525, 57.027417552472585 ], [ 18.233294151622442, 57.027458838286826 ], [ 18.233358981006742, 57.02749063779109 ], [ 18.233406519652799, 57.027499173150311 ], [ 18.233463748195401, 57.027511770537245 ], [ 18.233639603879105, 57.027564477140196 ], [ 18.233682981811992, 57.027594594589722 ], [ 18.233771177383474, 57.027645647125738 ], [ 18.23404606094935, 57.02779362657747 ], [ 18.234046203470818, 57.027816284852733 ], [ 18.234046247304139, 57.027823455836952 ], [ 18.23396792420165, 57.027920245479642 ], [ 18.233950327751046, 57.027953196524656 ], [ 18.233991267596423, 57.027998963305599 ], [ 18.234059687428815, 57.028035102849202 ], [ 18.234266162121003, 57.028126751252302 ], [ 18.234581223590858, 57.028240463912944 ], [ 18.234672502203228, 57.028282413931507 ], [ 18.234730169457304, 57.028294575851547 ], [ 18.234783901292335, 57.028306374233516 ], [ 18.234859584630989, 57.028333740078828 ], [ 18.234986500480957, 57.028378685868347 ], [ 18.235043288485251, 57.02837388378336 ], [ 18.235199190913502, 57.028345904330045 ], [ 18.235250751790044, 57.028327274947642 ], [ 18.235411099368918, 57.028305338466311 ], [ 18.235434377517226, 57.028291917509932 ], [ 18.235516687362963, 57.028261734625417 ], [ 18.235550699345115, 57.028243828902305 ], [ 18.2355510602153, 57.028227432106156 ], [ 18.235567203260821, 57.028190186163577 ], [ 18.235630983374016, 57.02816860701838 ], [ 18.23568900362925, 57.028142717275919 ], [ 18.235697032241866, 57.028104629940849 ], [ 18.235728675450808, 57.028074021335208 ], [ 18.23582372265053, 57.028016773553489 ], [ 18.235839076153312, 57.027997939173332 ], [ 18.235866786785074, 57.027912587891855 ], [ 18.235871408532695, 57.027869481703831 ], [ 18.235849741076311, 57.027790180937487 ], [ 18.235851090481027, 57.027781264279142 ], [ 18.235855128057992, 57.02775429950313 ], [ 18.235886815823793, 57.027689134901713 ] ], [ [ 18.231333244367285, 57.019123740678609 ], [ 18.231384738879974, 57.019147752085885 ], [ 18.231398062285336, 57.019173763462476 ], [ 18.231385663806513, 57.019209007212297 ], [ 18.231330695528492, 57.019254537433021 ], [ 18.231224744075547, 57.019284358493572 ], [ 18.231172947986003, 57.019289499759608 ], [ 18.230926615624217, 57.019110612064424 ], [ 18.230871927515654, 57.019080120956325 ], [ 18.230832708681547, 57.019061616888095 ], [ 18.230823871239799, 57.019036848082322 ], [ 18.230871951167792, 57.018991592567474 ], [ 18.230969145159143, 57.018935613915438 ], [ 18.231078058352757, 57.018905806537411 ], [ 18.231159643829784, 57.018879248558555 ], [ 18.231244768978858, 57.018812362376181 ], [ 18.231301708199929, 57.018768499680668 ], [ 18.231342564531197, 57.018755909196202 ], [ 18.231380048174398, 57.018762492695686 ], [ 18.231442529055602, 57.018820638966403 ], [ 18.231502312876962, 57.018861901209625 ], [ 18.23152859112513, 57.018881691851718 ], [ 18.231525933848481, 57.018922078419003 ], [ 18.231441053665286, 57.018975193621785 ], [ 18.231406016813459, 57.019010879536893 ], [ 18.231372555533319, 57.019065453597392 ], [ 18.231363043989091, 57.019075094599543 ], [ 18.231324981543974, 57.019113193754507 ], [ 18.231333244367285, 57.019123740678609 ] ] ] } },
{ "type": "Feature", "properties": { "seadsgm": "SW296332", "lake_id": 276, "lake_area_m2": 8458.29524320364, "localisedc": "sjö", "origin": "natural", "surfaceare": 8458 }, "geometry": { "type": "Polygon", "coordinates": [ [ [ 18.343782923019262, 57.08562479805525 ], [ 18.343826883626527, 57.085622904205003 ], [ 18.343926196537463, 57.085583143386167 ], [ 18.343990374351367, 57.085538987625497 ], [ 18.344092826441422, 57.085475193873286 ], [ 18.344128836541582, 57.085455210350077 ], [ 18.344159509182653, 57.085430479497916 ], [ 18.344214541400433, 57.085384860370091 ], [ 18.344242964078582, 57.085380703786072 ], [ 18.344341547912311, 57.085386728923709 ], [ 18.34443265427813, 57.08539861393453 ], [ 18.344551925385097, 57.08544239985298 ], [ 18.344644523738811, 57.085476387554543 ], [ 18.344714893528788, 57.085482797337114 ], [ 18.344708889730896, 57.085460277307874 ], [ 18.344661142771312, 57.085401717642611 ], [ 18.344669178136289, 57.085311147898466 ], [ 18.344693625328539, 57.08529221928633 ], [ 18.344777318377183, 57.085241429455614 ], [ 18.344791324980008, 57.085219902423773 ], [ 18.344749602520171, 57.085209231225214 ], [ 18.344696180037843, 57.085223765251406 ], [ 18.34463897573087, 57.085220754593919 ], [ 18.344607423919925, 57.08519286610985 ], [ 18.344586938317189, 57.085139089201611 ], [ 18.344623945797878, 57.085067998589309 ], [ 18.344663247539085, 57.085013155764869 ], [ 18.344686459639728, 57.08496164416384 ], [ 18.344768735495698, 57.084892987521506 ], [ 18.344859728723353, 57.084808706256077 ], [ 18.3448456595397, 57.084779883322646 ], [ 18.344763562148621, 57.0847100517651 ], [ 18.344688676356672, 57.084669432597373 ], [ 18.344690398847334, 57.084637014220725 ], [ 18.344729255499349, 57.084580905917271 ], [ 18.344711093463399, 57.084557029502918 ], [ 18.344665450922573, 57.084512238282137 ], [ 18.344669207720383, 57.084459808824064 ], [ 18.344687925020942, 57.084416482939162 ], [ 18.34468099707167, 57.084361336498944 ], [ 18.344606008520248, 57.084267763238877 ], [ 18.344632883216228, 57.084232568236722 ], [ 18.344658822536289, 57.084198802845698 ], [ 18.344675278985218, 57.084136649449206 ], [ 18.344678194607635, 57.084110941429849 ], [ 18.344688384695836, 57.084068086942011 ], [ 18.344653603510544, 57.084050424430281 ], [ 18.344628740796477, 57.084037801641387 ], [ 18.344551907181465, 57.084024220924476 ], [ 18.344361204812383, 57.084005646755841 ], [ 18.344299657176943, 57.084028406257318 ], [ 18.344185301858634, 57.08418006840143 ], [ 18.344151219951591, 57.084195938007348 ], [ 18.34409784688286, 57.084204474459746 ], [ 18.344031110846519, 57.084229692229414 ], [ 18.343998510657222, 57.084266306368889 ], [ 18.343969174530468, 57.084314186694449 ], [ 18.343875328487997, 57.084380500568457 ], [ 18.343807661917761, 57.08439673586652 ], [ 18.343736720987447, 57.084402038801244 ], [ 18.343650093372865, 57.08441433822388 ], [ 18.343689644607736, 57.084485225458629 ], [ 18.343702302883386, 57.08454403993801 ], [ 18.343693141575713, 57.084621956284046 ], [ 18.343661893281979, 57.084646557549497 ], [ 18.343583072979637, 57.084695329040905 ], [ 18.343593945817489, 57.084722330230591 ], [ 18.343632226771302, 57.084777054257586 ], [ 18.343694393809628, 57.08489978295755 ], [ 18.343671323762575, 57.0849158346076 ], [ 18.34360362239217, 57.0849381391508 ], [ 18.343550286739468, 57.084947014535217 ], [ 18.343455514784527, 57.084971569406825 ], [ 18.343497143483425, 57.084990873230559 ], [ 18.343565682012215, 57.08501231819632 ], [ 18.343633821920307, 57.085028710515715 ], [ 18.343673445340407, 57.085060744624649 ], [ 18.343723121750664, 57.085120609459061 ], [ 18.343736425910979, 57.08516860200384 ], [ 18.343722374252817, 57.08519590007144 ], [ 18.343723899648662, 57.085223304504154 ], [ 18.34384118681059, 57.085247231223455 ], [ 18.34400415741753, 57.085281589630334 ], [ 18.344005206496888, 57.085306120706043 ], [ 18.343983513900465, 57.085320013314188 ], [ 18.343941703355046, 57.085353554956924 ], [ 18.343956040281704, 57.085373363636869 ], [ 18.343996873971907, 57.08541148644813 ], [ 18.343992378948837, 57.085435329394514 ], [ 18.343961578762787, 57.085468936926624 ], [ 18.343909734168243, 57.085516564584893 ], [ 18.343779522733726, 57.085557609242933 ], [ 18.343739520470955, 57.085588945095054 ], [ 18.343745369970264, 57.08560877414704 ], [ 18.343782923019262, 57.08562479805525 ] ] ] } },
{ "type": "Feature", "properties": { "seadsgm": "SW296388", "lake_id": 290, "lake_area_m2": 16365.06786717847, "localisedc": "sjö", "origin": "natural", "surfaceare": 16365 }, "geometry": { "type": "Polygon", "coordinates": [ [ [ 18.767577072854611, 57.484283503205965 ], [ 18.767254317214146, 57.484244181161671 ], [ 18.767176746216112, 57.484229210273597 ], [ 18.767105860654787, 57.484189819031279 ], [ 18.767070247067256, 57.484092953165494 ], [ 18.767029373490239, 57.484052835655874 ], [ 18.76695134113546, 57.484017648676996 ], [ 18.766724059367053, 57.483963171470158 ], [ 18.76659232853903, 57.483898977427636 ], [ 18.766418046168845, 57.483849943654434 ], [ 18.766279775975978, 57.483797345997978 ], [ 18.765848353092135, 57.483801043816356 ], [ 18.765764991024152, 57.48382193261034 ], [ 18.765691862281574, 57.483860100141477 ], [ 18.765615225812702, 57.483856556439385 ], [ 18.765535961828732, 57.483821422989465 ], [ 18.765457837152301, 57.483799717787079 ], [ 18.76538262020869, 57.483798161953558 ], [ 18.765333527328359, 57.483839792452144 ], [ 18.765299091037129, 57.483922170910326 ], [ 18.765331287004095, 57.483978005975402 ], [ 18.765527888483835, 57.483964486376401 ], [ 18.765605114915811, 57.483975414268805 ], [ 18.765673435379501, 57.484014217890753 ], [ 18.765694277174688, 57.484054153158048 ], [ 18.765685231653336, 57.484095466920309 ], [ 18.765649873280267, 57.484136776989047 ], [ 18.76557704292529, 57.484178954688467 ], [ 18.765502575736193, 57.484200977867175 ], [ 18.765426388088105, 57.484202824878281 ], [ 18.765342557923343, 57.484188013617747 ], [ 18.765274059784499, 57.484222005751363 ], [ 18.765235664831522, 57.484256634669137 ], [ 18.76524424631306, 57.484299572716246 ], [ 18.765276568440694, 57.484341915339314 ], [ 18.765432562375832, 57.484381955383178 ], [ 18.765664853711513, 57.484436313725432 ], [ 18.765730653241413, 57.484475166344531 ], [ 18.765754083790402, 57.484515698108986 ], [ 18.765798620290344, 57.484524292907992 ], [ 18.76585203425882, 57.484571966713354 ], [ 18.765875598692762, 57.484592993474095 ], [ 18.765947502133397, 57.484611973765325 ], [ 18.766156854376007, 57.484667249644211 ], [ 18.766243443771803, 57.484724081499373 ], [ 18.766312022926037, 57.484769091313183 ], [ 18.766329912450502, 57.484780846666283 ], [ 18.766368268146596, 57.484806025411089 ], [ 18.766472880397689, 57.484819117151787 ], [ 18.766609562803932, 57.484885213517366 ], [ 18.766763354274964, 57.485003486417021 ], [ 18.766784322557399, 57.485009837589224 ], [ 18.766960517255654, 57.485115554109861 ], [ 18.767045940524358, 57.485140493043204 ], [ 18.767265285804264, 57.485171283074443 ], [ 18.767275661761651, 57.485171036450417 ], [ 18.76753168543171, 57.485165024193464 ], [ 18.76756925763107, 57.485158794824812 ], [ 18.76772098740269, 57.485133623413226 ], [ 18.767782973878457, 57.485097199387816 ], [ 18.7678006209409, 57.485086833296407 ], [ 18.7678824078452, 57.485066936373308 ], [ 18.768145795027021, 57.484942939302002 ], [ 18.768163605730873, 57.484934556995277 ], [ 18.7682663963115, 57.484864761021235 ], [ 18.768265962833606, 57.484859450941997 ], [ 18.768325205265139, 57.484836424006993 ], [ 18.768365421665937, 57.484771816423191 ], [ 18.768437599221421, 57.484652585483765 ], [ 18.768406815855709, 57.484609236133672 ], [ 18.768331039510517, 57.484571842289306 ], [ 18.768257364913936, 57.484533406533053 ], [ 18.768215660519903, 57.484504695669287 ], [ 18.768167822982146, 57.484471762737435 ], [ 18.768260463195826, 57.48437974893109 ], [ 18.768273479506892, 57.484334520882456 ], [ 18.768253188366938, 57.484290074015021 ], [ 18.768140971539445, 57.484243306176424 ], [ 18.767957830114618, 57.484247605275002 ], [ 18.767577072854611, 57.484283503205965 ] ] ] } },
{ "type": "Feature", "properties": { "seadsgm": "SW294017", "lake_id": 291, "lake_area_m2": 1616.0437624529004, "localisedc": "sjö", "origin": "natural", "surfaceare": 1616 }, "geometry": { "type": "Polygon", "coordinates": [ [ [ 18.448683831778528, 57.116798572978091 ], [ 18.448699211119788, 57.116796226896717 ], [ 18.448706370475204, 57.116787748709775 ], [ 18.448807454491739, 57.116639022889657 ], [ 18.448839263631239, 57.116608848367299 ], [ 18.448868685972993, 57.116559177062221 ], [ 18.448932886163313, 57.116536742944817 ], [ 18.44896625995646, 57.116542035407058 ], [ 18.448990374428508, 57.116571047697249 ], [ 18.449040630237711, 57.116621455279208 ], [ 18.44906331793198, 57.116620560626238 ], [ 18.449104104563521, 57.116553406222017 ], [ 18.449098454840492, 57.116521475612814 ], [ 18.449108932181389, 57.116505904543054 ], [ 18.449166093129691, 57.116502173100805 ], [ 18.449206592602554, 57.116492122791136 ], [ 18.449267282856017, 57.116462581722935 ], [ 18.449306786887927, 57.116431773778551 ], [ 18.449312543772717, 57.116402154091631 ], [ 18.44928668848544, 57.116358769782941 ], [ 18.449139848429258, 57.116276031864672 ], [ 18.44905873692921, 57.116241146343285 ], [ 18.449005950217089, 57.11621140471501 ], [ 18.44895438575568, 57.116185953221319 ], [ 18.448894965388668, 57.116182653103778 ], [ 18.448822235019371, 57.116183470376939 ], [ 18.448784868736862, 57.116195539140961 ], [ 18.448720234588357, 57.11626213626846 ], [ 18.448712193905095, 57.116306416589012 ], [ 18.448727456716053, 57.116397623797461 ], [ 18.448666712506302, 57.116465533844419 ], [ 18.448602835489304, 57.116497427408355 ], [ 18.448538256927606, 57.116545808032804 ], [ 18.448539695236679, 57.116581307062333 ], [ 18.448537034571736, 57.116626609095007 ], [ 18.448526372904574, 57.116659805251608 ], [ 18.44854347786368, 57.116696220599366 ], [ 18.448629195975748, 57.116783482076897 ], [ 18.448651996393554, 57.11679732923993 ], [ 18.448683831778528, 57.116798572978091 ] ] ] } },
{ "type": "Feature", "properties": { "seadsgm": "SW294554", "lake_id": 294, "lake_area_m2": 4307.5833211094141, "localisedc": "sjö", "origin": "natural", "surfaceare": 4308 }, "geometry": { "type": "Polygon", "coordinates": [ [ [ 18.404883541667719, 57.740815817847285 ], [ 18.404911536218407, 57.740770083220106 ], [ 18.404902844473604, 57.740648997220546 ], [ 18.404780632040548, 57.740467358251074 ], [ 18.404720312301343, 57.740446139319879 ], [ 18.404544204437865, 57.740449753706997 ], [ 18.404437111763585, 57.740478902507853 ], [ 18.404373246085072, 57.740525125802783 ], [ 18.404315159471924, 57.74065207055753 ], [ 18.404168688266957, 57.740834735862038 ], [ 18.403909317771735, 57.741082587875063 ], [ 18.403847697385405, 57.741160206280185 ], [ 18.403820277953251, 57.741246106870108 ], [ 18.403850552549343, 57.741434121729895 ], [ 18.403980505514625, 57.741606616767243 ], [ 18.403988224985874, 57.741714253823957 ], [ 18.403958865629871, 57.741773247639152 ], [ 18.403999492506347, 57.741871216580932 ], [ 18.404059806054732, 57.741892436051018 ], [ 18.404062306353989, 57.741892577286329 ], [ 18.404118834790932, 57.741895720326347 ], [ 18.404183358300248, 57.74185846876879 ], [ 18.404228517069349, 57.741785682322828 ], [ 18.40423113906045, 57.741587999635101 ], [ 18.404171818229248, 57.741463458331573 ], [ 18.404164737255595, 57.741364795548179 ], [ 18.404210542230263, 57.74130097877206 ], [ 18.404273123704733, 57.741236811626067 ], [ 18.404465395674038, 57.741107110768375 ], [ 18.404836367681106, 57.740892894456806 ], [ 18.404883541667719, 57.740815817847285 ] ] ] } },
{ "type": "Feature", "properties": { "seadsgm": "SW294481", "lake_id": 298, "lake_area_m2": 330780.05730395083, "localisedc": "sjö", "origin": "natural", "surfaceare": 330780 }, "geometry": { "type": "Polygon", "coordinates": [ [ [ 18.78307833758528, 57.565365081948457 ], [ 18.783157430162444, 57.565180488363033 ], [ 18.783161311174624, 57.565139273667427 ], [ 18.783146462419847, 57.565098559232311 ], [ 18.783064236237699, 57.565019107413889 ], [ 18.78305687482106, 57.564978194764059 ], [ 18.783077068857772, 57.564936572057427 ], [ 18.783168661325778, 57.564852052177095 ], [ 18.783166318407577, 57.564811006581415 ], [ 18.783124079775572, 57.564729879200364 ], [ 18.783129302175297, 57.564689309136426 ], [ 18.783163225974906, 57.564647344883703 ], [ 18.783325048780682, 57.564519945120423 ], [ 18.783340215606035, 57.56447845557819 ], [ 18.783291560681214, 57.564438592657865 ], [ 18.783218844721478, 57.564410112812965 ], [ 18.783174146693238, 57.564372163811868 ], [ 18.783155746359498, 57.564291111724671 ], [ 18.783117562661605, 57.564270499360489 ], [ 18.783045124116811, 57.564259554105412 ], [ 18.782993991354985, 57.564233899449327 ], [ 18.78290999092782, 57.564134271007781 ], [ 18.782901383883612, 57.564093395707587 ], [ 18.782920449451211, 57.564010699779097 ], [ 18.782985865395862, 57.563927513778395 ], [ 18.782992399747172, 57.563845138768905 ], [ 18.782946280630785, 57.563805217245893 ], [ 18.782875122603244, 57.563765921491708 ], [ 18.782777838218404, 57.563686174802704 ], [ 18.782728295763686, 57.563564817794223 ], [ 18.78264101760011, 57.563484817039885 ], [ 18.782511583113834, 57.563324368886811 ], [ 18.782353158713999, 57.563205080404899 ], [ 18.782332012775743, 57.563164517404772 ], [ 18.782336097286517, 57.563082215906988 ], [ 18.782411652945353, 57.562957665169932 ], [ 18.782510801326588, 57.562872936679156 ], [ 18.782799762586318, 57.562537464831799 ], [ 18.782873427364564, 57.562505262208241 ], [ 18.782948606453186, 57.562490554933049 ], [ 18.783021656209144, 57.562451644967005 ], [ 18.782996811014268, 57.562411175454635 ], [ 18.782918665913261, 57.562378121370855 ], [ 18.782845771453175, 57.562333482238479 ], [ 18.782800573077353, 57.562247021733235 ], [ 18.782799917142771, 57.562082650381939 ], [ 18.782821339672207, 57.562040990839911 ], [ 18.782944227871145, 57.561955677298535 ], [ 18.783016760502331, 57.561924856293558 ], [ 18.783140776074266, 57.561909564420432 ], [ 18.783149632705012, 57.561867572685976 ], [ 18.783141025807225, 57.561826695199102 ], [ 18.783096137923401, 57.561786728058564 ], [ 18.783017709322614, 57.561764462552084 ], [ 18.782940282154446, 57.561725328577261 ], [ 18.782811963626784, 57.561605945633644 ], [ 18.782576079567118, 57.561532423155739 ], [ 18.78250741291879, 57.561493078901542 ], [ 18.78227498500436, 57.561288068518266 ], [ 18.782183182453775, 57.561156316148598 ], [ 18.782027924583797, 57.561030206779293 ], [ 18.78192724168996, 57.560897326646497 ], [ 18.781901388427954, 57.560802976264874 ], [ 18.781929742338857, 57.560583275468133 ], [ 18.781887427941101, 57.560543913448463 ], [ 18.781659907288233, 57.560437162113232 ], [ 18.781407786596972, 57.560407165331966 ], [ 18.781142574294954, 57.560342476716151 ], [ 18.780984719967343, 57.560286519392754 ], [ 18.78093107779781, 57.560246767873799 ], [ 18.780744728567981, 57.560008931531542 ], [ 18.780670117389331, 57.559873363711837 ], [ 18.780648267028273, 57.559710176530025 ], [ 18.780628079220634, 57.559680382125215 ], [ 18.780581988722343, 57.559683561371287 ], [ 18.780427502583375, 57.559737337095363 ], [ 18.78038266054303, 57.55976947570106 ], [ 18.780389896808053, 57.559851499249461 ], [ 18.780360651303315, 57.559975543254808 ], [ 18.780297397511696, 57.560097746329902 ], [ 18.780262768484754, 57.560131646545081 ], [ 18.78016169509425, 57.560194179615053 ], [ 18.780063513794524, 57.560232392375546 ], [ 18.779854873374468, 57.560255197896829 ], [ 18.779777817943469, 57.560248399662797 ], [ 18.779698688164117, 57.560218062175892 ], [ 18.779676369018237, 57.560178190284354 ], [ 18.779660417323704, 57.560096390572156 ], [ 18.779582473223851, 57.560065352384449 ], [ 18.779556362334066, 57.560024911428705 ], [ 18.779581699394011, 57.559942063269332 ], [ 18.77954428968733, 57.559901916980174 ], [ 18.779386155022415, 57.559842583531527 ], [ 18.77932248757439, 57.559803096640586 ], [ 18.779340159180027, 57.559761552313198 ], [ 18.779285272787305, 57.559721828638295 ], [ 18.779207018334898, 57.559701568535466 ], [ 18.779195924031288, 57.559660758802345 ], [ 18.779268981389592, 57.559621859524661 ], [ 18.77941893776153, 57.559587715365041 ], [ 18.779571291218819, 57.559581170213747 ], [ 18.779648605874804, 57.559604812314539 ], [ 18.779704474422303, 57.559612820602801 ], [ 18.779746233979822, 57.559603010652303 ], [ 18.77976908287237, 57.559563348130993 ], [ 18.779749758618276, 57.559528799545674 ], [ 18.779546716544502, 57.559486792125831 ], [ 18.779302869673401, 57.559422214696966 ], [ 18.779238064212304, 57.559426557855353 ], [ 18.77893284404869, 57.559634413283604 ], [ 18.778781325352618, 57.559693508884351 ], [ 18.778548805303299, 57.559729723951335 ], [ 18.778474336163942, 57.559752498422071 ], [ 18.778253743231087, 57.559853088136499 ], [ 18.778039317976422, 57.559967007723053 ], [ 18.777664694553568, 57.560055334234434 ], [ 18.777514260702034, 57.560069936900156 ], [ 18.777284711467658, 57.560068342795304 ], [ 18.777128496753196, 57.560031202637468 ], [ 18.777051915453406, 57.560029755488941 ], [ 18.776904427358893, 57.560077976624704 ], [ 18.776731001284741, 57.560101897810817 ], [ 18.776714246002321, 57.56013938853021 ], [ 18.776715998316831, 57.560173708574176 ], [ 18.776748152791647, 57.560197148326338 ], [ 18.776878822807486, 57.560214723171818 ], [ 18.777108428377158, 57.56021700998572 ], [ 18.777187165127245, 57.560242632660767 ], [ 18.777248086223302, 57.56032261618369 ], [ 18.777305670268433, 57.560335978422287 ], [ 18.777358353895099, 57.56032184932608 ], [ 18.777438720854274, 57.560237606120722 ], [ 18.777512354271597, 57.560205416345703 ], [ 18.777548797996399, 57.560163389135909 ], [ 18.777622110734995, 57.560127163390717 ], [ 18.777771704888533, 57.560089019526423 ], [ 18.777847356595554, 57.560079687774952 ], [ 18.778077328825642, 57.560085989773007 ], [ 18.778390042247647, 57.560177788881305 ], [ 18.778464866349381, 57.5602163208234 ], [ 18.778681171541955, 57.560423754602347 ], [ 18.778899966613849, 57.560688404692435 ], [ 18.778926344172739, 57.56077465541258 ], [ 18.778916012458399, 57.560857126285349 ], [ 18.778940720525693, 57.56093869884738 ], [ 18.778983064604137, 57.560978058722171 ], [ 18.779061681211754, 57.561002336105574 ], [ 18.779216818671983, 57.561027376310072 ], [ 18.779295474239749, 57.561052341635865 ], [ 18.779521274996654, 57.561167900446925 ], [ 18.779593524096775, 57.561248272278782 ], [ 18.779716556560274, 57.561493113327764 ], [ 18.77973748614151, 57.561702804340023 ], [ 18.779779818098238, 57.561728014935056 ], [ 18.779854448473781, 57.561721408179267 ], [ 18.78000772505996, 57.561724934502706 ], [ 18.780085858026794, 57.561757990685045 ], [ 18.780120744939751, 57.561798203675323 ], [ 18.78013434401705, 57.561838966820865 ], [ 18.780130449812777, 57.561880164215367 ], [ 18.780095262464755, 57.561922163316851 ], [ 18.780022034697819, 57.561959061813845 ], [ 18.779946361844384, 57.561968380077801 ], [ 18.779792693614095, 57.561960143807781 ], [ 18.779715604188382, 57.561939194892972 ], [ 18.77963895095909, 57.561937095073809 ], [ 18.779566112374422, 57.561978694444207 ], [ 18.77948200703343, 57.562063033465883 ], [ 18.779486846465151, 57.562104013039502 ], [ 18.779545421921195, 57.562142958847993 ], [ 18.77969910384201, 57.562165335644401 ], [ 18.779777409171768, 57.562186267897729 ], [ 18.779852308846465, 57.562225472925036 ], [ 18.779940838043601, 57.56230541821153 ], [ 18.78002069573958, 57.562343827025245 ], [ 18.780177261204724, 57.562385007598039 ], [ 18.780322960961083, 57.562459474762349 ], [ 18.780557685625283, 57.562533699137425 ], [ 18.78069622717215, 57.562612382044833 ], [ 18.780849211618062, 57.56268397645588 ], [ 18.781006848071506, 57.562737262666325 ], [ 18.781082110985039, 57.562737361946603 ], [ 18.781161424268653, 57.562769717028779 ], [ 18.781165011590428, 57.562810734104296 ], [ 18.781111066744838, 57.562853188209871 ], [ 18.781036640078181, 57.562876654276359 ], [ 18.780978938931948, 57.562919203355747 ], [ 18.780954874599267, 57.563002022424534 ], [ 18.780883038475505, 57.563126489244056 ], [ 18.780815340534343, 57.563169300562642 ], [ 18.780740705632603, 57.563190059576087 ], [ 18.780397338999332, 57.563249298531183 ], [ 18.780208063885148, 57.563264203398276 ], [ 18.780126028911251, 57.563258210817928 ], [ 18.779894280862109, 57.563217592854343 ], [ 18.77965908870442, 57.56315211976267 ], [ 18.779581957231404, 57.563144647499648 ], [ 18.779507184502588, 57.563149910534506 ], [ 18.779433070476944, 57.56317672031809 ], [ 18.77923810890502, 57.563298239462597 ], [ 18.779162487375554, 57.563308238329228 ], [ 18.779085709098126, 57.563304802878847 ], [ 18.779007570288059, 57.563285889024215 ], [ 18.778927941635555, 57.563250170428311 ], [ 18.778820654875584, 57.56317068539191 ], [ 18.778797112269963, 57.563130841211567 ], [ 18.778789644739348, 57.563067039234021 ], [ 18.778862965512833, 57.562952644120671 ], [ 18.778867853194214, 57.562822488322034 ], [ 18.778834219612101, 57.562782226473558 ], [ 18.778776838247989, 57.562742588235466 ], [ 18.778541232514307, 57.562658269919879 ], [ 18.778464116990172, 57.562650781151838 ], [ 18.778312310798615, 57.562664066943647 ], [ 18.778234534101475, 57.562649178519059 ], [ 18.778090971177996, 57.562570625837218 ], [ 18.778013737301077, 57.56254765635321 ], [ 18.777963851138701, 57.562507810835811 ], [ 18.778022793060398, 57.562465226023889 ], [ 18.778252193566338, 57.56247894466096 ], [ 18.77840570692689, 57.562471020822578 ], [ 18.778433788327725, 57.562448068759771 ], [ 18.778441375610509, 57.562420249508811 ], [ 18.778504317376218, 57.562380242380165 ], [ 18.778654325573932, 57.562346798028507 ], [ 18.778675771117868, 57.562305156150963 ], [ 18.77853355024023, 57.562170622521343 ], [ 18.77847013949512, 57.562147976787259 ], [ 18.778175842617056, 57.562180367143831 ], [ 18.778030021889034, 57.562175967702089 ], [ 18.777710722195014, 57.562109278667364 ], [ 18.77755379941965, 57.562064060296066 ], [ 18.777327831748913, 57.561946490105058 ], [ 18.777171328027841, 57.56189182873181 ], [ 18.777095204323246, 57.561895778670937 ], [ 18.776620361671192, 57.561985296079904 ], [ 18.77654387596284, 57.561985204432219 ], [ 18.776466155660898, 57.561970995930317 ], [ 18.776387247423923, 57.561943356231559 ], [ 18.776314822413049, 57.561904103669676 ], [ 18.77621011502762, 57.561825213236446 ], [ 18.776145408446677, 57.561744648903861 ], [ 18.776144876892364, 57.561725018999653 ], [ 18.7761443115857, 57.561703566008177 ], [ 18.776113194104553, 57.561663265493465 ], [ 18.775973385604797, 57.561584598148187 ], [ 18.775929016102015, 57.561566497861442 ], [ 18.775894079415139, 57.561552239713123 ], [ 18.775817250825167, 57.561548121183776 ], [ 18.775743596011512, 57.561580301749252 ], [ 18.77566874407702, 57.561599040416624 ], [ 18.775593207450793, 57.561595565741435 ], [ 18.775527072524689, 57.561556142035315 ], [ 18.775344080850939, 57.561413887109822 ], [ 18.775149564203321, 57.561311674578995 ], [ 18.774934141996553, 57.561228194486532 ], [ 18.774862997342534, 57.56118889184782 ], [ 18.774784275473557, 57.561163258489707 ], [ 18.7745906179792, 57.561170862523454 ], [ 18.774357475685964, 57.561228637147899 ], [ 18.774289774498403, 57.561271455966313 ], [ 18.774225320731521, 57.561437487345252 ], [ 18.774168861468322, 57.56148001361143 ], [ 18.773933290002333, 57.561567513165457 ], [ 18.773754154714265, 57.561611793269883 ], [ 18.773465972430621, 57.561656837383538 ], [ 18.773211310011106, 57.561669348287076 ], [ 18.773137054108016, 57.561694802038986 ], [ 18.772919373668742, 57.561814850590871 ], [ 18.772908054127765, 57.561829465840326 ], [ 18.772888967690584, 57.561854035323719 ], [ 18.77292565867625, 57.561900939427986 ], [ 18.773066341548628, 57.561932416452493 ], [ 18.77309016729442, 57.561975615944618 ], [ 18.772961015774868, 57.562061089245844 ], [ 18.772796665976429, 57.562188544272097 ], [ 18.772665980406039, 57.562271365398693 ], [ 18.772591096559324, 57.56228942925425 ], [ 18.772514717583515, 57.562290688504106 ], [ 18.77228190187326, 57.562237952247521 ], [ 18.772044518572951, 57.56214693204624 ], [ 18.771981037022769, 57.562137762897869 ], [ 18.771924051446266, 57.562160091726966 ], [ 18.771927176591777, 57.562195720661691 ], [ 18.772071050934098, 57.562363899436498 ], [ 18.772304812854681, 57.562470500884913 ], [ 18.772345866139972, 57.562509912466041 ], [ 18.772399320968447, 57.562590751464164 ], [ 18.772626296482688, 57.562705630938709 ], [ 18.772863631376197, 57.562795975499775 ], [ 18.773095684964559, 57.562839968680102 ], [ 18.773173102416781, 57.562879091283655 ], [ 18.773313781133936, 57.563039284353167 ], [ 18.773337199812694, 57.563120896370435 ], [ 18.773226571995334, 57.563260472749974 ], [ 18.773153485526407, 57.563299377916763 ], [ 18.773076476871356, 57.563293237002682 ], [ 18.77299870854668, 57.563264222096912 ], [ 18.772989833526282, 57.563205820197673 ], [ 18.77304195845328, 57.563156663401131 ], [ 18.773100302178356, 57.563121489675254 ], [ 18.773090619588896, 57.563082661138878 ], [ 18.773014605954316, 57.56303067295012 ], [ 18.772948789591446, 57.563023586965208 ], [ 18.772917475925905, 57.563052675217726 ], [ 18.772902652652604, 57.563112341297405 ], [ 18.772905693779489, 57.563290155526872 ], [ 18.772939294897732, 57.563330400062704 ], [ 18.773009127118705, 57.563369077970783 ], [ 18.773485642103211, 57.563427083166339 ], [ 18.77356449908158, 57.563454061126677 ], [ 18.773593139869224, 57.563494438528259 ], [ 18.773589036271289, 57.56357674654177 ], [ 18.773648948236815, 57.563616331111803 ], [ 18.773728379955504, 57.563650035010198 ], [ 18.773885656829361, 57.563699284298728 ], [ 18.774121648676385, 57.563788319067314 ], [ 18.774430984533719, 57.563870097013599 ], [ 18.774568018116653, 57.564045870892073 ], [ 18.77463136211346, 57.564196534377459 ], [ 18.7748816750134, 57.564405825947681 ], [ 18.775192151183493, 57.564557660734053 ], [ 18.775324447924561, 57.564636507821071 ], [ 18.775403653777438, 57.56466752195152 ], [ 18.775556052885889, 57.564660971904189 ], [ 18.775633654533856, 57.564673825868105 ], [ 18.775664759952715, 57.56471414664334 ], [ 18.775662110998766, 57.564769458087284 ], [ 18.775630060268409, 57.564818779020435 ], [ 18.775657290767658, 57.564871999822486 ], [ 18.775729514038584, 57.564909254791132 ], [ 18.77585379292416, 57.5649963972322 ], [ 18.775877401444724, 57.565036896270328 ], [ 18.77589709635615, 57.565118610605985 ], [ 18.775943225867319, 57.565158534284635 ], [ 18.776256949378787, 57.565347339646884 ], [ 18.776467475956775, 57.565560317365879 ], [ 18.776644082199041, 57.565672408896667 ], [ 18.776722993396682, 57.565700074825244 ], [ 18.776800674545157, 57.565713590840147 ], [ 18.776998998866169, 57.565701835917828 ], [ 18.777168941765748, 57.565723801588696 ], [ 18.77732628555453, 57.565773718697699 ], [ 18.7775372164765, 57.565891010802964 ], [ 18.777771951071887, 57.565965251316015 ], [ 18.777985406585625, 57.566083149773974 ], [ 18.778056199111237, 57.56620399927769 ], [ 18.778188508051905, 57.566282843198366 ], [ 18.778422855284902, 57.566352365997176 ], [ 18.778450433189359, 57.566381318213359 ], [ 18.778639334894294, 57.566690513477205 ], [ 18.778722022734115, 57.566775338731745 ], [ 18.778789443353702, 57.566814742215733 ], [ 18.779091589099774, 57.566957341461624 ], [ 18.779374494919619, 57.567137479163449 ], [ 18.779752213099194, 57.567511973629642 ], [ 18.779870166498682, 57.567684178573522 ], [ 18.780103362507049, 57.56795520053879 ], [ 18.780260062788731, 57.568026019560065 ], [ 18.780318726030512, 57.56806562984297 ], [ 18.780485047352865, 57.56823188934419 ], [ 18.780573431154679, 57.568352937022517 ], [ 18.780624567560711, 57.568392755186586 ], [ 18.780702493481193, 57.568423119700221 ], [ 18.780937898716164, 57.568490608921394 ], [ 18.781416055506813, 57.568595038826558 ], [ 18.781652281517218, 57.568686068402108 ], [ 18.781707175080626, 57.568725780111315 ], [ 18.781759377764224, 57.56880598805845 ], [ 18.781811512544188, 57.568857212149233 ], [ 18.781976561192291, 57.568851697823412 ], [ 18.781931195771786, 57.568806340219624 ], [ 18.781732104480572, 57.568538515659284 ], [ 18.78172106290582, 57.568498349851659 ], [ 18.781729959633225, 57.568457030983893 ], [ 18.781756391442311, 57.568415256689015 ], [ 18.78182411403677, 57.568372444300827 ], [ 18.781898667239368, 57.568350330731526 ], [ 18.781974264869028, 57.568340322337505 ], [ 18.782050948860274, 57.568342428836445 ], [ 18.782205628401286, 57.568418675254108 ], [ 18.782323987593539, 57.568538311646421 ], [ 18.782482419532254, 57.568657600294976 ], [ 18.782508556749807, 57.568698042187336 ], [ 18.782581286914329, 57.568740662782481 ], [ 18.782747746926443, 57.568751260824484 ], [ 18.782905856164163, 57.568809915477885 ], [ 18.78296453167421, 57.568849524232519 ], [ 18.783043577071009, 57.568878523567285 ], [ 18.783433984816838, 57.568969006826883 ], [ 18.783550652226786, 57.569026682178929 ], [ 18.783629555138525, 57.569025358347226 ], [ 18.783665328661044, 57.569004235626331 ], [ 18.783643663051663, 57.568886204590392 ], [ 18.783677642775487, 57.568844905898466 ], [ 18.783751551612383, 57.568815410976129 ], [ 18.783826458307054, 57.568797331174373 ], [ 18.783978093932934, 57.568796172048842 ], [ 18.784056131749768, 57.568813736130714 ], [ 18.784103515917689, 57.568853647953475 ], [ 18.784238879162952, 57.569066486767397 ], [ 18.784387428142814, 57.569187373504505 ], [ 18.784489540303195, 57.569293271356031 ], [ 18.784538337356352, 57.569363439211351 ], [ 18.784647009263029, 57.569472540324412 ], [ 18.784962378924266, 57.569650504812088 ], [ 18.785040479116415, 57.569668724974314 ], [ 18.785266648622244, 57.569673761517791 ], [ 18.785343381579363, 57.56964824400989 ], [ 18.785393680092898, 57.569649665160448 ], [ 18.785560273752036, 57.56974718260966 ], [ 18.785720462385388, 57.569786215589716 ], [ 18.785785571258547, 57.569813546179283 ], [ 18.785920927686661, 57.569912529603094 ], [ 18.786072875273476, 57.569986164551203 ], [ 18.786150391697557, 57.569997656109855 ], [ 18.7863020246186, 57.569982353699139 ], [ 18.786454506244478, 57.56997647322369 ], [ 18.786609825371944, 57.570016981478659 ], [ 18.786829415365631, 57.570132695176767 ], [ 18.786904801688848, 57.570134146299168 ], [ 18.786979994664108, 57.570119436465042 ], [ 18.78712713862398, 57.570053026020474 ], [ 18.787257848588709, 57.569970878386791 ], [ 18.787552633187666, 57.569715422679671 ], [ 18.787597856264941, 57.569630717946566 ], [ 18.787604526670531, 57.569507242307829 ], [ 18.787307513436996, 57.56930996085643 ], [ 18.787148901926134, 57.569245939929885 ], [ 18.787077719536658, 57.569206638247593 ], [ 18.786981659067415, 57.569126875236599 ], [ 18.786911903351804, 57.569046441058219 ], [ 18.786855742149005, 57.56900677833984 ], [ 18.786699332677546, 57.568939319149166 ], [ 18.786149896125782, 57.568894653566616 ], [ 18.785913109701024, 57.568797573056102 ], [ 18.785784547034538, 57.568718633155463 ], [ 18.785743405020789, 57.568678580705836 ], [ 18.785733531056863, 57.568637743559613 ], [ 18.785763698693149, 57.568595873794564 ], [ 18.785838326921102, 57.568574420715748 ], [ 18.785915419339894, 57.568581234219806 ], [ 18.786064027606962, 57.568659662369733 ], [ 18.786301097280788, 57.568745954084342 ], [ 18.786359907240019, 57.568744458935392 ], [ 18.786395892554818, 57.568711872962375 ], [ 18.786371322932407, 57.568688910211037 ], [ 18.78621570834035, 57.568645030219216 ], [ 18.786042228698399, 57.568526116443493 ], [ 18.785888797438474, 57.568364260022634 ], [ 18.785827651039703, 57.568324720152461 ], [ 18.78567434548312, 57.568321192492192 ], [ 18.785515901955073, 57.5682591884487 ], [ 18.785464761616609, 57.568219383269991 ], [ 18.785474924395562, 57.568178023873067 ], [ 18.78553638303141, 57.56813536005432 ], [ 18.785476590168678, 57.568054672292519 ], [ 18.785399038814052, 57.568042487800682 ], [ 18.785320349233768, 57.568017542341558 ], [ 18.7852331251013, 57.567938224167818 ], [ 18.785215737931928, 57.567897568532096 ], [ 18.78521228572378, 57.567815449113859 ], [ 18.785148778998675, 57.567734861679057 ], [ 18.785141398280391, 57.567693949688447 ], [ 18.785160389626991, 57.567653027836521 ], [ 18.785206829610004, 57.567610742372821 ], [ 18.785279904135987, 57.567571839293379 ], [ 18.785282746227914, 57.567490224644594 ], [ 18.785323212191045, 57.567451463681344 ], [ 18.785411411642169, 57.567441830135756 ], [ 18.785567019583532, 57.567443256320274 ], [ 18.785578960429728, 57.567407923898777 ], [ 18.785505289976342, 57.567368685105556 ], [ 18.785469136409358, 57.5673285026541 ], [ 18.785488058304416, 57.567286917718633 ], [ 18.785489468986146, 57.567245777046573 ], [ 18.785414537459172, 57.567206584830451 ], [ 18.785336078724569, 57.567184314862502 ], [ 18.785180610561547, 57.567155919953564 ], [ 18.785107078268496, 57.567189467579382 ], [ 18.785030697012793, 57.567190725527183 ], [ 18.784954554552698, 57.567180522379097 ], [ 18.784892139496858, 57.567141009194216 ], [ 18.784872276944331, 57.567100425597445 ], [ 18.784893832458881, 57.56701766341375 ], [ 18.784874020992746, 57.566977728026444 ], [ 18.784684300714137, 57.566859253765926 ], [ 18.78458360795144, 57.566698072408002 ], [ 18.784504920941114, 57.566673117641294 ], [ 18.784430293924011, 57.566694552392946 ], [ 18.784354453596407, 57.566701871873398 ], [ 18.784200949755959, 57.56669565953144 ], [ 18.784123086239699, 57.566680123023012 ], [ 18.78411949480066, 57.566639103908045 ], [ 18.784190935193582, 57.566596196166735 ], [ 18.784265853431457, 57.56657811566825 ], [ 18.784316049789876, 57.566535737590726 ], [ 18.784370197367238, 57.566452834082284 ], [ 18.784414567144605, 57.566287300671135 ], [ 18.784382337896389, 57.566205917257953 ], [ 18.784380021623956, 57.566165535971081 ], [ 18.784342648879068, 57.566125389811198 ], [ 18.784187886772287, 57.566090920776745 ], [ 18.784156293270911, 57.566059374896277 ], [ 18.784168218287835, 57.566009882691127 ], [ 18.784135715907265, 57.565996561211684 ], [ 18.783889706217632, 57.565965072714114 ], [ 18.783654136771968, 57.565881427416087 ], [ 18.783513104320619, 57.565803489459356 ], [ 18.783124749543113, 57.56546499033086 ], [ 18.783094733881587, 57.565423292980597 ], [ 18.78307833758528, 57.565365081948457 ] ], [ [ 18.777477936125859, 57.562156951075387 ], [ 18.777530100101522, 57.562136761578316 ], [ 18.777565753086282, 57.562143262433644 ], [ 18.777589183011699, 57.56219590521966 ], [ 18.777547294754818, 57.562218530836901 ], [ 18.777483138897924, 57.562216110305904 ], [ 18.777457480288437, 57.562181048666623 ], [ 18.777477936125859, 57.562156951075387 ] ], [ [ 18.77543234622221, 57.562835399620269 ], [ 18.775442781336533, 57.562882963796355 ], [ 18.775415781437449, 57.562918028062256 ], [ 18.775362031747569, 57.56293420982206 ], [ 18.775310672121755, 57.562934829470159 ], [ 18.775258222820295, 57.562908537321981 ], [ 18.77528150082972, 57.562845281354065 ], [ 18.775333536616341, 57.562823755460535 ], [ 18.775375828317944, 57.562819980712973 ], [ 18.77543234622221, 57.562835399620269 ] ], [ [ 18.775898261173538, 57.563673267509863 ], [ 18.775833041981443, 57.563716019388501 ], [ 18.775683132376074, 57.563750807242627 ], [ 18.77560894461287, 57.563776943026312 ], [ 18.775537053324165, 57.563815148723222 ], [ 18.775408438081506, 57.563835254867662 ], [ 18.775268872981304, 57.563816548444194 ], [ 18.775113796440888, 57.563807002925245 ], [ 18.775036135349968, 57.563793476571405 ], [ 18.774957464085947, 57.563754355251319 ], [ 18.774946389390454, 57.563713544635249 ], [ 18.774956928214046, 57.563590646024643 ], [ 18.774920949293406, 57.563509346466184 ], [ 18.774881071206519, 57.563469252945644 ], [ 18.774803049130579, 57.563451682986184 ], [ 18.774723334671826, 57.56341462538127 ], [ 18.774662343779397, 57.563333966676446 ], [ 18.774667507459625, 57.563292740361753 ], [ 18.774702763848971, 57.563251414734559 ], [ 18.774749907368776, 57.563217196583295 ], [ 18.774735338811503, 57.563193987343467 ], [ 18.774686931741073, 57.563156800633415 ], [ 18.774715882532625, 57.563100820685086 ], [ 18.77476729145452, 57.563086719935129 ], [ 18.774816800601798, 57.563093546661918 ], [ 18.774854878534892, 57.563127624721119 ], [ 18.774867417076489, 57.563198727288338 ], [ 18.774925030882397, 57.563226926208948 ], [ 18.775066922083873, 57.563229396725255 ], [ 18.775116714563996, 57.563196464481727 ], [ 18.775195892015255, 57.563112932418406 ], [ 18.775269840771923, 57.563084106279327 ], [ 18.775494528753921, 57.563044051516066 ], [ 18.775572955739499, 57.563066321717933 ], [ 18.775797149101411, 57.563306584136349 ], [ 18.775886577332606, 57.56346872131622 ], [ 18.775951328194274, 57.563549293268359 ], [ 18.775954872713953, 57.563589637782712 ], [ 18.775898261173538, 57.563673267509863 ] ], [ [ 18.77468557354419, 57.563827954977839 ], [ 18.774765051479566, 57.563819202180426 ], [ 18.77484867128334, 57.563829213889598 ], [ 18.77486884146327, 57.563859018473501 ], [ 18.774853964604425, 57.563903869767636 ], [ 18.774825539088965, 57.56393693513521 ], [ 18.774745691858602, 57.56396995664123 ], [ 18.774616829644025, 57.56395906849977 ], [ 18.774582039105667, 57.563934332948378 ], [ 18.774575131138903, 57.563883983006612 ], [ 18.774609288923635, 57.56385885472524 ], [ 18.77468557354419, 57.563827954977839 ] ], [ [ 18.777592625222688, 57.563635736043409 ], [ 18.777521623359544, 57.563555343285607 ], [ 18.777444229508404, 57.5635161940044 ], [ 18.777438129821583, 57.563475252135248 ], [ 18.77747087286237, 57.563433981191075 ], [ 18.777545863471019, 57.56341726120371 ], [ 18.7778306846227, 57.563462604777236 ], [ 18.777994695404907, 57.563473940519103 ], [ 18.778119190266764, 57.563492346788038 ], [ 18.778238975751098, 57.563571521697405 ], [ 18.778271345105882, 57.563611801814751 ], [ 18.778277445756519, 57.563652743631351 ], [ 18.778258517300564, 57.563694327580727 ], [ 18.778171912161042, 57.56377873168514 ], [ 18.778146524112035, 57.563860904874311 ], [ 18.778172628232142, 57.563901346332116 ], [ 18.778282407866563, 57.56398075725982 ], [ 18.778361968760009, 57.564015813203333 ], [ 18.778438745838564, 57.564033400742602 ], [ 18.778507320791459, 57.56407209363411 ], [ 18.77852595472427, 57.564112732452109 ], [ 18.778509378408533, 57.564195344191162 ], [ 18.778430228115557, 57.564279560273889 ], [ 18.778292940527251, 57.564357830559054 ], [ 18.778219355697882, 57.564376541485423 ], [ 18.778141535539291, 57.564361663023071 ], [ 18.778018008583064, 57.564282591262717 ], [ 18.777969392241925, 57.564242725239936 ], [ 18.77794701985146, 57.564202189536438 ], [ 18.777947168615736, 57.564161086882024 ], [ 18.777969906540765, 57.564120073757927 ], [ 18.778015096476413, 57.564077828439046 ], [ 18.778007740951349, 57.564036915419209 ], [ 18.777935497668576, 57.563956542487851 ], [ 18.777890902233921, 57.563834368399213 ], [ 18.777895032071235, 57.563752722198089 ], [ 18.777912690525344, 57.563711176347951 ], [ 18.777882830692835, 57.563670829765194 ], [ 18.777805797276777, 57.56366470343027 ], [ 18.777653764047855, 57.563675290827575 ], [ 18.777592625222688, 57.563635736043409 ] ], [ [ 18.775629154188135, 57.564078975762293 ], [ 18.775657763524126, 57.564047926353197 ], [ 18.775699245134422, 57.564034745781541 ], [ 18.775769104900352, 57.564073410434276 ], [ 18.775783929601236, 57.564114135087806 ], [ 18.775758152504736, 57.564163288037918 ], [ 18.775630438416457, 57.564179330695012 ], [ 18.775574009336605, 57.564193560082394 ], [ 18.775519909946986, 57.564191566251694 ], [ 18.775488014149218, 57.564170807354593 ], [ 18.775486108010242, 57.564135152939322 ], [ 18.775629154188135, 57.564078975762293 ] ], [ [ 18.775540134209034, 57.564422173413369 ], [ 18.775539034960342, 57.564395250950859 ], [ 18.775596898377071, 57.564368846544717 ], [ 18.775687475023293, 57.564386771227461 ], [ 18.775695147543836, 57.564416894896588 ], [ 18.77567300427166, 57.564436321078539 ], [ 18.775577093113561, 57.564443463421938 ], [ 18.775540134209034, 57.564422173413369 ] ], [ [ 18.777846310405661, 57.56449784517838 ], [ 18.777923813604399, 57.564509350723988 ], [ 18.777988360645377, 57.564630352152982 ], [ 18.77798694146793, 57.56467149285541 ], [ 18.777901554854648, 57.56475585802383 ], [ 18.777858475174533, 57.564879588927404 ], [ 18.777785484690011, 57.564919167815596 ], [ 18.7775614892617, 57.564981430781536 ], [ 18.777362510025739, 57.56498580671375 ], [ 18.77725933530947, 57.564981685444209 ], [ 18.777191920012253, 57.564942283260969 ], [ 18.777167197375707, 57.564860719623574 ], [ 18.777193640390561, 57.564818948178605 ], [ 18.777413147999294, 57.564719712689318 ], [ 18.777705932855064, 57.56457012919283 ], [ 18.777772422452053, 57.564527344874776 ], [ 18.777846310405661, 57.56449784517838 ] ], [ [ 18.776690751511556, 57.565089743549336 ], [ 18.776673091054494, 57.565131289246132 ], [ 18.776604154894404, 57.565174137405911 ], [ 18.776529702432143, 57.565197583880526 ], [ 18.776376780837367, 57.565198090140939 ], [ 18.776300477243876, 57.565185871635911 ], [ 18.776221976482081, 57.565162938906141 ], [ 18.776168332022618, 57.565123185410279 ], [ 18.776140966825189, 57.565082781316441 ], [ 18.776128821255362, 57.565001552219464 ], [ 18.776190437443347, 57.56491779894985 ], [ 18.776264342876051, 57.56488829091564 ], [ 18.776416682342365, 57.564881078717747 ], [ 18.776493939713859, 57.564889894775753 ], [ 18.776571178832466, 57.564912876076448 ], [ 18.776659300790016, 57.564959822077292 ], [ 18.776690751511556, 57.565089743549336 ] ], [ [ 18.778167458609818, 57.565957262886712 ], [ 18.778221099878131, 57.565953867296791 ], [ 18.778292232934358, 57.56599316640591 ], [ 18.778280676226576, 57.566075665045865 ], [ 18.778243016899548, 57.56610357718052 ], [ 18.778177828863985, 57.566103874555253 ], [ 18.778142513966852, 57.566073103823534 ], [ 18.778130371664659, 57.565991874743219 ], [ 18.778167458609818, 57.565957262886712 ] ], [ [ 18.780337157323281, 57.56095046693288 ], [ 18.780408315192151, 57.560989763987678 ], [ 18.780444455976266, 57.56102994149952 ], [ 18.780443039543247, 57.561071082212877 ], [ 18.78040728515613, 57.561106346390446 ], [ 18.780296560844487, 57.561159025357505 ], [ 18.780239669105939, 57.561167868758233 ], [ 18.780164424793917, 57.561167759695067 ], [ 18.780086944156146, 57.561156252767447 ], [ 18.78001703312502, 57.56111692694725 ], [ 18.779995939939493, 57.561076362034754 ], [ 18.78000483512459, 57.561035023554211 ], [ 18.780043814978217, 57.560993604448036 ], [ 18.780107778255623, 57.560950885647003 ], [ 18.780259023903774, 57.560931562547644 ], [ 18.780337157323281, 57.56095046693288 ] ], [ [ 18.781717884351867, 57.561639777301636 ], [ 18.781742616467703, 57.561721357489489 ], [ 18.781687267895471, 57.56180496103601 ], [ 18.781614379420155, 57.561845898027322 ], [ 18.781540431647006, 57.561860576387339 ], [ 18.781463954229249, 57.561860485287006 ], [ 18.781305446416173, 57.561840250633551 ], [ 18.781185947449583, 57.561806898667058 ], [ 18.781142300415148, 57.561766902452668 ], [ 18.781137766017398, 57.561643717219788 ], [ 18.781157920761963, 57.56160210477244 ], [ 18.781229509911118, 57.56156053310896 ], [ 18.781303327484054, 57.561530359443431 ], [ 18.781378751810351, 57.561518343467071 ], [ 18.781455057773712, 57.561516396136923 ], [ 18.78153247075802, 57.561527239166622 ], [ 18.781611921212669, 57.561560937589 ], [ 18.781676755071047, 57.561599723340137 ], [ 18.781717884351867, 57.561639777301636 ] ], [ [ 18.778058139895357, 57.563125329759579 ], [ 18.778024494017519, 57.563113380025463 ], [ 18.778005009239724, 57.563076814332476 ], [ 18.777896148206207, 57.563022298472063 ], [ 18.777895428418233, 57.563000075240957 ], [ 18.777928046662105, 57.562971631467057 ], [ 18.777981220018027, 57.562948720419932 ], [ 18.778019473199258, 57.562941687534533 ], [ 18.778121406822414, 57.562988956335658 ], [ 18.778133942762182, 57.563031773158755 ], [ 18.778109304118047, 57.563065399795711 ], [ 18.778103666091813, 57.5631154054254 ], [ 18.778058139895357, 57.563125329759579 ] ], [ [ 18.78104019423543, 57.563216840412977 ], [ 18.781076848146643, 57.563191646439776 ], [ 18.781129270573988, 57.563174817128392 ], [ 18.781281846206518, 57.563170269806683 ], [ 18.78134882055658, 57.563219106476971 ], [ 18.781347420542307, 57.563260237936653 ], [ 18.781311013326629, 57.563288122334612 ], [ 18.781252316264677, 57.563305102496692 ], [ 18.781159612551267, 57.56330611877101 ], [ 18.781057282165225, 57.563283095595402 ], [ 18.781039501470055, 57.563251881299223 ], [ 18.78104019423543, 57.563216840412977 ] ], [ [ 18.780573730942443, 57.563701661645865 ], [ 18.78055361079155, 57.56367254125454 ], [ 18.780575543425478, 57.563636945017379 ], [ 18.780645506111473, 57.563633814260541 ], [ 18.780708036317918, 57.563660530869157 ], [ 18.780776180339792, 57.563665536790019 ], [ 18.780893919245862, 57.563635592331494 ], [ 18.781010229770292, 57.563589526092002 ], [ 18.781085711873612, 57.56357818252544 ], [ 18.781162093032805, 57.563576918057912 ], [ 18.781216985375945, 57.563616621107919 ], [ 18.781240547232603, 57.56365646431027 ], [ 18.781476579051848, 57.563931435278391 ], [ 18.781503760952926, 57.564012285748888 ], [ 18.781488601478706, 57.564053785792829 ], [ 18.781433392925326, 57.564096277889064 ], [ 18.781357387691649, 57.564101567963547 ], [ 18.781127745732721, 57.564085164276641 ], [ 18.780798795663546, 57.564051733090778 ], [ 18.780565035610316, 57.564002411659885 ], [ 18.780485280504344, 57.563965347818474 ], [ 18.780451662376915, 57.563925105647449 ], [ 18.780441817317406, 57.563884238796206 ], [ 18.780449475811249, 57.563842948336926 ], [ 18.780489659434988, 57.563800825770436 ], [ 18.780549899826003, 57.56375887473618 ], [ 18.780573730942443, 57.563701661645865 ] ], [ [ 18.781564577107929, 57.564347653661841 ], [ 18.781638236033107, 57.564386883954462 ], [ 18.781745284784144, 57.564477829957156 ], [ 18.781829717083795, 57.564582821905212 ], [ 18.781882110570272, 57.564622590838987 ], [ 18.781961975442005, 57.564660998326751 ], [ 18.782101366985469, 57.564920236145632 ], [ 18.782220535702699, 57.56527769711527 ], [ 18.782250426119546, 57.565318041856742 ], [ 18.782404301519811, 57.565385564588397 ], [ 18.782641816376628, 57.565491387641856 ], [ 18.782700454214112, 57.565531004145363 ], [ 18.782737841048469, 57.565571152523681 ], [ 18.782781344060155, 57.565652259674877 ], [ 18.782822463012707, 57.565692313674532 ], [ 18.782842340568688, 57.565732914655541 ], [ 18.782791947743416, 57.565815731214364 ], [ 18.782751780066938, 57.56585784525673 ], [ 18.782679344643899, 57.565889993251218 ], [ 18.782604160300679, 57.565904717951845 ], [ 18.782530150280046, 57.565932876339801 ], [ 18.782489950505489, 57.565975000033262 ], [ 18.782535515835047, 57.566179346864452 ], [ 18.782444145815919, 57.566466679526982 ], [ 18.78237180361965, 57.566556780931528 ], [ 18.782317833131057, 57.566599262574911 ], [ 18.782244243949293, 57.566632118763792 ], [ 18.782009374089007, 57.566684574403197 ], [ 18.781851947669868, 57.566705414692315 ], [ 18.781389560437525, 57.566709062445923 ], [ 18.781311783138364, 57.566694186742538 ], [ 18.78115292963837, 57.566627459381927 ], [ 18.781033127839592, 57.566548289655479 ], [ 18.780949261391243, 57.566450032219798 ], [ 18.7808686970188, 57.56628968266736 ], [ 18.780839573513035, 57.566143534323579 ], [ 18.780757474497658, 57.566022305109414 ], [ 18.780720097708812, 57.565982158069936 ], [ 18.780642129798192, 57.565965270430816 ], [ 18.78033802325545, 57.565972298975097 ], [ 18.780259343451174, 57.565933198603318 ], [ 18.780259513283948, 57.565892088689509 ], [ 18.78035131676781, 57.565766457678954 ], [ 18.780361992438035, 57.565717001169254 ], [ 18.780336670129589, 57.565671141200433 ], [ 18.780153743750894, 57.565544392213326 ], [ 18.780065945155197, 57.565458344722153 ], [ 18.780041061216121, 57.565417884601324 ], [ 18.780049990007932, 57.565376547339916 ], [ 18.780214352611921, 57.565249084504948 ], [ 18.78023956602205, 57.565208012123243 ], [ 18.780227129566921, 57.565109268754497 ], [ 18.780246712573771, 57.56506093918653 ], [ 18.780382781449163, 57.564911269198099 ], [ 18.780493078340776, 57.564824924264826 ], [ 18.780531991560672, 57.56478283100067 ], [ 18.780537943569509, 57.564736196208692 ], [ 18.780518424377732, 57.56468547808521 ], [ 18.780415275777369, 57.564581630128203 ], [ 18.780309255986911, 57.564487974231824 ], [ 18.780251830210414, 57.564319630155794 ], [ 18.78016899337571, 57.564218626156645 ], [ 18.780117442504142, 57.564174120687987 ], [ 18.78005008004012, 57.564135401085039 ], [ 18.779972362892021, 57.564121203327815 ], [ 18.779701248619336, 57.564117972189401 ], [ 18.779620074414556, 57.564107223086559 ], [ 18.77954244955831, 57.564080211894321 ], [ 18.779415319687722, 57.563960133627702 ], [ 18.77927212507425, 57.563885601269511 ], [ 18.779242238940132, 57.563845253573021 ], [ 18.779242386485638, 57.56380415312114 ], [ 18.77926880987231, 57.563762379573461 ], [ 18.779400700606779, 57.563679532889076 ], [ 18.779624749397673, 57.563632061793093 ], [ 18.779701176254182, 57.563631472925351 ], [ 18.779857110750161, 57.563665262343939 ], [ 18.780012513406479, 57.563736122440687 ], [ 18.780153600056451, 57.563814736314107 ], [ 18.780234607353368, 57.563894891511552 ], [ 18.780235622085808, 57.563935294242434 ], [ 18.780176567487256, 57.564018988293952 ], [ 18.780263140756155, 57.56404846598609 ], [ 18.780490901632106, 57.564043365465082 ], [ 18.780568742858968, 57.564058915736318 ], [ 18.780599338315579, 57.56409317252546 ], [ 18.780706992213776, 57.564134253418857 ], [ 18.781019039145853, 57.56421796468846 ], [ 18.781177165525076, 57.564276611838757 ], [ 18.781254822766471, 57.564290145557088 ], [ 18.781407101513054, 57.564296387048628 ], [ 18.781564577107929, 57.564347653661841 ] ], [ [ 18.785081704405631, 57.567528344634745 ], [ 18.785047736736495, 57.567569654374381 ], [ 18.784902480843822, 57.567643403260455 ], [ 18.784750340150932, 57.567653337073352 ], [ 18.78467379804129, 57.567652584537562 ], [ 18.784596178903335, 57.567639736498357 ], [ 18.784486602631453, 57.567591307982951 ], [ 18.78441806846384, 57.567539139165028 ], [ 18.784394564782907, 57.567457531294941 ], [ 18.784452416452769, 57.567373860331621 ], [ 18.784520186534998, 57.567331710081049 ], [ 18.784669633705295, 57.567291541201449 ], [ 18.784745959860047, 57.567289593682148 ], [ 18.784822348457471, 57.567302478537094 ], [ 18.784980963459716, 57.567366499878403 ], [ 18.785040846021783, 57.567406089014064 ], [ 18.785088111179224, 57.56748708260433 ], [ 18.785081704405631, 57.567528344634745 ] ], [ [ 18.783894917385528, 57.567422377524821 ], [ 18.783970282444837, 57.567423837523485 ], [ 18.784048969836526, 57.567448783853074 ], [ 18.7841500320162, 57.567528433999158 ], [ 18.784205954011259, 57.567608546997228 ], [ 18.784215677163971, 57.56769049584809 ], [ 18.784190512029525, 57.567732241504231 ], [ 18.784116975840838, 57.567765771069666 ], [ 18.783891692898617, 57.567799115428365 ], [ 18.783749962675309, 57.567770379090113 ], [ 18.783672413019801, 57.567744041887373 ], [ 18.783604985693636, 57.567704643290057 ], [ 18.783575117974124, 57.567664315696469 ], [ 18.78356920356044, 57.567582917692846 ], [ 18.783579369259684, 57.567541567174466 ], [ 18.783610802100235, 57.567499670976716 ], [ 18.783668489045255, 57.567457103650042 ], [ 18.783743064576047, 57.567434997044707 ], [ 18.783894917385528, 57.567422377524821 ] ], [ [ 18.785145183226696, 57.568378428538061 ], [ 18.785079950831591, 57.568421187819013 ], [ 18.784929801652627, 57.568453304695772 ], [ 18.78485348031214, 57.568455243357974 ], [ 18.784697714790902, 57.568423485058197 ], [ 18.784618739837398, 57.568395167307692 ], [ 18.784542863655137, 57.568388336289836 ], [ 18.784313862928073, 57.568393480849998 ], [ 18.78419259034715, 57.568368931883008 ], [ 18.784069163019275, 57.568320180931607 ], [ 18.783999374561869, 57.56823974626024 ], [ 18.783987024611594, 57.568198963526974 ], [ 18.783994662581865, 57.568157664648012 ], [ 18.784019845414818, 57.568115927291238 ], [ 18.784063785942646, 57.568073708478998 ], [ 18.784210059608878, 57.568011375191986 ], [ 18.78436024487274, 57.567979931954532 ], [ 18.78451248706795, 57.567971354343193 ], [ 18.784590107799467, 57.567984211178185 ], [ 18.784657518590482, 57.56802359221124 ], [ 18.784691162714608, 57.568063843591588 ], [ 18.784769942726268, 57.568090134498263 ], [ 18.784920777413401, 57.56807956599242 ], [ 18.784998628203052, 57.568095104642595 ], [ 18.785072246102132, 57.568133671435831 ], [ 18.785153290151797, 57.568213820507893 ], [ 18.78518300541198, 57.568295270424912 ], [ 18.785176622167175, 57.568336522970256 ], [ 18.785145183226696, 57.568378428538061 ] ] ] } },
{ "type": "Feature", "properties": { "seadsgm": "SW294735", "lake_id": 333, "lake_area_m2": 32944.837062329054, "localisedc": "sjö", "origin": "natural", "surfaceare": 32945 }, "geometry": { "type": "Polygon", "coordinates": [ [ [ 18.772293856996672, 57.719726766771707 ], [ 18.772272797056335, 57.719683143184426 ], [ 18.772169590715151, 57.719443765385279 ], [ 18.771998206733201, 57.719439076353495 ], [ 18.771970655312167, 57.719412835597488 ], [ 18.771953817046128, 57.719369408721363 ], [ 18.77192332656794, 57.71933464232719 ], [ 18.771851974712458, 57.719268566497711 ], [ 18.771907366107023, 57.719255298371678 ], [ 18.772005315751763, 57.719239852149443 ], [ 18.771953662989965, 57.719144877367661 ], [ 18.771935943236908, 57.719105037116151 ], [ 18.771820486487478, 57.719118990396936 ], [ 18.771426976825104, 57.719160323741484 ], [ 18.770885882764482, 57.719209401676665 ], [ 18.770058202854408, 57.719276900647834 ], [ 18.769767719629844, 57.719317216390102 ], [ 18.769371543645597, 57.719377899435614 ], [ 18.768826366891528, 57.719429660498108 ], [ 18.768735551967154, 57.719443596544451 ], [ 18.768508437336092, 57.719466502134104 ], [ 18.768409146483275, 57.719469236874353 ], [ 18.768145221560847, 57.71950509835461 ], [ 18.768008996033441, 57.71948632011722 ], [ 18.767856348547145, 57.719453377019995 ], [ 18.767796373706172, 57.719426553898998 ], [ 18.767721346462626, 57.719365295886867 ], [ 18.76750882536118, 57.7190467439899 ], [ 18.767320775917607, 57.718779322413098 ], [ 18.766996248177417, 57.718327922717293 ], [ 18.766669926875164, 57.718373056781971 ], [ 18.766606709082012, 57.718320077267855 ], [ 18.766536593391905, 57.718296848158865 ], [ 18.766444461261692, 57.718300939837427 ], [ 18.766313945837144, 57.718336852176357 ], [ 18.765958696722858, 57.718387512502765 ], [ 18.765819774386369, 57.718422506909008 ], [ 18.765836371506847, 57.71847513000521 ], [ 18.765891469842309, 57.71855015261724 ], [ 18.766074677044699, 57.718818855140007 ], [ 18.766332382928869, 57.719189881103766 ], [ 18.766553369658403, 57.719497629013979 ], [ 18.766622247066636, 57.719543398394762 ], [ 18.766717814011049, 57.719591935349058 ], [ 18.766765189507577, 57.719649862343402 ], [ 18.766743880027388, 57.719653699562365 ], [ 18.766754884077521, 57.719707981764408 ], [ 18.766798707852711, 57.719782082093261 ], [ 18.767017520469476, 57.720098272463858 ], [ 18.767099477333794, 57.720215804598858 ], [ 18.767280777634046, 57.720200647295982 ], [ 18.767788588434698, 57.720150070021354 ], [ 18.768188662564011, 57.7201189373462 ], [ 18.768978317383539, 57.720038639256728 ], [ 18.769270343857251, 57.720012771008356 ], [ 18.769711612670807, 57.719980010589879 ], [ 18.769838867066039, 57.719988481018653 ], [ 18.769975371655669, 57.719976498906249 ], [ 18.770259788364172, 57.719955721563025 ], [ 18.770799600619146, 57.7199110813836 ], [ 18.771619259768332, 57.719827966703818 ], [ 18.772150095364726, 57.719780118057209 ], [ 18.772266638116552, 57.719768379827066 ], [ 18.772299229974543, 57.719737862609314 ], [ 18.772294973101612, 57.719729053624974 ], [ 18.772293856996672, 57.719726766771707 ] ] ] } },
{ "type": "Feature", "properties": { "seadsgm": "SW295053", "lake_id": 334, "lake_area_m2": 199680.27305675042, "localisedc": "sjö", "origin": "natural", "surfaceare": 199680 }, "geometry": { "type": "Polygon", "coordinates": [ [ [ 18.346517441475616, 56.994850341351167 ], [ 18.346759666319862, 56.994841107921403 ], [ 18.346868183461673, 56.994814820228079 ], [ 18.346975869439522, 56.994776509846439 ], [ 18.347147177446782, 56.994700787471515 ], [ 18.347212041787074, 56.994681405156328 ], [ 18.347292012780489, 56.994721930385012 ], [ 18.347378073569235, 56.994690076145936 ], [ 18.347416803160378, 56.994611035303244 ], [ 18.347454708478651, 56.994519960695996 ], [ 18.347560770539367, 56.994457601379963 ], [ 18.347726388793813, 56.994460249567958 ], [ 18.347807191313464, 56.9945127992452 ], [ 18.34780027811777, 56.994573142733046 ], [ 18.34782680086423, 56.994638813101382 ], [ 18.347914104921557, 56.994625003435772 ], [ 18.348002635460759, 56.994629223746323 ], [ 18.348103795382329, 56.994657276706711 ], [ 18.348213554288925, 56.994649024034963 ], [ 18.348288600320913, 56.994617393882109 ], [ 18.348438709620975, 56.994554150531378 ], [ 18.348576543987001, 56.994473082866726 ], [ 18.348659744643324, 56.99439914514835 ], [ 18.348765385106191, 56.994330780222683 ], [ 18.348928206697018, 56.994193199388128 ], [ 18.349010620221268, 56.994131362464472 ], [ 18.349105732571353, 56.994068368878715 ], [ 18.349213266191569, 56.994029843295877 ], [ 18.349101570053154, 56.994007404546636 ], [ 18.349096501088624, 56.993932870140071 ], [ 18.349104748320173, 56.993871645824946 ], [ 18.349119880579821, 56.99372885970508 ], [ 18.349447440645196, 56.993563655647193 ], [ 18.349716819683607, 56.993472203957644 ], [ 18.349908551993391, 56.993396670045641 ], [ 18.350048339130336, 56.993329348979039 ], [ 18.350104101117136, 56.993184925339776 ], [ 18.349979786935378, 56.993094322563245 ], [ 18.349820546737654, 56.993068904906146 ], [ 18.349612789365064, 56.993101791428764 ], [ 18.34943222055642, 56.99314844126004 ], [ 18.349160881261934, 56.993211274697892 ], [ 18.348815194750813, 56.993146656225584 ], [ 18.348572456958024, 56.993051294253476 ], [ 18.348382604685035, 56.992962023801311 ], [ 18.348362156702233, 56.992854962264836 ], [ 18.348289325001062, 56.992748983144608 ], [ 18.348096999941681, 56.992527223716372 ], [ 18.347934347207996, 56.992451714077546 ], [ 18.347840162532336, 56.992417809616406 ], [ 18.347704700883202, 56.992356089945645 ], [ 18.347644457900827, 56.992242688728069 ], [ 18.347704148853314, 56.992155499192435 ], [ 18.347750240865548, 56.992061417870694 ], [ 18.347651646769105, 56.991963131717789 ], [ 18.347355507258623, 56.991854525399987 ], [ 18.346991377999686, 56.991711465715603 ], [ 18.346855903502892, 56.991649736746218 ], [ 18.346639878425677, 56.991560993235908 ], [ 18.346388401204774, 56.99153028177323 ], [ 18.346123342459844, 56.991492679617181 ], [ 18.345598106797375, 56.991489006284546 ], [ 18.345304417888485, 56.991512886525975 ], [ 18.345012662662196, 56.991468659261805 ], [ 18.344748585086776, 56.99144536632253 ], [ 18.344652454798794, 56.991382832681488 ], [ 18.34448737489851, 56.991271552039258 ], [ 18.34413301187471, 56.991271582411549 ], [ 18.343970846576177, 56.991203229436408 ], [ 18.343822792596448, 56.99114891841041 ], [ 18.343515985175475, 56.991076341164124 ], [ 18.343211608123895, 56.99103952321348 ], [ 18.342963071677154, 56.991051723796062 ], [ 18.342752383778944, 56.991041671096504 ], [ 18.342616943461838, 56.990979945537028 ], [ 18.342401404876913, 56.99089834558508 ], [ 18.342218392152951, 56.990909216575652 ], [ 18.342079088164773, 56.990983679587728 ], [ 18.341833966631512, 56.991045958757489 ], [ 18.34161357009447, 56.991086254552421 ], [ 18.341417970048127, 56.991104552031643 ], [ 18.341221375080924, 56.991108530869774 ], [ 18.340970874161666, 56.991092112080203 ], [ 18.340748553235279, 56.991103787671811 ], [ 18.340605351752632, 56.991121017353528 ], [ 18.340415559310031, 56.991225163921989 ], [ 18.340211686867637, 56.991315249252665 ], [ 18.340058404325955, 56.991363915318793 ], [ 18.340003596521587, 56.99138431143119 ], [ 18.339902652727076, 56.991395988964861 ], [ 18.339814684709939, 56.99138969153455 ], [ 18.339692526528513, 56.991368979167547 ], [ 18.339566306336426, 56.991366822087372 ], [ 18.339403995402765, 56.991421265851955 ], [ 18.339313481557102, 56.991452862642063 ], [ 18.339305276759806, 56.99147705726773 ], [ 18.339293772621776, 56.991528587876594 ], [ 18.339221224405467, 56.991584239904604 ], [ 18.339129134805798, 56.991621409415259 ], [ 18.339119236369232, 56.991646448148302 ], [ 18.339038894445462, 56.991736989697557 ], [ 18.338922174197304, 56.991781800543656 ], [ 18.338844484550307, 56.991839944609005 ], [ 18.338735715596531, 56.99192107898363 ], [ 18.338699842719794, 56.991947737478775 ], [ 18.33864168700546, 56.991990553977352 ], [ 18.338586466534373, 56.992005377009164 ], [ 18.338541695418186, 56.992014673341068 ], [ 18.338523080036648, 56.992030118872975 ], [ 18.338522443284774, 56.992055496241491 ], [ 18.338534185898279, 56.992098676099722 ], [ 18.33848038029554, 56.992151452467091 ], [ 18.338424274200147, 56.992167433757011 ], [ 18.338290245464506, 56.99218621328064 ], [ 18.338183821701957, 56.992197252172105 ], [ 18.338175013737999, 56.992216610214776 ], [ 18.338166616057283, 56.992321761139031 ], [ 18.338120816441794, 56.992360327649692 ], [ 18.3379672209362, 56.992444885780891 ], [ 18.337888653515844, 56.992495329305783 ], [ 18.337807754606636, 56.992528999078566 ], [ 18.337760566116398, 56.992555213150645 ], [ 18.337684716471273, 56.992578463439131 ], [ 18.337618262650658, 56.992595016876642 ], [ 18.33757613015344, 56.992606577625843 ], [ 18.337505355502255, 56.992618617612301 ], [ 18.337467489919014, 56.992634091792866 ], [ 18.337435941179681, 56.992658766738842 ], [ 18.337397067991688, 56.992674215119038 ], [ 18.337377215172065, 56.992686269685265 ], [ 18.337252699378286, 56.992782086685956 ], [ 18.337194643274962, 56.992805311648219 ], [ 18.337160660164503, 56.992837915288696 ], [ 18.337148179340588, 56.992881902012165 ], [ 18.337102322828212, 56.992939601283801 ], [ 18.337029416910404, 56.993006766369305 ], [ 18.336884976463683, 56.993018522470301 ], [ 18.336828811955268, 56.993065204744362 ], [ 18.336793382606846, 56.993091095819501 ], [ 18.336725468153947, 56.993107876490576 ], [ 18.336687020958799, 56.993128986699091 ], [ 18.336652753579159, 56.993226836736483 ], [ 18.336658435364971, 56.993310647486695 ], [ 18.336677775615026, 56.993368996763756 ], [ 18.336757394753082, 56.993409349162569 ], [ 18.336897284634162, 56.993431702591991 ], [ 18.336950183457276, 56.99353133492086 ], [ 18.336957021904968, 56.993631909028693 ], [ 18.336932556555606, 56.993724715173947 ], [ 18.336906976280051, 56.993800767808821 ], [ 18.336897883357139, 56.993893262439123 ], [ 18.336901303340781, 56.993943558250791 ], [ 18.336934846032147, 56.993984843960369 ], [ 18.337076458376846, 56.994032322849385 ], [ 18.337247630312625, 56.994062437850673 ], [ 18.337356258821572, 56.994077021778395 ], [ 18.337495027857191, 56.994082614652363 ], [ 18.337648586526079, 56.994079503246724 ], [ 18.337716815045937, 56.993952229928531 ], [ 18.337770827589541, 56.993842040319016 ], [ 18.338061438266816, 56.99381936868533 ], [ 18.338230894478265, 56.993824328001971 ], [ 18.338528297298794, 56.993861291901482 ], [ 18.338542655195244, 56.993862848685254 ], [ 18.338709840083833, 56.993838067657165 ], [ 18.338868725538262, 56.993847381841107 ], [ 18.338903959033036, 56.993829631345939 ], [ 18.338935820958369, 56.993819395724934 ], [ 18.339159633394111, 56.993791877179959 ], [ 18.339239004125531, 56.993788958549096 ], [ 18.339306698747844, 56.993788741796003 ], [ 18.33945578160051, 56.993805419257555 ], [ 18.339481147313805, 56.993825076151872 ], [ 18.339505203609704, 56.993835868291406 ], [ 18.33953173428662, 56.993827166383021 ], [ 18.339576895277037, 56.993823183785487 ], [ 18.339626370882474, 56.9938235522498 ], [ 18.339716762158425, 56.993822639055331 ], [ 18.339800808902666, 56.993829267444788 ], [ 18.339861210436105, 56.993843412335366 ], [ 18.339978004634723, 56.993902689301258 ], [ 18.340020421866949, 56.9939227267935 ], [ 18.340056909091434, 56.993902012478628 ], [ 18.340090438267278, 56.993855933395508 ], [ 18.340125847778431, 56.99384705781786 ], [ 18.340157503527852, 56.993853898181861 ], [ 18.340210686745323, 56.993892114659438 ], [ 18.340272321394885, 56.993927899605545 ], [ 18.340349300923446, 56.993907729741643 ], [ 18.340504841067293, 56.993944387877747 ], [ 18.340586974482832, 56.99396438024116 ], [ 18.340667953752671, 56.993903891030577 ], [ 18.340699751390691, 56.993874112385512 ], [ 18.340751570834684, 56.993830044240944 ], [ 18.340793583876167, 56.993792936486358 ], [ 18.34086842485517, 56.993752515373309 ], [ 18.340913053420202, 56.993720541450188 ], [ 18.340982743854518, 56.993702767290998 ], [ 18.34099388547174, 56.993679582674318 ], [ 18.340990134251946, 56.993636773267696 ], [ 18.3410177172841, 56.993604034496599 ], [ 18.34113648857625, 56.993521355709447 ], [ 18.341151629131019, 56.993507789172028 ], [ 18.341237121965943, 56.993481322744543 ], [ 18.341312984849115, 56.993448630301387 ], [ 18.341434489178241, 56.993414720249682 ], [ 18.341652604305889, 56.99337734573713 ], [ 18.341695793254623, 56.993354974734835 ], [ 18.341701617263411, 56.993321107637072 ], [ 18.341700791533828, 56.993294691685733 ], [ 18.341745764721637, 56.993253305901916 ], [ 18.341795372331053, 56.99323623922141 ], [ 18.341922058380284, 56.99322487078279 ], [ 18.341956492963572, 56.993222798133075 ], [ 18.341984480612197, 56.993220307407441 ], [ 18.342001346575735, 56.99321002189005 ], [ 18.342042874200434, 56.993180880451689 ], [ 18.342184382911601, 56.99316953034274 ], [ 18.342284126884522, 56.993168275272495 ], [ 18.342337040081652, 56.993174788252979 ], [ 18.342383625335817, 56.993169930347868 ], [ 18.342457576413274, 56.993160761204969 ], [ 18.342562052690401, 56.993150047300055 ], [ 18.342623554719061, 56.993146254419983 ], [ 18.342766927516365, 56.993146628677643 ], [ 18.342820333967246, 56.993140177010318 ], [ 18.343178570507309, 56.993112232913184 ], [ 18.343300983423752, 56.993122793203511 ], [ 18.343353503186862, 56.993124652417634 ], [ 18.343388248910678, 56.993132767890359 ], [ 18.343447737915149, 56.993174642062776 ], [ 18.343515077117043, 56.993264103695871 ], [ 18.343690209417009, 56.993372628005716 ], [ 18.343731199447099, 56.993519017276611 ], [ 18.343751483539251, 56.993573600522851 ], [ 18.343796215994054, 56.993634908700912 ], [ 18.343825849722414, 56.993685780760607 ], [ 18.343830692677262, 56.993720468865916 ], [ 18.343822182475478, 56.993755746731573 ], [ 18.34382219574125, 56.993839926280785 ], [ 18.343834143060974, 56.993875008192688 ], [ 18.343821992844507, 56.993925729146127 ], [ 18.343633456478639, 56.994172848468374 ], [ 18.34357635919412, 56.994219547844942 ], [ 18.343581288677381, 56.994246690262898 ], [ 18.343721576048321, 56.994367006056954 ], [ 18.343796244492101, 56.99436705909099 ], [ 18.343857273630842, 56.994363710646965 ], [ 18.343922610352411, 56.994371168079603 ], [ 18.343977451407401, 56.994393668119805 ], [ 18.34401258717595, 56.994400559305866 ], [ 18.344261938621759, 56.994422808232962 ], [ 18.344322677031357, 56.994450437558619 ], [ 18.344388129354641, 56.994471898600786 ], [ 18.344583391918771, 56.994511011833445 ], [ 18.344640696479384, 56.994523323471654 ], [ 18.344688282119357, 56.994531650409527 ], [ 18.345052280788824, 56.994677255493322 ], [ 18.345156851940395, 56.994693795830322 ], [ 18.345234863512498, 56.994705544422601 ], [ 18.345487175987685, 56.99476663795717 ], [ 18.345546514223475, 56.994799255548486 ], [ 18.345572079024553, 56.994803803804921 ], [ 18.345597418319556, 56.994798946966391 ], [ 18.345689076699774, 56.99479528066388 ], [ 18.345761106219744, 56.99480632426863 ], [ 18.345842255295985, 56.994813871164403 ], [ 18.345900173367788, 56.994827809695011 ], [ 18.34602142175304, 56.994867321110426 ], [ 18.346072428136576, 56.994868418633956 ], [ 18.346165204736614, 56.994853206159043 ], [ 18.346279453975498, 56.994847569700688 ], [ 18.346517441475616, 56.994850341351167 ] ] ] } },
{ "type": "Feature", "properties": { "seadsgm": "SW296609", "lake_id": 338, "lake_area_m2": 91104.994645468891, "localisedc": "sjö", "origin": "natural", "surfaceare": 91105 }, "geometry": { "type": "Polygon", "coordinates": [ [ [ 18.997062610312458, 57.886468862313109 ], [ 18.997198534809129, 57.886444084942816 ], [ 18.99731265803544, 57.886436836650716 ], [ 18.997423790144996, 57.886437091519348 ], [ 18.997432501326056, 57.886425353302144 ], [ 18.997420922593644, 57.886368117154497 ], [ 18.997415236617645, 57.886331861838677 ], [ 18.997395910321949, 57.886302600331497 ], [ 18.997345535936585, 57.886244078032817 ], [ 18.997377453320169, 57.886209282557424 ], [ 18.997410586562118, 57.886206124007266 ], [ 18.997488902283564, 57.886219515755364 ], [ 18.997549168466865, 57.886244878620545 ], [ 18.997716763566693, 57.886339081434862 ], [ 18.997753452515308, 57.886328752963863 ], [ 18.99778291648688, 57.886298438403642 ], [ 18.997773753557166, 57.886263091789544 ], [ 18.997609015438883, 57.886152760483412 ], [ 18.997619605560118, 57.88609176745183 ], [ 18.997689764002434, 57.886070331751618 ], [ 18.997840855907732, 57.886056027570042 ], [ 18.997923427847823, 57.886063882341674 ], [ 18.997964544433479, 57.886095396179613 ], [ 18.998010246845229, 57.886121444126907 ], [ 18.998044558356359, 57.886120136173354 ], [ 18.998063816133548, 57.886107318985374 ], [ 18.998072785727668, 57.886022927325598 ], [ 18.998152128680442, 57.885963759567161 ], [ 18.998168279243288, 57.885886128954922 ], [ 18.998181825335614, 57.885839131771462 ], [ 18.998209165703425, 57.885835699049451 ], [ 18.998238431953556, 57.885853523679181 ], [ 18.998304341990327, 57.885892582211035 ], [ 18.99846935740436, 57.88592642132879 ], [ 18.998535031179038, 57.885906546889743 ], [ 18.998560391166283, 57.885904875666597 ], [ 18.998581786761868, 57.885918560109104 ], [ 18.998584654260792, 57.885920403700524 ], [ 18.99856998132573, 57.885942428164768 ], [ 18.998552274667361, 57.885962300355644 ], [ 18.998619194654736, 57.885987525338727 ], [ 18.998702374773835, 57.885996475611897 ], [ 18.998744642723931, 57.885984432033545 ], [ 18.998809420905502, 57.885967031205219 ], [ 18.99890163105125, 57.885941312342432 ], [ 18.998964204079805, 57.885892213483793 ], [ 18.999248131555468, 57.885658122481601 ], [ 18.999380861689357, 57.885566841662374 ], [ 18.999474519219795, 57.885442202520473 ], [ 18.999483120501857, 57.885430744212108 ], [ 18.999722747747626, 57.885286845104559 ], [ 18.999800773996274, 57.885228328041087 ], [ 18.999842516138028, 57.885138694066924 ], [ 18.999841395347982, 57.885117123740194 ], [ 18.999838162448405, 57.885054614905194 ], [ 18.999827422902364, 57.884999321576302 ], [ 18.999793527347713, 57.884935119339943 ], [ 18.999828027002124, 57.884873167660871 ], [ 18.999919626693185, 57.884803737797199 ], [ 19.000004998092972, 57.884725001088306 ], [ 19.000013149621779, 57.884685631105391 ], [ 19.000018052655655, 57.884644401043751 ], [ 19.000129243899128, 57.884566882512502 ], [ 19.00024671191489, 57.884463755789064 ], [ 19.000314632478883, 57.884404892011432 ], [ 19.000333261139254, 57.884368049675565 ], [ 19.000394122653034, 57.884214059893985 ], [ 19.000433301434807, 57.884185749738158 ], [ 19.000547960191305, 57.884141877815409 ], [ 19.000612356922847, 57.884112708282771 ], [ 19.000659359149545, 57.884054910421384 ], [ 19.000869631406626, 57.883782298696751 ], [ 19.000948662092682, 57.883687055443772 ], [ 19.000961620577417, 57.88365423141353 ], [ 19.000996034630003, 57.883601172830858 ], [ 19.001120149702309, 57.88344928736965 ], [ 19.001152797894576, 57.883406812901832 ], [ 19.001214105320919, 57.883336173357975 ], [ 19.001259662129922, 57.883257838132245 ], [ 19.001296613627975, 57.883163571268867 ], [ 19.001284396017123, 57.883155252638169 ], [ 19.001264058718533, 57.883155301709472 ], [ 19.00123771865826, 57.883164520995791 ], [ 19.00101957234688, 57.883249255176395 ], [ 19.000984775831441, 57.883244843094019 ], [ 19.000913389418908, 57.88321477932346 ], [ 19.000919053495306, 57.883202414737347 ], [ 19.001024817701499, 57.883050956923789 ], [ 19.001083885550194, 57.882986196749727 ], [ 19.001098426064363, 57.882903049237875 ], [ 19.0010947094163, 57.882782846785339 ], [ 19.001054900606881, 57.88275018629858 ], [ 19.001004828552745, 57.882734781663544 ], [ 19.000838691450138, 57.882713130009002 ], [ 19.000788826392913, 57.882725897049468 ], [ 19.000683997376171, 57.882814536489633 ], [ 19.000635203388665, 57.882829598835592 ], [ 19.000583882486556, 57.882827200807917 ], [ 19.000530216605448, 57.88281105323037 ], [ 19.000430448609993, 57.882741224191406 ], [ 19.000338776915125, 57.882650359365194 ], [ 19.000285788661117, 57.882628293859042 ], [ 19.000204165482554, 57.882612894283909 ], [ 19.000034937691517, 57.88258560070966 ], [ 18.999842671237424, 57.882526269539696 ], [ 18.99957897175625, 57.882461187517535 ], [ 18.999496118789171, 57.882449621884611 ], [ 18.999423147726549, 57.882406389692285 ], [ 18.999385682699305, 57.882384192001915 ], [ 18.999349424576117, 57.882387234572214 ], [ 18.999327057715902, 57.882408764247195 ], [ 18.999287809964876, 57.882436222307312 ], [ 18.999215503869195, 57.882459992294031 ], [ 18.999205536309795, 57.882482733388159 ], [ 18.999204781809798, 57.882529702669835 ], [ 18.999200046676243, 57.882575934770891 ], [ 18.999169553734372, 57.882611118347988 ], [ 18.999087579496177, 57.882658177491273 ], [ 18.999053588507895, 57.882628156011826 ], [ 18.999047873381802, 57.88259023765584 ], [ 18.999028341362145, 57.882570982266465 ], [ 18.998954358265447, 57.882547339235543 ], [ 18.998902894151968, 57.882549357510925 ], [ 18.998846138403756, 57.882564501230632 ], [ 18.998803636733097, 57.882613856219621 ], [ 18.998769711016951, 57.882641073816878 ], [ 18.998417724954372, 57.882859263269836 ], [ 18.998318372009649, 57.882928108979279 ], [ 18.998257599423702, 57.882943458114674 ], [ 18.998176875363985, 57.882950905601326 ], [ 18.997906298750465, 57.882946246111089 ], [ 18.997505786323881, 57.883026887198696 ], [ 18.99739831941816, 57.883075916778651 ], [ 18.997262608855277, 57.883168082063662 ], [ 18.997183199661194, 57.883250277438428 ], [ 18.997114312423665, 57.883287410638317 ], [ 18.997035564161749, 57.883305898668091 ], [ 18.996849564629791, 57.883339167421838 ], [ 18.996370593010145, 57.883537049996377 ], [ 18.996289385198633, 57.883609905775849 ], [ 18.996256798103026, 57.883679027276365 ], [ 18.996232280083433, 57.883758236271333 ], [ 18.996185500259884, 57.883802142597325 ], [ 18.996120977941469, 57.883842228558251 ], [ 18.995982954256281, 57.883910284582221 ], [ 18.995946801543756, 57.883926907021007 ], [ 18.995889323353794, 57.883958284028459 ], [ 18.995846183711652, 57.884013225166115 ], [ 18.995775951111074, 57.884092147022294 ], [ 18.995664686327959, 57.884164026502582 ], [ 18.995631303771763, 57.884191640967984 ], [ 18.995650735014273, 57.884235897330726 ], [ 18.995662388454651, 57.884263115596646 ], [ 18.995640906710282, 57.884303923870824 ], [ 18.995555420279743, 57.884385708106571 ], [ 18.995519987828445, 57.884398505543516 ], [ 18.995422041332596, 57.884412192761054 ], [ 18.995370263490138, 57.884422914809257 ], [ 18.995339510023971, 57.884450158768395 ], [ 18.995341960429748, 57.884487881533296 ], [ 18.995347603221838, 57.884542472974559 ], [ 18.995345197789117, 57.884553544766383 ], [ 18.995330319203763, 57.884622342874323 ], [ 18.99538316823384, 57.884685534026723 ], [ 18.995440456552632, 57.884722492557877 ], [ 18.995446160861626, 57.884759304939507 ], [ 18.995457563015648, 57.884796431710612 ], [ 18.995497754098736, 57.884803096698896 ], [ 18.995575564458019, 57.884810266588282 ], [ 18.995624789969156, 57.884842164416405 ], [ 18.995717377692351, 57.884909867928052 ], [ 18.995787888189859, 57.88493947705711 ], [ 18.995796363639432, 57.884964277513205 ], [ 18.995781043426362, 57.885011876916039 ], [ 18.995755942342466, 57.885017209889043 ], [ 18.995697927417453, 57.88500985755045 ], [ 18.995645118190826, 57.884989779934166 ], [ 18.995557040426053, 57.884966614142179 ], [ 18.995496151365437, 57.884968190349632 ], [ 18.995429672054151, 57.884990013830198 ], [ 18.995434767396659, 57.885009617093878 ], [ 18.995488140788705, 57.88503447802664 ], [ 18.995554697135802, 57.885044294396529 ], [ 18.995606488563336, 57.885056024860681 ], [ 18.995590511995513, 57.885082801035225 ], [ 18.995564957542403, 57.885122866105498 ], [ 18.995593410160318, 57.885161361064021 ], [ 18.995655385769403, 57.88517995344705 ], [ 18.995696239444214, 57.885175807855994 ], [ 18.995718089575988, 57.885161614142945 ], [ 18.995710287263339, 57.885130406492614 ], [ 18.995723542958462, 57.885099246517143 ], [ 18.995783678185749, 57.885074556041054 ], [ 18.995859383315086, 57.885069149673541 ], [ 18.995918797598552, 57.885082716495212 ], [ 18.995931704242789, 57.885120469762946 ], [ 18.99591883646838, 57.885164396080718 ], [ 18.995915004143232, 57.885218943650457 ], [ 18.995950641316213, 57.885270315563531 ], [ 18.995932293595612, 57.885330211585455 ], [ 18.995888416976339, 57.885369997977755 ], [ 18.995849812742868, 57.885376140663922 ], [ 18.99579697382995, 57.88538964035989 ], [ 18.995731897818573, 57.885444732658684 ], [ 18.995697716914833, 57.885473926510429 ], [ 18.995732036780851, 57.885491844894652 ], [ 18.995787111182889, 57.885501807845927 ], [ 18.995888312217353, 57.885495650718816 ], [ 18.995958856971079, 57.885460033470125 ], [ 18.996020645930042, 57.885407632836831 ], [ 18.996055419426387, 57.885399433136918 ], [ 18.99609148071039, 57.885412620665626 ], [ 18.996150508666144, 57.885454981473259 ], [ 18.996143278485683, 57.885501274437097 ], [ 18.996101882247942, 57.885542611607519 ], [ 18.996054744571104, 57.88555274642701 ], [ 18.995948050102065, 57.885574011080053 ], [ 18.995906948323061, 57.885602937942259 ], [ 18.995916427908284, 57.885625496134409 ], [ 18.995948620749733, 57.885678063245187 ], [ 18.995994661400999, 57.885708658559459 ], [ 18.996118947950723, 57.885728731390358 ], [ 18.996266620522178, 57.885704952374773 ], [ 18.996369733029589, 57.885715253878871 ], [ 18.996389304759933, 57.885690197324926 ], [ 18.996380489263231, 57.88564401491417 ], [ 18.996326145576713, 57.885593368781912 ], [ 18.996294765928049, 57.885577730949798 ], [ 18.99627577654795, 57.885556238638934 ], [ 18.996281395883621, 57.885526388356965 ], [ 18.996319292756866, 57.885502822190837 ], [ 18.996370455411068, 57.885503393968214 ], [ 18.996424956279427, 57.885518654296192 ], [ 18.996631392276438, 57.885607566455604 ], [ 18.996661599103774, 57.885628672221316 ], [ 18.996738010173043, 57.885676572293299 ], [ 18.996770666757893, 57.885703848498807 ], [ 18.996769215111001, 57.885731661966076 ], [ 18.99671576548694, 57.885791674478959 ], [ 18.996645426344376, 57.885786258654527 ], [ 18.996540392020478, 57.885746939670959 ], [ 18.996505562800582, 57.885748630146701 ], [ 18.996384603002188, 57.885785882750078 ], [ 18.996349784553896, 57.885812229879328 ], [ 18.996371674327239, 57.88584031310819 ], [ 18.996415696484103, 57.885859560992238 ], [ 18.996497693035291, 57.885848147354558 ], [ 18.996596394001923, 57.885831351268493 ], [ 18.996678929335506, 57.885856541679338 ], [ 18.996677056892448, 57.885881310424651 ], [ 18.996634513836469, 57.88591736921974 ], [ 18.996534933418989, 57.885980635741795 ], [ 18.996513239640745, 57.886018941670606 ], [ 18.996492378886938, 57.886116681856983 ], [ 18.996472264288066, 57.886165492761108 ], [ 18.996442845462983, 57.886216774593542 ], [ 18.996438604399444, 57.886290488617519 ], [ 18.996526776764057, 57.88634540955406 ], [ 18.996543271909154, 57.886348305466186 ], [ 18.99660565453183, 57.886359260502154 ], [ 18.99671471311234, 57.886377951189381 ], [ 18.996858243399384, 57.886422144081529 ], [ 18.996929076930734, 57.886454179191077 ], [ 18.996986860211102, 57.886476114773558 ], [ 18.997032101822466, 57.886474427442785 ], [ 18.997062610312458, 57.886468862313109 ] ] ] } },
{ "type": "Feature", "properties": { "seadsgm": "SW295663", "lake_id": 354, "lake_area_m2": 35264.461154744029, "localisedc": "sjö", "origin": "natural", "surfaceare": 35264 }, "geometry": { "type": "Polygon", "coordinates": [ [ [ 18.783130041518913, 57.676798281050523 ], [ 18.783040688905515, 57.676809380408194 ], [ 18.783015017998597, 57.676844843781019 ], [ 18.78302825135686, 57.676872096472671 ], [ 18.783083127347442, 57.67688730077267 ], [ 18.783160030945339, 57.67691429156767 ], [ 18.783226983242379, 57.676959715708058 ], [ 18.783239923112991, 57.676998922618864 ], [ 18.7832449678499, 57.677124356889941 ], [ 18.78327725474184, 57.677137236708482 ], [ 18.783317760350744, 57.677153566940312 ], [ 18.78349518124304, 57.677239863589143 ], [ 18.783600595542179, 57.677234567484192 ], [ 18.783685911247929, 57.677247369766 ], [ 18.783790632282805, 57.677279495693355 ], [ 18.783899662627562, 57.677322527021992 ], [ 18.784044538447425, 57.677407512321736 ], [ 18.784085847912149, 57.677484794515344 ], [ 18.78413501404021, 57.677690787406959 ], [ 18.784078381168619, 57.677741546875311 ], [ 18.784000043607243, 57.677794699060811 ], [ 18.783924023339981, 57.677837074363339 ], [ 18.783879519346844, 57.677887606673671 ], [ 18.783873269021694, 57.678072691541885 ], [ 18.783864678742468, 57.678093959744736 ], [ 18.783955246807054, 57.678293363757959 ], [ 18.784033271888685, 57.678438282424906 ], [ 18.784109232806181, 57.678517698945541 ], [ 18.784141747130676, 57.678533214598218 ], [ 18.784162698549423, 57.678523442686256 ], [ 18.784177058449544, 57.678497622581972 ], [ 18.784207831352951, 57.678458669735413 ], [ 18.784261808244491, 57.678459652431663 ], [ 18.784325074607974, 57.678475757406119 ], [ 18.784354965589095, 57.678500531253341 ], [ 18.784388364505915, 57.678566855498261 ], [ 18.784517214476782, 57.678648518413183 ], [ 18.784547287158269, 57.678648329068224 ], [ 18.784626808957718, 57.67862764100331 ], [ 18.784722165539794, 57.678610662447547 ], [ 18.78478444852848, 57.678633673739263 ], [ 18.784865073469774, 57.678694232977016 ], [ 18.784908628753353, 57.678697514030191 ], [ 18.784913554291006, 57.678649929299674 ], [ 18.784934262962576, 57.678565666735466 ], [ 18.785042592308717, 57.678245114737372 ], [ 18.785129292339789, 57.678188311305249 ], [ 18.785240726698209, 57.678104595401372 ], [ 18.785351667686985, 57.678056201550312 ], [ 18.785449858240842, 57.678043073252226 ], [ 18.785592704561651, 57.678031528868601 ], [ 18.78561103296288, 57.678016496911063 ], [ 18.785675409575362, 57.677961430748901 ], [ 18.785782711167588, 57.677899299137721 ], [ 18.785824543516508, 57.677871558332029 ], [ 18.785872162553478, 57.677838097268847 ], [ 18.785918849835429, 57.677830567894496 ], [ 18.786147613421111, 57.677816457800837 ], [ 18.786192829517809, 57.677791539301573 ], [ 18.786238923443698, 57.677745985149144 ], [ 18.786232420901111, 57.677691389286579 ], [ 18.786208016661625, 57.677639344804149 ], [ 18.786214574581692, 57.677487307854946 ], [ 18.786272641458496, 57.677434302767068 ], [ 18.786316510635473, 57.677407084641288 ], [ 18.78636862448171, 57.677378146603765 ], [ 18.786403622253363, 57.677346097328616 ], [ 18.786478640501969, 57.677289607764898 ], [ 18.786387996292159, 57.677222400211292 ], [ 18.786306426556937, 57.677195722341345 ], [ 18.786282983769205, 57.677171960843417 ], [ 18.786297970491788, 57.67708975714649 ], [ 18.786364884707812, 57.676980761157161 ], [ 18.786272420911018, 57.676934421531037 ], [ 18.786185266005546, 57.676939721612527 ], [ 18.786165985202167, 57.676918146794918 ], [ 18.786161252720774, 57.676870456212278 ], [ 18.786268473335667, 57.676876981160817 ], [ 18.786320063254852, 57.676897274076659 ], [ 18.786393083264606, 57.676920243822963 ], [ 18.786660562651345, 57.6769523024265 ], [ 18.786921954950618, 57.676937671923802 ], [ 18.787071349419175, 57.676890703361479 ], [ 18.787137424842644, 57.676870311194541 ], [ 18.787179005453115, 57.676857995490018 ], [ 18.787187381182651, 57.676836184685428 ], [ 18.78716804791631, 57.676794884646434 ], [ 18.787128808775101, 57.676752554592817 ], [ 18.78702454260101, 57.676712792164842 ], [ 18.78695441995864, 57.676710665785578 ], [ 18.78687436996859, 57.676699400311861 ], [ 18.78689550683848, 57.676684514468924 ], [ 18.786997179985207, 57.67665400108023 ], [ 18.787026512458727, 57.676641793433546 ], [ 18.78702357873042, 57.676615736077743 ], [ 18.786986974584774, 57.676562536147543 ], [ 18.78692143811325, 57.676539109826976 ], [ 18.786788753429068, 57.676523126110155 ], [ 18.786704154545973, 57.676529743837449 ], [ 18.786685925619107, 57.676550348428897 ], [ 18.78664889862733, 57.676588696942744 ], [ 18.786586853632159, 57.676607503996308 ], [ 18.786498895376116, 57.676602039700519 ], [ 18.786436963939103, 57.676574837186955 ], [ 18.786419999542503, 57.676546563948662 ], [ 18.786401873422992, 57.676512185955708 ], [ 18.786359842801573, 57.67650354775634 ], [ 18.7863332450009, 57.676516283537545 ], [ 18.786298958537763, 57.676559378947779 ], [ 18.786246740989693, 57.676601286255121 ], [ 18.786150703683113, 57.67663146994623 ], [ 18.786057257760277, 57.676637414997451 ], [ 18.785935536810136, 57.676631001606687 ], [ 18.785822672057865, 57.676609414010159 ], [ 18.785675627421526, 57.676571886844648 ], [ 18.785487109692966, 57.676526347475985 ], [ 18.785284114915751, 57.676449108114895 ], [ 18.784988885606232, 57.676289443219105 ], [ 18.784889481368925, 57.676170746541651 ], [ 18.784815266272236, 57.676084076286465 ], [ 18.784810083646235, 57.67607603079383 ], [ 18.784798913105956, 57.676047353362939 ], [ 18.784772702026903, 57.676026730030131 ], [ 18.784746614839754, 57.675995827952903 ], [ 18.784737747819008, 57.675926556517425 ], [ 18.784774900405729, 57.675872828498882 ], [ 18.784756730335648, 57.675841230551363 ], [ 18.784719577247923, 57.675835582477148 ], [ 18.784658267951954, 57.675818321641202 ], [ 18.784630405824462, 57.675786348834016 ], [ 18.784552355432275, 57.675707515490281 ], [ 18.784499107022697, 57.675684887740339 ], [ 18.78445768225939, 57.675727594953223 ], [ 18.784369451321339, 57.675750359136657 ], [ 18.78425432521934, 57.675781912022217 ], [ 18.784175939088797, 57.675829529946775 ], [ 18.78411514359739, 57.675913410120693 ], [ 18.78404532250568, 57.67617493366096 ], [ 18.783955734169368, 57.676315168911074 ], [ 18.783930172599806, 57.676398955419955 ], [ 18.783906765961031, 57.67645854722516 ], [ 18.783824707565, 57.67653421562509 ], [ 18.783565660005909, 57.676718519239685 ], [ 18.783373590925354, 57.676803262611216 ], [ 18.783260756283351, 57.676822177066015 ], [ 18.783160260237736, 57.676823468978228 ], [ 18.783130041518913, 57.676798281050523 ] ] ] } },
{ "type": "Feature", "properties": { "seadsgm": "SW296469", "lake_id": 372, "lake_area_m2": 376627.3226897493, "localisedc": "sjö", "origin": "natural", "surfaceare": 376627 }, "geometry": { "type": "Polygon", "coordinates": [ [ [ 19.171016664728679, 57.938083932391308 ], [ 19.170956919861961, 57.938084888478528 ], [ 19.170849391525987, 57.938114070066725 ], [ 19.170739706037999, 57.938148277588162 ], [ 19.170689305049734, 57.938148862766333 ], [ 19.17058270711907, 57.938122036194407 ], [ 19.170470826345674, 57.938100048487506 ], [ 19.170298240731437, 57.938074092884385 ], [ 19.170026950723866, 57.938033531740658 ], [ 19.169595355152815, 57.937975628861466 ], [ 19.169207388394462, 57.937977739446474 ], [ 19.168922951260136, 57.93795191346468 ], [ 19.168830544000414, 57.93795406017626 ], [ 19.168734762933401, 57.93797016433502 ], [ 19.168618032238037, 57.93801488051578 ], [ 19.168394873169124, 57.938197438625402 ], [ 19.168361011875145, 57.93823210173592 ], [ 19.16832159270972, 57.938290994119008 ], [ 19.168237300538269, 57.938364094059921 ], [ 19.168096303571097, 57.938478840177382 ], [ 19.167946908328936, 57.938622870379021 ], [ 19.167802833641897, 57.938716673879028 ], [ 19.167662735458482, 57.938785643456121 ], [ 19.167378478927954, 57.93893093626734 ], [ 19.167306742815608, 57.938959110536679 ], [ 19.167129014074302, 57.939010754987322 ], [ 19.166880184956625, 57.939080982379373 ], [ 19.166659015109918, 57.939129890039453 ], [ 19.166090591625181, 57.939220583181054 ], [ 19.165767786795112, 57.939306277871218 ], [ 19.165620407106729, 57.939332337076195 ], [ 19.165432761211306, 57.939378100288543 ], [ 19.165283183184314, 57.939431606212665 ], [ 19.165183568117879, 57.939522004217125 ], [ 19.165132221599453, 57.939553374118915 ], [ 19.165056354790014, 57.939576428942175 ], [ 19.164612299965427, 57.939579582247163 ], [ 19.164370240550433, 57.93957281439306 ], [ 19.164246965303029, 57.939607964803379 ], [ 19.16424592375283, 57.939636489211466 ], [ 19.164287146494274, 57.939713972525198 ], [ 19.164348255596792, 57.939747379617664 ], [ 19.164548098431059, 57.939813606799447 ], [ 19.164695499780155, 57.939853740727649 ], [ 19.164857078874359, 57.939883995123431 ], [ 19.164988917863553, 57.939897095477207 ], [ 19.165148787659284, 57.939892981090473 ], [ 19.165462668306876, 57.939855825885914 ], [ 19.165623834851303, 57.939859969295412 ], [ 19.165968513632979, 57.939884292900125 ], [ 19.166316029677414, 57.939933124556447 ], [ 19.166788081265249, 57.940082683208722 ], [ 19.167087193751613, 57.940238259513528 ], [ 19.167133125285211, 57.940289323315348 ], [ 19.167166910594933, 57.940373372936342 ], [ 19.1671539560394, 57.940419380143638 ], [ 19.167095290925086, 57.940493455447239 ], [ 19.167048641800871, 57.940562222744717 ], [ 19.167022999629015, 57.940657820103084 ], [ 19.166989315849918, 57.940725687412467 ], [ 19.166910089936433, 57.940779699598814 ], [ 19.166852626986255, 57.940799281711719 ], [ 19.166793967318291, 57.940800876307165 ], [ 19.166719714498225, 57.940780455427102 ], [ 19.166552581767025, 57.94074636578349 ], [ 19.166424054910777, 57.940740919129105 ], [ 19.166113881569967, 57.940740436952069 ], [ 19.165826141230749, 57.940734973810564 ], [ 19.165739872411212, 57.940757986268402 ], [ 19.165675831215779, 57.940791606279937 ], [ 19.165601943927712, 57.94083002816236 ], [ 19.165524318085488, 57.940850895020041 ], [ 19.165291263557457, 57.940889992320329 ], [ 19.165163504373798, 57.94089258523492 ], [ 19.164866228946138, 57.940885362553459 ], [ 19.164798392684563, 57.940905213904259 ], [ 19.164726179028118, 57.940948320281514 ], [ 19.164617617088858, 57.940998663535701 ], [ 19.164352677086853, 57.941085537615429 ], [ 19.164251958731704, 57.941071487754158 ], [ 19.16413425361349, 57.941042824727248 ], [ 19.163957652540685, 57.940975221630957 ], [ 19.163943992192909, 57.940949853685098 ], [ 19.163916717433043, 57.940842937175972 ], [ 19.163876094572267, 57.940830195134566 ], [ 19.163837249223928, 57.940831919786099 ], [ 19.163518123987089, 57.940885159763226 ], [ 19.16303051685113, 57.94103352635625 ], [ 19.162896566586785, 57.941085464960864 ], [ 19.16272590783797, 57.941157130470927 ], [ 19.162640730878525, 57.941208303149594 ], [ 19.162481494371324, 57.94129844366546 ], [ 19.162197329947645, 57.941413191237068 ], [ 19.162057676130427, 57.9414440224214 ], [ 19.161896015302947, 57.941445853361699 ], [ 19.161451702578095, 57.941435442371734 ], [ 19.161292347684917, 57.941461575050852 ], [ 19.160766386903184, 57.941572684491682 ], [ 19.160608675623795, 57.941643771023813 ], [ 19.160392466254528, 57.941783391249494 ], [ 19.160327828778776, 57.941859004688375 ], [ 19.160281326700883, 57.941952954795127 ], [ 19.160269850471575, 57.942105457105143 ], [ 19.160360336159002, 57.942396896360272 ], [ 19.160339129597308, 57.942480205801409 ], [ 19.160340179850962, 57.942517256660061 ], [ 19.160428034087726, 57.942566900089297 ], [ 19.160486863311419, 57.94260684057943 ], [ 19.160491240837644, 57.942836115655112 ], [ 19.160455438007215, 57.942905982383316 ], [ 19.160400195262884, 57.942979957386761 ], [ 19.160287790200794, 57.943072893359179 ], [ 19.160094117957165, 57.943191613367738 ], [ 19.160039517340259, 57.943231818919038 ], [ 19.160039026166473, 57.943257284497498 ], [ 19.160063496321602, 57.943346001202578 ], [ 19.160105904234172, 57.943388873204299 ], [ 19.160173325552119, 57.943470085194775 ], [ 19.16016077233936, 57.943497772784227 ], [ 19.160138578214475, 57.943546716465931 ], [ 19.160092392338353, 57.943553383156868 ], [ 19.1599699302887, 57.943540780224616 ], [ 19.159673869090252, 57.943543066262876 ], [ 19.159568611757987, 57.943517183068948 ], [ 19.159531145037047, 57.943501477706015 ], [ 19.159429766113572, 57.943354463752243 ], [ 19.159410167072853, 57.943333406449455 ], [ 19.159371978767378, 57.943290955770856 ], [ 19.159312983428407, 57.94327800648297 ], [ 19.159120123348412, 57.943219103099068 ], [ 19.159089573668535, 57.943182283569179 ], [ 19.159034400718543, 57.943106557804583 ], [ 19.158999006496828, 57.943100892151328 ], [ 19.158905785933623, 57.943100197353701 ], [ 19.158846518871343, 57.94312273276708 ], [ 19.158777608419872, 57.943169288259547 ], [ 19.15876635737138, 57.943205014408804 ], [ 19.158783753864309, 57.943253525421639 ], [ 19.158806986863112, 57.943356673913023 ], [ 19.158839459131116, 57.943434950533664 ], [ 19.158918885183979, 57.943538477097391 ], [ 19.158956984596429, 57.943588142817504 ], [ 19.159028450438072, 57.943679763101301 ], [ 19.159076341992424, 57.943719443584932 ], [ 19.159132456568805, 57.943749067319061 ], [ 19.159176671344394, 57.943772411297971 ], [ 19.159390732583059, 57.943840376299413 ], [ 19.159715661263245, 57.943883303776005 ], [ 19.159760139388759, 57.94388918303337 ], [ 19.159956037961678, 57.943941276686509 ], [ 19.159979275499602, 57.943937941926627 ], [ 19.160019197597524, 57.94393222706028 ], [ 19.160057064326168, 57.943909494684995 ], [ 19.16006237738458, 57.943881675611351 ], [ 19.160084819931718, 57.943854673761564 ], [ 19.160123757611792, 57.943824584483323 ], [ 19.160169424360198, 57.94380246796841 ], [ 19.160197579606315, 57.943803020340354 ], [ 19.160298576947454, 57.943809026909271 ], [ 19.160401503764479, 57.943802260771939 ], [ 19.160538154906231, 57.943777989039106 ], [ 19.160645663483471, 57.94376473427112 ], [ 19.16077205259371, 57.943790545088582 ], [ 19.160792384078377, 57.943814634233242 ], [ 19.160862423602829, 57.943893836859857 ], [ 19.160994738080475, 57.943967752779365 ], [ 19.161077093584442, 57.943985744508858 ], [ 19.161308638393031, 57.944029336783593 ], [ 19.161518196537077, 57.944117946941432 ], [ 19.161619577371781, 57.944186347378334 ], [ 19.161680354625219, 57.94421115183787 ], [ 19.161756417420669, 57.944217524877374 ], [ 19.161813723492212, 57.944207129509849 ], [ 19.161920016624439, 57.94421400178269 ], [ 19.161949890447875, 57.94423157571476 ], [ 19.161990482668806, 57.944257410827895 ], [ 19.162056746998818, 57.944264805376292 ], [ 19.162210628037862, 57.944281932566177 ], [ 19.162334878530807, 57.944342172810771 ], [ 19.162444220822, 57.944376822311355 ], [ 19.162472243104546, 57.944388610406271 ], [ 19.162567937375481, 57.94441002986882 ], [ 19.162694600988928, 57.944443085758778 ], [ 19.162753468280563, 57.944487717900216 ], [ 19.162848321507873, 57.944577049878724 ], [ 19.162896759373684, 57.944624452218299 ], [ 19.162946579365777, 57.944706971337908 ], [ 19.162976946913464, 57.944784738735024 ], [ 19.162948831935683, 57.944860488086611 ], [ 19.162985291736305, 57.944901297426469 ], [ 19.163047233587442, 57.944926583389218 ], [ 19.163142591294484, 57.944965513329905 ], [ 19.163214506166732, 57.944972274074431 ], [ 19.163276391989569, 57.944982768905824 ], [ 19.163378764038885, 57.945019734175425 ], [ 19.163501732051007, 57.945072226019889 ], [ 19.163596507901083, 57.945168475672766 ], [ 19.163587294237185, 57.94519169174076 ], [ 19.163478131627677, 57.945324944394599 ], [ 19.163480554290089, 57.945361410184162 ], [ 19.163525894835676, 57.945471986681852 ], [ 19.163724003255961, 57.945837761212822 ], [ 19.16384342962936, 57.946027432420784 ], [ 19.163856761327395, 57.946120329711654 ], [ 19.163754028353083, 57.946443788585078 ], [ 19.163725085145504, 57.946531183539321 ], [ 19.163636390237119, 57.946751325418539 ], [ 19.163596606566323, 57.946885215302096 ], [ 19.163578793289055, 57.946979503191621 ], [ 19.163587759960116, 57.947073072797657 ], [ 19.163648952385056, 57.947160252779469 ], [ 19.163713015457855, 57.94724597958318 ], [ 19.163740973212018, 57.947401577368339 ], [ 19.163680013594526, 57.947444717588517 ], [ 19.163576534704031, 57.947525521304456 ], [ 19.163568533858644, 57.947557841567075 ], [ 19.163594586400823, 57.947609989159702 ], [ 19.163641012008586, 57.94764278081481 ], [ 19.163706841277275, 57.947662024511175 ], [ 19.163901812482425, 57.947704043983869 ], [ 19.16413642676682, 57.947746874488267 ], [ 19.164216553818409, 57.94773575571913 ], [ 19.164288294298608, 57.947729436873352 ], [ 19.16435689231194, 57.94772272492763 ], [ 19.164439992037092, 57.947699082289617 ], [ 19.16457487384243, 57.947607095687331 ], [ 19.164609848382732, 57.947597216775598 ], [ 19.16467628695608, 57.947611816387933 ], [ 19.164762411004137, 57.947631093926795 ], [ 19.164807963600829, 57.947622845929729 ], [ 19.164841764636165, 57.947600083104021 ], [ 19.1649151468532, 57.94755284629943 ], [ 19.165023564170053, 57.94753815750348 ], [ 19.165068288813682, 57.947526904677758 ], [ 19.165117762465307, 57.947484355860489 ], [ 19.165159136371201, 57.947452918316806 ], [ 19.165307998759985, 57.947378593219867 ], [ 19.165323606457715, 57.947378449814025 ], [ 19.165343642404586, 57.947375192836198 ], [ 19.1655357109879, 57.947375560959863 ], [ 19.165587877772627, 57.947382320966085 ], [ 19.165647751959177, 57.947366056865278 ], [ 19.165791066169739, 57.947307757774581 ], [ 19.165870664157165, 57.947291098634089 ], [ 19.165996091289276, 57.947296531704779 ], [ 19.166181477430641, 57.947325265947796 ], [ 19.166360270158172, 57.947388531126649 ], [ 19.166472681207061, 57.947399425172506 ], [ 19.16672089381759, 57.947338822897706 ], [ 19.16679868779994, 57.947301370084546 ], [ 19.166808908278256, 57.947269273068798 ], [ 19.166837778804908, 57.947154219286489 ], [ 19.166920122256684, 57.947097352013508 ], [ 19.167123073731297, 57.946989640997487 ], [ 19.167185285875835, 57.946888355504257 ], [ 19.167298260444699, 57.946822984754156 ], [ 19.167379151119963, 57.946774880763286 ], [ 19.167364917707879, 57.946747037898824 ], [ 19.16739656031411, 57.946708555590128 ], [ 19.167504361025291, 57.946611160549708 ], [ 19.167540376567668, 57.946549043360911 ], [ 19.167722853320925, 57.946385321665311 ], [ 19.167863038429523, 57.946275830689792 ], [ 19.16797289473584, 57.946086104163918 ], [ 19.168027174873874, 57.945985025979226 ], [ 19.168140112131017, 57.945869395311696 ], [ 19.168250911445611, 57.945799131150885 ], [ 19.168281827087291, 57.945771182050564 ], [ 19.168298759028065, 57.94572202099549 ], [ 19.168300974495754, 57.945662471449367 ], [ 19.168262945816917, 57.945592932758721 ], [ 19.168261027616158, 57.945508034263078 ], [ 19.168257081586152, 57.945377528346619 ], [ 19.168266715387023, 57.945306700848761 ], [ 19.168336244405474, 57.94517838772034 ], [ 19.168527745248628, 57.945047866336054 ], [ 19.16855890360349, 57.94501078271341 ], [ 19.168586659377894, 57.944935880147128 ], [ 19.168602346959297, 57.944889519579654 ], [ 19.168602789301385, 57.944727351693281 ], [ 19.168597004153867, 57.944393153517765 ], [ 19.168459020877265, 57.944353902068116 ], [ 19.168317622727166, 57.944316883435668 ], [ 19.168267674797093, 57.944281420961183 ], [ 19.168163407746974, 57.944208121351473 ], [ 19.168074596072312, 57.944115033667728 ], [ 19.168078530995949, 57.94407867301495 ], [ 19.16812505026288, 57.94402540292424 ], [ 19.168220189297635, 57.943957352283768 ], [ 19.168464906883315, 57.943925889006337 ], [ 19.168487988838407, 57.943911624465848 ], [ 19.168466337433973, 57.943876786999738 ], [ 19.168241487620332, 57.94376394321543 ], [ 19.167967609598964, 57.943634480516792 ], [ 19.16790572100189, 57.943580516095587 ], [ 19.167836533805108, 57.943553786527048 ], [ 19.167691218860838, 57.943508533458179 ], [ 19.167573085206065, 57.943486443083714 ], [ 19.167497737818607, 57.943493053664064 ], [ 19.167445868412138, 57.943522724754907 ], [ 19.16739386689121, 57.943573656445267 ], [ 19.167337851126526, 57.943655295870805 ], [ 19.167242635407632, 57.943688278339778 ], [ 19.167113257162409, 57.943712426162669 ], [ 19.167007185993846, 57.943718912432338 ], [ 19.166890792586095, 57.943725891216289 ], [ 19.166729300605489, 57.943729764338023 ], [ 19.166281541948965, 57.943710777899234 ], [ 19.166183790055992, 57.943706063645209 ], [ 19.16575242277343, 57.943755647544215 ], [ 19.16563779857556, 57.943776233717976 ], [ 19.165549800836597, 57.943803052456659 ], [ 19.165479490322117, 57.943840970332339 ], [ 19.165414824701966, 57.943899421264042 ], [ 19.165321237534783, 57.944005143022196 ], [ 19.16525572389067, 57.944054585259984 ], [ 19.165168780798709, 57.944070721212157 ], [ 19.164987195049605, 57.944120464464241 ], [ 19.164911286354521, 57.944156758878073 ], [ 19.164858281549801, 57.944208119736189 ], [ 19.164763369223806, 57.944298246399498 ], [ 19.164353384043746, 57.944414466571288 ], [ 19.164171285787535, 57.944497317271555 ], [ 19.164109009471009, 57.944521095531925 ], [ 19.164014288531725, 57.944542943725082 ], [ 19.163852468466068, 57.94457056534398 ], [ 19.163675428239724, 57.944596964875387 ], [ 19.163536042874188, 57.944656537920331 ], [ 19.163528033675249, 57.944760519784708 ], [ 19.16349530598454, 57.944795791824696 ], [ 19.163439086322786, 57.944811996559103 ], [ 19.163254454280523, 57.944873896682907 ], [ 19.163191841525109, 57.94485926972667 ], [ 19.163210957667573, 57.944818059958507 ], [ 19.163396097949967, 57.944671792280047 ], [ 19.163335118128948, 57.944647750480932 ], [ 19.163259457592979, 57.944645567237927 ], [ 19.163208771391755, 57.944635800535174 ], [ 19.163259208349906, 57.944580217216554 ], [ 19.163312987065911, 57.944519560360547 ], [ 19.163390740498144, 57.944449682088468 ], [ 19.163610510170905, 57.944292244821796 ], [ 19.163656890941095, 57.944257791573619 ], [ 19.163694026334042, 57.944219165135266 ], [ 19.163706643108483, 57.944172618437847 ], [ 19.163670764420321, 57.944130128288997 ], [ 19.163607834754945, 57.944086997598198 ], [ 19.163605382629598, 57.944061593394011 ], [ 19.163654665604387, 57.944018493690145 ], [ 19.163719753370245, 57.943967213344635 ], [ 19.163760078430805, 57.943838016968648 ], [ 19.163736815399965, 57.943806542385609 ], [ 19.163620419504227, 57.943673376780175 ], [ 19.163570609656265, 57.94366937306274 ], [ 19.163532440282403, 57.943659015836246 ], [ 19.163481605248712, 57.943602548387695 ], [ 19.163470804153668, 57.943566032544226 ], [ 19.163494066730319, 57.943437018415395 ], [ 19.163544202725291, 57.943404123692915 ], [ 19.163608321688802, 57.943384711227296 ], [ 19.163633744288749, 57.943377014207158 ], [ 19.1636992959663, 57.94336048559925 ], [ 19.163877358507126, 57.943322952226218 ], [ 19.16392087550576, 57.943351147463062 ], [ 19.163923487584089, 57.943374370737466 ], [ 19.163925112599525, 57.943388660224166 ], [ 19.163945920374481, 57.943428792912563 ], [ 19.163992038611649, 57.943437703661665 ], [ 19.164093823842904, 57.943435558220884 ], [ 19.164349682639756, 57.943411803365692 ], [ 19.164416381958265, 57.943434695363948 ], [ 19.164465703290531, 57.943444523909299 ], [ 19.164534300186098, 57.943432678798885 ], [ 19.164560387486425, 57.943404171154945 ], [ 19.164545823587066, 57.943357510788573 ], [ 19.16454269736969, 57.943354052374247 ], [ 19.164503146840016, 57.943310233959089 ], [ 19.164431170045422, 57.943262355448496 ], [ 19.164267595791383, 57.943180809962627 ], [ 19.164104497333899, 57.943134597440441 ], [ 19.163925654180421, 57.943091241656703 ], [ 19.16381935761288, 57.943018345597288 ], [ 19.163666510447069, 57.942981267312739 ], [ 19.163602864477348, 57.942949381046063 ], [ 19.163612476123831, 57.942937214721134 ], [ 19.163669282913173, 57.942906169174961 ], [ 19.163748132096789, 57.942887046125982 ], [ 19.163901709440275, 57.94288238480501 ], [ 19.163978513626631, 57.942880152360168 ], [ 19.164077724682684, 57.942850854740136 ], [ 19.164123911682385, 57.942825211342182 ], [ 19.164130976264275, 57.942794298264047 ], [ 19.164109610912011, 57.942741744541998 ], [ 19.164037815097533, 57.942674489537588 ], [ 19.16398634756419, 57.942614984805772 ], [ 19.163981544841693, 57.942569180865846 ], [ 19.164025986293076, 57.942515971751199 ], [ 19.164160458321497, 57.942412424273165 ], [ 19.164302101138798, 57.942344209652894 ], [ 19.164413662426444, 57.942324443028227 ], [ 19.164469707206973, 57.94235728744809 ], [ 19.164488717037639, 57.94238555561617 ], [ 19.164500995924453, 57.94243060267469 ], [ 19.164548831896873, 57.94251594377144 ], [ 19.164648243691815, 57.942590845662245 ], [ 19.16468932235405, 57.942577896866418 ], [ 19.164755381733471, 57.942468213840279 ], [ 19.164811655570798, 57.942437286227126 ], [ 19.164918706672594, 57.942430238268948 ], [ 19.165097517525989, 57.942422679202188 ], [ 19.165235887848166, 57.942444377621825 ], [ 19.165306384535452, 57.942473177564466 ], [ 19.165464226821669, 57.942537572440422 ], [ 19.165733825238565, 57.942606777505922 ], [ 19.165817443572209, 57.942527604932366 ], [ 19.1658603966161, 57.942530664851994 ], [ 19.165994469876125, 57.942545355160121 ], [ 19.166128790026985, 57.942556978972569 ], [ 19.16640001469603, 57.942602128684676 ], [ 19.166498255531863, 57.942617338439035 ], [ 19.166595490066094, 57.942611078992485 ], [ 19.166716839789, 57.942601375593405 ], [ 19.166797766073969, 57.942615094287802 ], [ 19.167026921872953, 57.942699490972956 ], [ 19.167131951578664, 57.942737606323824 ], [ 19.16728708191896, 57.942760119970082 ], [ 19.167485385284529, 57.942808983633235 ], [ 19.167515029457917, 57.942848314089787 ], [ 19.167574926307346, 57.942965416982958 ], [ 19.167639702859461, 57.943029260596816 ], [ 19.167721588950471, 57.943067584479337 ], [ 19.167824609307868, 57.943094425811822 ], [ 19.168018712839594, 57.943138813992817 ], [ 19.168263323526293, 57.94314962779228 ], [ 19.168594682006471, 57.943154381921808 ], [ 19.168749186670492, 57.943147886207527 ], [ 19.168904075024987, 57.943134956021481 ], [ 19.168917434609025, 57.943121873582179 ], [ 19.168930575924026, 57.943084167608809 ], [ 19.168970653970831, 57.943028851833162 ], [ 19.169035973062101, 57.942979143883171 ], [ 19.169070085246904, 57.942976602786352 ], [ 19.16937144288331, 57.942977222850324 ], [ 19.169639136966467, 57.94294686401053 ], [ 19.169801984638074, 57.942930101392641 ], [ 19.169909064663418, 57.942917752861938 ], [ 19.170396615659612, 57.942835277726289 ], [ 19.170657398984599, 57.942759324808975 ], [ 19.170983786473105, 57.942642476447354 ], [ 19.171023855853392, 57.942599336187584 ], [ 19.171065160279149, 57.942535138294339 ], [ 19.171132515467459, 57.94248379910465 ], [ 19.171255926741825, 57.942424428386644 ], [ 19.171602985000948, 57.942259705518765 ], [ 19.171773999746208, 57.942180975304346 ], [ 19.171963607399512, 57.942095418282108 ], [ 19.172092864099131, 57.942042671393992 ], [ 19.172169756895102, 57.942002581474817 ], [ 19.172203240259023, 57.941964882495277 ], [ 19.172305180709753, 57.94182433947617 ], [ 19.172561705408871, 57.9415390698911 ], [ 19.172701768240266, 57.941440312622667 ], [ 19.172697856356198, 57.941363490715595 ], [ 19.172745134767386, 57.94130909602373 ], [ 19.17281189700029, 57.94122954623721 ], [ 19.172903582925649, 57.940937078742337 ], [ 19.172878235101489, 57.940840361800227 ], [ 19.172891608827431, 57.94082173930655 ], [ 19.17315111064983, 57.940554928520051 ], [ 19.173149876254303, 57.940509305927073 ], [ 19.173110131099321, 57.940365105051754 ], [ 19.173093966117136, 57.940024061779596 ], [ 19.173126973214782, 57.939595649322982 ], [ 19.17326510545772, 57.939455796596683 ], [ 19.173263298534639, 57.939422079001432 ], [ 19.173135923151133, 57.939369416720901 ], [ 19.173091267312504, 57.939305032707253 ], [ 19.172988110050888, 57.939137063520555 ], [ 19.172950990754977, 57.939097942769216 ], [ 19.172853895768558, 57.938899090516188 ], [ 19.172810444187977, 57.938815583962786 ], [ 19.172640267678709, 57.938626177760305 ], [ 19.172565321993343, 57.93858480338163 ], [ 19.172207095345609, 57.938472637918103 ], [ 19.172129052808735, 57.938461506454487 ], [ 19.172031156924046, 57.938438818781961 ], [ 19.171892098248986, 57.938404498254243 ], [ 19.171631742590669, 57.93835299451662 ], [ 19.171583254498589, 57.93833004780371 ], [ 19.171569032068703, 57.938323323063052 ], [ 19.171345300843583, 57.938215267477155 ], [ 19.171067756944176, 57.938101515849873 ], [ 19.171016664728679, 57.938083932391308 ] ], [ [ 19.16978403449296, 57.941313696412188 ], [ 19.169657475389286, 57.941213351619524 ], [ 19.169647042613956, 57.941188723403393 ], [ 19.169694499112083, 57.94113653490006 ], [ 19.169722513337362, 57.941112792741691 ], [ 19.169729791375236, 57.941067770875904 ], [ 19.169754284413578, 57.941048899746264 ], [ 19.169820138093996, 57.941041069438519 ], [ 19.169951142335314, 57.941090774913896 ], [ 19.169993981942707, 57.941103457582415 ], [ 19.170057013278619, 57.941104308484718 ], [ 19.170167026168617, 57.941073689334686 ], [ 19.170239325177448, 57.941018508552936 ], [ 19.170266751754664, 57.940886326080758 ], [ 19.170262052088937, 57.940857676252527 ], [ 19.17017939831231, 57.940833829713675 ], [ 19.170067165514922, 57.940808030785249 ], [ 19.170042976480183, 57.940729818098312 ], [ 19.170086749102907, 57.940686580566762 ], [ 19.170185293864968, 57.940631033502626 ], [ 19.170338762839489, 57.940603284796588 ], [ 19.170452129410819, 57.94059180703087 ], [ 19.170510793168084, 57.940595650917572 ], [ 19.170572391282256, 57.940597817617103 ], [ 19.170600979873697, 57.940586699951638 ], [ 19.170624307203887, 57.940541249337677 ], [ 19.170621803429324, 57.940480980956174 ], [ 19.170634711046645, 57.940451304591008 ], [ 19.170706208922986, 57.940421715823661 ], [ 19.170821604721855, 57.940403975465536 ], [ 19.170957222843921, 57.940445363367047 ], [ 19.171031654396543, 57.940496575871443 ], [ 19.171067185108686, 57.940528284858111 ], [ 19.171119627548126, 57.940552908694677 ], [ 19.171206988141432, 57.940592246869741 ], [ 19.171247203361766, 57.940622985123646 ], [ 19.171312454422814, 57.940644219614029 ], [ 19.171382964135645, 57.940647260968653 ], [ 19.171517262565295, 57.940620239775953 ], [ 19.171620049867169, 57.940612364577134 ], [ 19.171673865024715, 57.940614769031157 ], [ 19.171782762804384, 57.940621744825741 ], [ 19.171860582176823, 57.940646614270179 ], [ 19.17192540411472, 57.940660815167547 ], [ 19.171921892096108, 57.940691260762961 ], [ 19.171906308123312, 57.940713815408706 ], [ 19.171864940157437, 57.940739507562427 ], [ 19.171861909435563, 57.940769193074715 ], [ 19.171890462104159, 57.940890734133141 ], [ 19.171885896725158, 57.940956440341893 ], [ 19.171866009094959, 57.940989349693808 ], [ 19.171769329460282, 57.94098826444354 ], [ 19.171739961394533, 57.940991326548804 ], [ 19.171713749608248, 57.941028716118325 ], [ 19.17166405698563, 57.941072082988853 ], [ 19.171632364205422, 57.941097836810215 ], [ 19.171624005971324, 57.94112601572953 ], [ 19.171695592974256, 57.941159839035898 ], [ 19.171769194745703, 57.941189613525644 ], [ 19.171805882508568, 57.941224871657425 ], [ 19.171809318538536, 57.941247753835761 ], [ 19.171694043889801, 57.941359039153191 ], [ 19.171564477935124, 57.941434042325291 ], [ 19.17144600563206, 57.941479753456058 ], [ 19.171217751540677, 57.94160105737145 ], [ 19.171087574366027, 57.941594589455725 ], [ 19.171017708634533, 57.94157678649411 ], [ 19.170894221104742, 57.941522376050592 ], [ 19.170824943506044, 57.941510626266442 ], [ 19.17077839381237, 57.941513556881091 ], [ 19.17079840486517, 57.94154201741987 ], [ 19.170827617487337, 57.941578322840499 ], [ 19.170826598919298, 57.941630089854932 ], [ 19.170617137722118, 57.941698916298193 ], [ 19.170511009664231, 57.941715658047436 ], [ 19.170426965493967, 57.941718376133345 ], [ 19.170290138021432, 57.941713087549346 ], [ 19.170213889602714, 57.941699118580594 ], [ 19.170193282967826, 57.941690399231724 ], [ 19.170047402897819, 57.941655095331832 ], [ 19.170019112857187, 57.941648112557054 ], [ 19.169982750828144, 57.941631563808741 ], [ 19.16978403449296, 57.941313696412188 ] ] ] } },
{ "type": "Feature", "properties": { "seadsgm": "SW296993", "lake_id": 388, "lake_area_m2": 10472.640712559223, "localisedc": "sjö", "origin": "natural", "surfaceare": 10473 }, "geometry": { "type": "Polygon", "coordinates": [ [ [ 18.77405652029136, 57.447774046194873 ], [ 18.774019184076721, 57.447804529022306 ], [ 18.773934811380204, 57.447849451789871 ], [ 18.77389937132245, 57.447919088520287 ], [ 18.773910470934755, 57.447949254303104 ], [ 18.773953123166692, 57.44797197245358 ], [ 18.774041278949348, 57.44800533808543 ], [ 18.774166606934873, 57.448067027626024 ], [ 18.774242795188663, 57.448101840634266 ], [ 18.774331023438918, 57.448115612775055 ], [ 18.774595521672758, 57.448135143822462 ], [ 18.774747799869989, 57.448163386118793 ], [ 18.774845751243127, 57.448173602299597 ], [ 18.774972842496947, 57.448172085615198 ], [ 18.775056002595939, 57.448155512901131 ], [ 18.775165354455488, 57.448138178923969 ], [ 18.775256568551061, 57.448121373356585 ], [ 18.775324603569089, 57.448115035293192 ], [ 18.775379520071027, 57.448118882847318 ], [ 18.775409564688136, 57.448136521599402 ], [ 18.775444596268215, 57.44816382063663 ], [ 18.775511094654483, 57.448222856486666 ], [ 18.775560236787797, 57.448249741133246 ], [ 18.775623967522343, 57.448260956575922 ], [ 18.775745928419962, 57.448248703146845 ], [ 18.775875190761464, 57.448228607092133 ], [ 18.77600985381423, 57.448201820741232 ], [ 18.776084743642386, 57.44818331126713 ], [ 18.776176072824541, 57.448127299534065 ], [ 18.77634879116248, 57.448016653980275 ], [ 18.77647698396957, 57.447945410926643 ], [ 18.776680708339111, 57.447821886984144 ], [ 18.776882321128173, 57.44769732629198 ], [ 18.776945131436726, 57.447638879046551 ], [ 18.776970997233079, 57.447594567928931 ], [ 18.776968658099133, 57.447551076600071 ], [ 18.776950166599143, 57.4475276609841 ], [ 18.776909726734793, 57.447507061567869 ], [ 18.776833811576815, 57.447495105982732 ], [ 18.77661431959951, 57.447501492647859 ], [ 18.776421442576581, 57.447511459809505 ], [ 18.776170744651125, 57.447549242930812 ], [ 18.775901173081834, 57.447579950489221 ], [ 18.775800266586092, 57.44758070042748 ], [ 18.775676469697981, 57.447574506633011 ], [ 18.775473690332522, 57.447566244966559 ], [ 18.775167863530211, 57.447557712232573 ], [ 18.77486641622389, 57.447552320319645 ], [ 18.774677939824372, 57.447545825812398 ], [ 18.774530076335235, 57.447541410469768 ], [ 18.77432184983137, 57.447559440541546 ], [ 18.774234489487934, 57.447594652042135 ], [ 18.774181941545848, 57.447654974330064 ], [ 18.774142425900607, 57.447704038064913 ], [ 18.77405652029136, 57.447774046194873 ] ] ] } },
{ "type": "Feature", "properties": { "seadsgm": "SW296609", "lake_id": 417, "lake_area_m2": 932376.78846062534, "localisedc": "sjö", "origin": "natural", "surfaceare": 932377 }, "geometry": { "type": "Polygon", "coordinates": [ [ [ 19.007785865382964, 57.896565556384012 ], [ 19.008018368171381, 57.896443339489437 ], [ 19.008137132333996, 57.89641324732591 ], [ 19.008230154983355, 57.896381542853192 ], [ 19.008314191754053, 57.896326187384467 ], [ 19.00840105752776, 57.896241624494706 ], [ 19.008493704796372, 57.896119133475139 ], [ 19.008580022665971, 57.895931515844552 ], [ 19.008640990941814, 57.895880709035069 ], [ 19.008737090586052, 57.895837199563054 ], [ 19.00882872095309, 57.895801751793371 ], [ 19.00900245635555, 57.89574696743378 ], [ 19.009146698354265, 57.895695227042218 ], [ 19.009150868553409, 57.895693729757092 ], [ 19.009261447594316, 57.89566561411764 ], [ 19.009377895620364, 57.895627574647698 ], [ 19.009478970111161, 57.895573233936453 ], [ 19.00955296482104, 57.89551902925421 ], [ 19.009658034711254, 57.89539981279178 ], [ 19.009673326865489, 57.895380041718255 ], [ 19.009742749087302, 57.895290310652527 ], [ 19.009813522401142, 57.895193400021846 ], [ 19.009891563676991, 57.895091572650593 ], [ 19.009946008908653, 57.89501010160749 ], [ 19.009996852741349, 57.894956523274082 ], [ 19.010073350636048, 57.894897795881839 ], [ 19.010149502627687, 57.894829093122453 ], [ 19.010217421261789, 57.894735067063287 ], [ 19.010264671464483, 57.894620365362577 ], [ 19.010266993188488, 57.894611462593744 ], [ 19.010279963169033, 57.894506406425847 ], [ 19.010272334870599, 57.89421997913437 ], [ 19.010264679922816, 57.894075335988944 ], [ 19.010240937394322, 57.893988274040488 ], [ 19.010180817931644, 57.893808945153175 ], [ 19.010182136445756, 57.893624841569036 ], [ 19.01021267367253, 57.893537059813731 ], [ 19.010217232069639, 57.893465925223893 ], [ 19.010190401210021, 57.893332236937042 ], [ 19.01014860162767, 57.893235107737212 ], [ 19.010066567638486, 57.893009850985258 ], [ 19.009985122649095, 57.892853675886158 ], [ 19.009952278531472, 57.892746937977336 ], [ 19.009946334373428, 57.892487560153981 ], [ 19.009989331084448, 57.892341161669599 ], [ 19.01001833188451, 57.892313396545909 ], [ 19.010088876361944, 57.892284730430738 ], [ 19.010516587527913, 57.892148096326082 ], [ 19.010530803897051, 57.892119286102542 ], [ 19.010512225047194, 57.892086281734542 ], [ 19.010466103481839, 57.892052267071215 ], [ 19.010446591996569, 57.892029603346813 ], [ 19.010443028091604, 57.892020563998521 ], [ 19.010447566392195, 57.89198037885199 ], [ 19.010489482729074, 57.89196012566466 ], [ 19.010604693061818, 57.891916280148443 ], [ 19.01068034973796, 57.891872326624679 ], [ 19.010754278738162, 57.891834543701997 ], [ 19.010869277617338, 57.891769366643594 ], [ 19.010928643526896, 57.891704429982219 ], [ 19.011128969830363, 57.891600784159422 ], [ 19.011240927869494, 57.891567712083685 ], [ 19.011581570310678, 57.891470085241373 ], [ 19.011693709578992, 57.891426893426029 ], [ 19.012208893066251, 57.891312404504227 ], [ 19.012409020412072, 57.891235180676688 ], [ 19.012561076682321, 57.891159539072483 ], [ 19.012643992151634, 57.891151637986006 ], [ 19.012836054680434, 57.891121111718334 ], [ 19.012965398050152, 57.891078588292075 ], [ 19.013059111539249, 57.89103173265665 ], [ 19.013165147918787, 57.890968823727491 ], [ 19.013254392557357, 57.89092396436466 ], [ 19.013264783166129, 57.890918742270934 ], [ 19.013288021227844, 57.890856286873174 ], [ 19.013267335241753, 57.890799836042476 ], [ 19.013155361159061, 57.890560914626768 ], [ 19.012970809598635, 57.890526247978997 ], [ 19.012884610039361, 57.890519406640522 ], [ 19.012551372377001, 57.890518731567475 ], [ 19.012327761936824, 57.890500783133355 ], [ 19.01219114133324, 57.890480575937147 ], [ 19.012010709880801, 57.890404565818862 ], [ 19.011898525666815, 57.890349398304174 ], [ 19.011822029312004, 57.890340552328162 ], [ 19.011764739699242, 57.890356886467139 ], [ 19.011725646691495, 57.890384837418743 ], [ 19.011679710425149, 57.890410936908118 ], [ 19.011606652082182, 57.890412440283804 ], [ 19.011474484674867, 57.890389428593465 ], [ 19.011331782785266, 57.890336494854253 ], [ 19.011171635938965, 57.890246301524883 ], [ 19.011025307800544, 57.890065410381212 ], [ 19.010977888342193, 57.890023138889418 ], [ 19.0108695880025, 57.88998207298507 ], [ 19.010688277592372, 57.889936131084653 ], [ 19.010618681970751, 57.889897779116815 ], [ 19.01056187516819, 57.889846876239027 ], [ 19.010468652985644, 57.889752343827759 ], [ 19.010364615097039, 57.889699659281362 ], [ 19.010165709876237, 57.889620483608518 ], [ 19.009962769648791, 57.889509693911364 ], [ 19.009953374775538, 57.889454637413643 ], [ 19.00999403963905, 57.889371867657943 ], [ 19.01000283440786, 57.889362757992622 ], [ 19.010052286868579, 57.889311631661847 ], [ 19.010052243661043, 57.889281224225762 ], [ 19.010018072307528, 57.889242776907722 ], [ 19.009997450908806, 57.889237277890388 ], [ 19.009966183351509, 57.889228941179574 ], [ 19.009880216204028, 57.889224889478832 ], [ 19.00980599847373, 57.889247990407384 ], [ 19.009739411004471, 57.889266621935803 ], [ 19.009669536373693, 57.889294665288539 ], [ 19.009622679329755, 57.889325225385456 ], [ 19.009588093708505, 57.889366990632965 ], [ 19.009541884745222, 57.889430726983427 ], [ 19.009536196866542, 57.889467558954166 ], [ 19.009535531457729, 57.889506477872466 ], [ 19.009499506512121, 57.889547388542105 ], [ 19.009458218833529, 57.889557657270075 ], [ 19.00938636170272, 57.88957021627813 ], [ 19.009312401393469, 57.88961811743043 ], [ 19.009244028256006, 57.889663780534534 ], [ 19.009167993818668, 57.889703284432194 ], [ 19.009157061195726, 57.889708971155784 ], [ 19.009119578793435, 57.889724831534473 ], [ 19.009013464863344, 57.889700319702342 ], [ 19.008960061003844, 57.889655071136197 ], [ 19.008922483557065, 57.889594934455268 ], [ 19.008889580104878, 57.889544407945081 ], [ 19.008859989281785, 57.889526558564604 ], [ 19.008636906083773, 57.889447730026141 ], [ 19.00855074755194, 57.889430276997253 ], [ 19.008430852123556, 57.889431296594616 ], [ 19.008344716397627, 57.889447408269042 ], [ 19.008240752592449, 57.8894680678141 ], [ 19.00806916907673, 57.889429827525042 ], [ 19.007984770533866, 57.889397759510743 ], [ 19.007546774157085, 57.889223988893427 ], [ 19.007482509195114, 57.889143464885692 ], [ 19.007466371422083, 57.88907831681685 ], [ 19.007454246510434, 57.889030020079787 ], [ 19.007389637779873, 57.888972006131915 ], [ 19.007311364082444, 57.888938808957569 ], [ 19.007176894485028, 57.88888025855556 ], [ 19.007076109784318, 57.888820151836455 ], [ 19.007007537491774, 57.888772800213353 ], [ 19.006890984520965, 57.888718332929784 ], [ 19.006736172935781, 57.888642487393732 ], [ 19.006629790730788, 57.888570083742586 ], [ 19.006584980348752, 57.888570779552673 ], [ 19.006521744999848, 57.888564075535143 ], [ 19.00649532085616, 57.88856027842818 ], [ 19.006443157924192, 57.888549437706622 ], [ 19.006409647415726, 57.888528574607982 ], [ 19.006367377474344, 57.888443282958136 ], [ 19.006391411800703, 57.888373746092725 ], [ 19.006420636217559, 57.888326011013191 ], [ 19.006454248063761, 57.888281770457994 ], [ 19.00649052425608, 57.888208016048736 ], [ 19.006510087025102, 57.888123576314776 ], [ 19.006499278093376, 57.888077753701985 ], [ 19.006477989292328, 57.888009413938939 ], [ 19.006508403210827, 57.887950528837862 ], [ 19.006490185566374, 57.887923229026455 ], [ 19.006445123115181, 57.887883318253785 ], [ 19.006395524915924, 57.887813787435142 ], [ 19.006377767603418, 57.887788694669368 ], [ 19.006345239551887, 57.887685094092554 ], [ 19.006333045785279, 57.887635124472403 ], [ 19.006299520588573, 57.887622632352247 ], [ 19.0062231133167, 57.887603269410143 ], [ 19.005975751537211, 57.887552394059597 ], [ 19.00575993722541, 57.887504020887917 ], [ 19.005611355951057, 57.887482718288297 ], [ 19.005491942083395, 57.887494369217926 ], [ 19.00536344812754, 57.88751501763813 ], [ 19.005328453375508, 57.887532927732721 ], [ 19.005273579911655, 57.887568057487584 ], [ 19.005188668445136, 57.887596986038524 ], [ 19.004938146590785, 57.887690294309664 ], [ 19.004711747896653, 57.88781384164313 ], [ 19.004686047995065, 57.887878144557554 ], [ 19.004667586380606, 57.887908095772694 ], [ 19.004633530684988, 57.887927782701411 ], [ 19.004509291588089, 57.887997994290238 ], [ 19.00444215491434, 57.888114248130115 ], [ 19.004112226548404, 57.888295481932325 ], [ 19.003969042834974, 57.888331941964019 ], [ 19.003916997643149, 57.888367025680132 ], [ 19.00389336884448, 57.888413217984741 ], [ 19.003856594765018, 57.888464479290576 ], [ 19.003764232144956, 57.888515961270748 ], [ 19.003700221878194, 57.888534356745701 ], [ 19.003601540668992, 57.888538927884852 ], [ 19.003549383856388, 57.88854464900912 ], [ 19.003523781283747, 57.88855719098963 ], [ 19.003498694242534, 57.888617320833063 ], [ 19.003479125616121, 57.888665630606113 ], [ 19.003507211903926, 57.888675327201739 ], [ 19.003619640049962, 57.888661534499867 ], [ 19.003650724795641, 57.88863514296024 ], [ 19.003684145980419, 57.888626112374197 ], [ 19.003726735449288, 57.888629533574282 ], [ 19.003741534653237, 57.888658873507957 ], [ 19.003723907012962, 57.888706843242396 ], [ 19.003629763205723, 57.88879809793567 ], [ 19.003559738357708, 57.888797125682331 ], [ 19.00349562494258, 57.888797639541281 ], [ 19.003419601581147, 57.888821357854837 ], [ 19.003358160221904, 57.888867727418898 ], [ 19.003312275027486, 57.888937575843997 ], [ 19.003334406595048, 57.889003389025376 ], [ 19.003329994137168, 57.889043514927188 ], [ 19.00330055561, 57.889101810753893 ], [ 19.003199527263977, 57.889187743797486 ], [ 19.003062677253858, 57.889197080143099 ], [ 19.002928367736779, 57.889200206988441 ], [ 19.002772957861641, 57.889206335497114 ], [ 19.002703371021596, 57.889198712671146 ], [ 19.002601981455104, 57.889174371351757 ], [ 19.002545921090377, 57.889147025185807 ], [ 19.002504126196548, 57.889100077314616 ], [ 19.002455291426923, 57.889029278462402 ], [ 19.002392364872971, 57.889025941134399 ], [ 19.002177276245391, 57.889041021273002 ], [ 19.002026981468173, 57.889085112432376 ], [ 19.001539578318834, 57.888960599186248 ], [ 19.001471185669882, 57.888929543186705 ], [ 19.001418406728117, 57.888905671261696 ], [ 19.001361183743242, 57.888861341476357 ], [ 19.001317877791625, 57.888796644003712 ], [ 19.001291721271841, 57.888721219399429 ], [ 19.001316919838427, 57.888605518074733 ], [ 19.001323634885054, 57.888481140403819 ], [ 19.001362197223688, 57.88843621385967 ], [ 19.001380180586686, 57.888389339693944 ], [ 19.001423436358397, 57.888043662240833 ], [ 19.001501341475155, 57.887942680826157 ], [ 19.001494764102819, 57.887875630173724 ], [ 19.001452575670122, 57.887814225500968 ], [ 19.001282377431291, 57.887743758939934 ], [ 19.000969973210793, 57.887647245404118 ], [ 19.000859846620699, 57.887624939061652 ], [ 19.000773910941977, 57.887614748936144 ], [ 19.00072046425035, 57.887637250615185 ], [ 19.000684019860461, 57.887637924079243 ], [ 19.000657923051342, 57.887615638001151 ], [ 19.000602747549024, 57.88758798433188 ], [ 19.00046865552304, 57.88753208681905 ], [ 19.00031657639062, 57.887482341344345 ], [ 19.000227386281427, 57.887482465844208 ], [ 19.0000399319118, 57.887508529498994 ], [ 18.99950182939892, 57.887768218784508 ], [ 18.999176618391733, 57.887699203039588 ], [ 18.999120095525342, 57.887659866397144 ], [ 18.999072914769588, 57.887627887753276 ], [ 18.998981945348596, 57.887571230221155 ], [ 18.998894497967949, 57.887500203397856 ], [ 18.998807547731111, 57.88745922700825 ], [ 18.998733314067184, 57.88744647123611 ], [ 18.998658771250895, 57.887430118372293 ], [ 18.998552052473968, 57.887396994164177 ], [ 18.998437812518443, 57.887374890106059 ], [ 18.998265684385988, 57.887324883158804 ], [ 18.998081933659737, 57.887312405845606 ], [ 18.99804064518041, 57.887308357831053 ], [ 18.998022700821942, 57.887306594445313 ], [ 18.997951885121967, 57.887299664222489 ], [ 18.997821304026175, 57.887292291278584 ], [ 18.997792971745916, 57.88729481999043 ], [ 18.997680065373537, 57.887304881931328 ], [ 18.99735029350456, 57.887348672240812 ], [ 18.997253028028311, 57.887346226128813 ], [ 18.997088324665139, 57.887331043893553 ], [ 18.997041784639581, 57.887341160200243 ], [ 18.996963430664369, 57.887381673688985 ], [ 18.99684304319106, 57.887456467108848 ], [ 18.996773380711375, 57.887534993856022 ], [ 18.996750832485699, 57.887544768743055 ], [ 18.996719542471567, 57.887533812818972 ], [ 18.996650706085092, 57.887495583280604 ], [ 18.996563626972947, 57.887455797091341 ], [ 18.996457015105111, 57.887421985061657 ], [ 18.996315101952842, 57.887427474044799 ], [ 18.996198365927189, 57.887451079288034 ], [ 18.996126435766804, 57.887479601306296 ], [ 18.996075782493822, 57.887515843006078 ], [ 18.996077771023582, 57.887553850337028 ], [ 18.996099634209202, 57.887601349239695 ], [ 18.996152006792695, 57.887638012431339 ], [ 18.996383874255404, 57.887780535174294 ], [ 18.996397557733033, 57.887817401198561 ], [ 18.99639241952271, 57.887865606152751 ], [ 18.996350620274026, 57.887955348111639 ], [ 18.996283753002324, 57.888058531295457 ], [ 18.99622556757074, 57.888145850176365 ], [ 18.996023073732388, 57.888206370753792 ], [ 18.995973761179144, 57.888197925377874 ], [ 18.995875205390742, 57.888156502684019 ], [ 18.995860891676095, 57.888134663187415 ], [ 18.995895743784313, 57.888070381300381 ], [ 18.995939807807638, 57.88799225784426 ], [ 18.995902088937047, 57.887960462852277 ], [ 18.995768437458452, 57.887893559379876 ], [ 18.995722484727278, 57.887887525992504 ], [ 18.995465215321275, 57.887903250014631 ], [ 18.995389266025086, 57.887927959948762 ], [ 18.995261672736653, 57.887980525816566 ], [ 18.9952469747568, 57.88799255346995 ], [ 18.995204102721864, 57.888027614449776 ], [ 18.995206716050433, 57.888061161105242 ], [ 18.995194326364452, 57.888103173349933 ], [ 18.995188637354218, 57.888152223184527 ], [ 18.995211793423863, 57.888193556748611 ], [ 18.995289606904656, 57.88827178700825 ], [ 18.995411559577423, 57.888374299908989 ], [ 18.995464592491512, 57.888430410039639 ], [ 18.995498503034476, 57.888480907928717 ], [ 18.995503956680157, 57.888525029600281 ], [ 18.995506168266836, 57.888542934602569 ], [ 18.995538086127045, 57.888577941941797 ], [ 18.995585573618214, 57.888645573995703 ], [ 18.995557878687052, 57.888670102629703 ], [ 18.995432056472865, 57.888719412144617 ], [ 18.995141329197349, 57.888835493776014 ], [ 18.995071045834361, 57.889002669916962 ], [ 18.995144003173206, 57.88908325730938 ], [ 18.995110759237864, 57.889136654730052 ], [ 18.995092565745409, 57.889181861681223 ], [ 18.995089522927426, 57.889254736566457 ], [ 18.995135939967142, 57.889285790182193 ], [ 18.995234212958241, 57.889315666619673 ], [ 18.995293750773484, 57.889333400937005 ], [ 18.995408460954653, 57.889385526271397 ], [ 18.995454962520746, 57.889448208433443 ], [ 18.995440870433288, 57.889474971264221 ], [ 18.995403847075369, 57.889495236432907 ], [ 18.995367613353537, 57.889481496479632 ], [ 18.995290499382094, 57.889437419790141 ], [ 18.995253325550159, 57.889424789487244 ], [ 18.995195654390532, 57.889421634244918 ], [ 18.995125148646483, 57.889432147016414 ], [ 18.995064173855138, 57.889455656087563 ], [ 18.994999592088373, 57.889513267768464 ], [ 18.994969594381512, 57.889564352255114 ], [ 18.994983728848442, 57.889606769154447 ], [ 18.995012294788431, 57.889667408559582 ], [ 18.994990992494518, 57.889705486674956 ], [ 18.994929566696122, 57.8897729609115 ], [ 18.994896082545292, 57.889959731441273 ], [ 18.994846720610337, 57.890096261220087 ], [ 18.994731913880333, 57.890140735818179 ], [ 18.994726630797071, 57.890160046987816 ], [ 18.9947015892111, 57.890272683636823 ], [ 18.99467623228961, 57.890511188065737 ], [ 18.994658152942471, 57.890671145627429 ], [ 18.994636543199451, 57.890761464837055 ], [ 18.994602143118012, 57.890866006015457 ], [ 18.994520761449561, 57.891013479922535 ], [ 18.994441086116858, 57.891089029862464 ], [ 18.994327544574727, 57.891142627123514 ], [ 18.994274568350267, 57.891177314450154 ], [ 18.994243430845575, 57.891238719337956 ], [ 18.994230695621344, 57.891373249965014 ], [ 18.994212356678862, 57.891427633055564 ], [ 18.994141538690844, 57.891530094104219 ], [ 18.994068646022001, 57.891586485173413 ], [ 18.993981992473437, 57.891624757579535 ], [ 18.993879496927626, 57.891644656333689 ], [ 18.99376033960176, 57.891670350521245 ], [ 18.993711888890708, 57.891703112523572 ], [ 18.993693105142064, 57.891740283441351 ], [ 18.99369242487646, 57.891742695486386 ], [ 18.993635319656306, 57.891945198512836 ], [ 18.993647479144947, 57.892102135601313 ], [ 18.993768795709595, 57.892540123405198 ], [ 18.993798973646538, 57.892561004720463 ], [ 18.993848008996764, 57.89257878297969 ], [ 18.993885797123635, 57.892586674621647 ], [ 18.993949705055115, 57.892606151154943 ], [ 18.99400269603143, 57.892633858999375 ], [ 18.993995701567087, 57.892668500729535 ], [ 18.993953557195439, 57.892703788483153 ], [ 18.993915674721691, 57.892745084292358 ], [ 18.993900468660403, 57.89279494741924 ], [ 18.993925337999151, 57.892886805716621 ], [ 18.99398676233125, 57.893017984274714 ], [ 18.99403997060481, 57.893067686016451 ], [ 18.994134069896695, 57.893185500340941 ], [ 18.994272210314794, 57.893368825376342 ], [ 18.994413432047104, 57.893503720515028 ], [ 18.994481138327441, 57.893615567256752 ], [ 18.994526888024886, 57.893736315783308 ], [ 18.994575792418413, 57.893836992586309 ], [ 18.99463958207172, 57.893914758509197 ], [ 18.994725701516728, 57.894022229567511 ], [ 18.994861968927989, 57.894149746256197 ], [ 18.995031548531923, 57.894262501914397 ], [ 18.995082753526521, 57.894282119069914 ], [ 18.995195764724894, 57.89430226097199 ], [ 18.995239785115086, 57.894309901031427 ], [ 18.995318176309912, 57.894341852864379 ], [ 18.995334052661097, 57.89436089038356 ], [ 18.995330652558629, 57.894388765171357 ], [ 18.995307728489816, 57.894422433630645 ], [ 18.995232478943418, 57.894485327210809 ], [ 18.995204373039449, 57.894513025376028 ], [ 18.995174242350526, 57.894543278925113 ], [ 18.995118749503948, 57.894573756285197 ], [ 18.995009967282257, 57.894610092079702 ], [ 18.99493769873385, 57.894632437571396 ], [ 18.994916301383121, 57.894666345433166 ], [ 18.994992755182032, 57.894746831728099 ], [ 18.995015808542583, 57.894786236801757 ], [ 18.995029795510039, 57.894855877217523 ], [ 18.995051228898173, 57.894894207157094 ], [ 18.995121816551514, 57.894936061843126 ], [ 18.995178688721669, 57.894947307790829 ], [ 18.995263226718205, 57.894969488181729 ], [ 18.995402259350296, 57.895027448703985 ], [ 18.995507995248996, 57.895096887725138 ], [ 18.995601586336694, 57.895190815301468 ], [ 18.995765601642155, 57.895358720974485 ], [ 18.995926572391294, 57.895489199038408 ], [ 18.99600422381608, 57.89558910572692 ], [ 18.996218410836594, 57.895703169963731 ], [ 18.996403508841098, 57.895760180625011 ], [ 18.996598261842419, 57.895820148901905 ], [ 18.996880011816639, 57.895898049992503 ], [ 18.997075002506406, 57.895988699641613 ], [ 18.997146267234033, 57.896048767868358 ], [ 18.997205197791615, 57.896117522848385 ], [ 18.99722867760002, 57.89614493466803 ], [ 18.997263458513281, 57.896220970667123 ], [ 18.997316703669124, 57.896342641247735 ], [ 18.997385047700554, 57.896522541234482 ], [ 18.997395471963468, 57.896612004908192 ], [ 18.99741520049308, 57.896652322260408 ], [ 18.997489653910186, 57.89684399813617 ], [ 18.99748896087014, 57.896904589077614 ], [ 18.997493521091275, 57.897035051638333 ], [ 18.997551088582384, 57.897090486982485 ], [ 18.99756031961207, 57.897112179233766 ], [ 18.997545303076876, 57.897135087998983 ], [ 18.997519629911324, 57.897144026227188 ], [ 18.997480342547416, 57.897170242097914 ], [ 18.997462402284448, 57.897199339211326 ], [ 18.997477328126667, 57.89722285842646 ], [ 18.997527677719123, 57.897255422888776 ], [ 18.997618837048137, 57.897292149589667 ], [ 18.997692195245016, 57.897329705166143 ], [ 18.997854801883591, 57.897428695730632 ], [ 18.997865415083698, 57.89749314735316 ], [ 18.997877368656969, 57.897580628786436 ], [ 18.997932965671879, 57.897600383057636 ], [ 18.998257117739961, 57.897707210643205 ], [ 18.998407735183829, 57.897792234764715 ], [ 18.998476192176071, 57.897862370467642 ], [ 18.998545759389021, 57.897897924495915 ], [ 18.998896750822169, 57.898021824164182 ], [ 18.998997825128171, 57.898042312967043 ], [ 18.99907072434538, 57.89806288884207 ], [ 18.999116715742936, 57.898090868159933 ], [ 18.99915528241695, 57.898132902877279 ], [ 18.99924621153049, 57.898187169201186 ], [ 18.999346364808069, 57.898228357257892 ], [ 18.999601799817629, 57.898298082039581 ], [ 18.999887425048406, 57.898383522723506 ], [ 19.000045443920964, 57.898421609823181 ], [ 19.000574292092548, 57.898535445649749 ], [ 19.000915393959055, 57.898572278696662 ], [ 19.001305452482224, 57.89856953135633 ], [ 19.001529200533632, 57.898540387822244 ], [ 19.002021016691675, 57.89841489173088 ], [ 19.002189466811672, 57.898397247624729 ], [ 19.002274291800713, 57.898389148550216 ], [ 19.002346545764983, 57.898369532488424 ], [ 19.002530375377432, 57.898298712094387 ], [ 19.002663866887293, 57.898247489976029 ], [ 19.002784727294671, 57.898217545426334 ], [ 19.002952957689665, 57.898180755814387 ], [ 19.003023160225926, 57.898143165692638 ], [ 19.003084809085404, 57.898116071010541 ], [ 19.003196491053533, 57.898088349776501 ], [ 19.003266210996873, 57.898102936195379 ], [ 19.003340244587328, 57.898140118279102 ], [ 19.00338767000521, 57.898184425253142 ], [ 19.003442256048135, 57.898223426356495 ], [ 19.003580346833665, 57.898265876681371 ], [ 19.003737818934951, 57.89829250409629 ], [ 19.003873649166476, 57.898288584844579 ], [ 19.003981328375509, 57.898262462300337 ], [ 19.0041108976346, 57.898209285730708 ], [ 19.00424331553225, 57.898109352329385 ], [ 19.004332874340633, 57.898032781633226 ], [ 19.004340564128196, 57.897986177224666 ], [ 19.004333017238849, 57.897877471529981 ], [ 19.004316751952903, 57.897823162951013 ], [ 19.00434622360866, 57.897786814160447 ], [ 19.004432342533352, 57.897731933547256 ], [ 19.004505287505637, 57.897714101083096 ], [ 19.004642338246867, 57.897678886362925 ], [ 19.004898014580014, 57.897600731444918 ], [ 19.005106012707355, 57.897576251957545 ], [ 19.005263994076536, 57.897530483724509 ], [ 19.005331289587794, 57.897497400916158 ], [ 19.005346943734423, 57.89747115396559 ], [ 19.005344954545659, 57.897432867835917 ], [ 19.005372861381925, 57.897200393404724 ], [ 19.005438844993218, 57.897152801789993 ], [ 19.005612981527936, 57.897064064369154 ], [ 19.005691450303559, 57.897060525663605 ], [ 19.005838073085709, 57.897088167016307 ], [ 19.005972899755317, 57.897112582779641 ], [ 19.006088000122222, 57.897110259816721 ], [ 19.006161447740251, 57.897097696662819 ], [ 19.006255461456046, 57.897065235772445 ], [ 19.006508465141025, 57.896942148093082 ], [ 19.006646588009861, 57.896885074168139 ], [ 19.006742048851141, 57.896845777242127 ], [ 19.007069419692005, 57.896685045665002 ], [ 19.00717575983192, 57.896669905944151 ], [ 19.007519637795827, 57.896675730612117 ], [ 19.007652774263811, 57.896627651223959 ], [ 19.007686201167346, 57.896615581290128 ], [ 19.007785865382964, 57.896565556384012 ] ], [ [ 18.996089094060384, 57.888270296959142 ], [ 18.996162356342008, 57.888297231087243 ], [ 18.996193592724893, 57.888313338900552 ], [ 18.996237996355134, 57.888319447291167 ], [ 18.996280378438762, 57.888339710675474 ], [ 18.996321245956263, 57.888380027078078 ], [ 18.99633414333492, 57.88840358394522 ], [ 18.996307890298709, 57.888412889367174 ], [ 18.996222247932568, 57.888406381502008 ], [ 18.996160758732728, 57.888390588268955 ], [ 18.996092754888654, 57.888366168822849 ], [ 18.996059659620403, 57.888352547508795 ], [ 18.996033570037156, 57.888318506937736 ], [ 18.996016506925859, 57.888289507583707 ], [ 18.996017386409314, 57.888276424727749 ], [ 18.996050953796587, 57.888261870529398 ], [ 18.996089094060384, 57.888270296959142 ] ], [ [ 19.002613947632273, 57.889325009673726 ], [ 19.002642742269753, 57.889326105047822 ], [ 19.002667677265439, 57.889341558478634 ], [ 19.002697498077712, 57.889372986227208 ], [ 19.00272389923343, 57.889419243298008 ], [ 19.002729072247071, 57.88945994689152 ], [ 19.002721538191398, 57.88950210531145 ], [ 19.002691991558947, 57.889552626589754 ], [ 19.002586152397711, 57.889584391537753 ], [ 19.002516703859762, 57.889561423785189 ], [ 19.002370291801864, 57.889568931767265 ], [ 19.002263748151361, 57.88958451549609 ], [ 19.002205519587235, 57.889564951731771 ], [ 19.002199904767068, 57.889538423663296 ], [ 19.002220359198429, 57.889517465398875 ], [ 19.002249579746884, 57.889498902083687 ], [ 19.002310719201787, 57.889477801244119 ], [ 19.002417786247882, 57.889454478040655 ], [ 19.002463390322049, 57.889436754226978 ], [ 19.00251969549916, 57.88940081007717 ], [ 19.002548991055487, 57.889373366706828 ], [ 19.002577123692301, 57.889343993086413 ], [ 19.002613947632273, 57.889325009673726 ] ] ] } },
{ "type": "Feature", "properties": { "seadsgm": "SW296993", "lake_id": 418, "lake_area_m2": 2850.0051119327545, "localisedc": "sjö", "origin": "natural", "surfaceare": 2850 }, "geometry": { "type": "Polygon", "coordinates": [ [ [ 18.770234825235239, 57.438227446469334 ], [ 18.770208153381994, 57.438318965828536 ], [ 18.77016314553682, 57.438403983736272 ], [ 18.770220095934032, 57.438466618111931 ], [ 18.770211758565541, 57.438546762202492 ], [ 18.770244905410106, 57.438589960831898 ], [ 18.770330823240919, 57.438643906502236 ], [ 18.770393574021369, 57.438686415984556 ], [ 18.770445637551916, 57.438688397263512 ], [ 18.770502660023975, 57.438670785954052 ], [ 18.770558930044647, 57.438622553811655 ], [ 18.770576616882916, 57.438566161399088 ], [ 18.770606168529774, 57.4384735218079 ], [ 18.770613869185379, 57.438385386892229 ], [ 18.770593903684425, 57.438321886333028 ], [ 18.770622490653146, 57.438217275113054 ], [ 18.770601238928215, 57.438137808738752 ], [ 18.770700632400846, 57.438083501729174 ], [ 18.770795195583752, 57.437969343336349 ], [ 18.770737586400092, 57.437898734458535 ], [ 18.770706010824622, 57.437783534093818 ], [ 18.770747802734078, 57.437658620078309 ], [ 18.770744901178343, 57.437622705448021 ], [ 18.770693409251731, 57.437610293726955 ], [ 18.770610723299232, 57.437613868044302 ], [ 18.770480781473228, 57.437656907306959 ], [ 18.770417426376444, 57.437698384466032 ], [ 18.770350831222292, 57.437699946682088 ], [ 18.770315751197568, 57.437724761335481 ], [ 18.770304834595034, 57.437772982792332 ], [ 18.770214768811083, 57.437851061637971 ], [ 18.770192930065694, 57.437947533227344 ], [ 18.770190046501678, 57.438003561247555 ], [ 18.770279194380461, 57.438097419945194 ], [ 18.770292081445174, 57.438165079306366 ], [ 18.770234825235239, 57.438227446469334 ] ] ] } },
{ "type": "Feature", "properties": { "seadsgm": "SW296334", "lake_id": 421, "lake_area_m2": 27192.35089630913, "localisedc": "sjö", "origin": "natural", "surfaceare": 27192 }, "geometry": { "type": "Polygon", "coordinates": [ [ [ 19.123277497262809, 57.858249437996321 ], [ 19.123332020072489, 57.858209940369306 ], [ 19.123418973681765, 57.858136421304096 ], [ 19.123563216997201, 57.858014629382737 ], [ 19.123652041436912, 57.857910342136385 ], [ 19.123770623116318, 57.857767470431568 ], [ 19.123806161566524, 57.857737716635505 ], [ 19.123853267587684, 57.857707120978141 ], [ 19.123923876978708, 57.857616851152073 ], [ 19.123924583252492, 57.857526570671915 ], [ 19.123901547442738, 57.857457846706581 ], [ 19.123901514272678, 57.85740670801848 ], [ 19.123901486934521, 57.857386618755548 ], [ 19.123961174557262, 57.857293700992891 ], [ 19.124039110065112, 57.857264025154606 ], [ 19.124101197842759, 57.857240397430665 ], [ 19.124140237805786, 57.857208211223806 ], [ 19.124197073933043, 57.857063436247785 ], [ 19.124212430856787, 57.857017362039485 ], [ 19.124224337301033, 57.856980069780114 ], [ 19.124237255790732, 57.856959884113962 ], [ 19.124263700834035, 57.856937982693758 ], [ 19.124245195728285, 57.856877030158458 ], [ 19.124247294471637, 57.856840265649353 ], [ 19.124333914173, 57.856777035602626 ], [ 19.12428934432042, 57.856716492284697 ], [ 19.124286365064147, 57.856651862098346 ], [ 19.124298303932729, 57.856611042950135 ], [ 19.124326387671683, 57.856581588672057 ], [ 19.124476706117633, 57.856541607182407 ], [ 19.124573651383756, 57.856497410949665 ], [ 19.124602645342648, 57.856464831455519 ], [ 19.124692447915731, 57.856383091248979 ], [ 19.124789338428723, 57.856348705694785 ], [ 19.12487455842847, 57.856332669343409 ], [ 19.12494005860945, 57.856323964233489 ], [ 19.125032639964953, 57.85628288445033 ], [ 19.12509278037955, 57.856242709133831 ], [ 19.125108626937703, 57.856206673808956 ], [ 19.125104069999196, 57.8561817791416 ], [ 19.125027338591678, 57.856133497131196 ], [ 19.124931429219664, 57.856111222629202 ], [ 19.124828758070556, 57.856087587460138 ], [ 19.124746768618277, 57.856072425099136 ], [ 19.124607567924382, 57.856204414613842 ], [ 19.124434709743948, 57.856341365509827 ], [ 19.124317817203909, 57.856422476751675 ], [ 19.124216224370624, 57.856478595806699 ], [ 19.124109684138677, 57.856517771377518 ], [ 19.124034731100625, 57.856540030752349 ], [ 19.123983780568487, 57.856560202702333 ], [ 19.123897296668964, 57.856644038554123 ], [ 19.12387866669355, 57.856677430997287 ], [ 19.123880493454234, 57.856706471647129 ], [ 19.123894153991277, 57.85673901087177 ], [ 19.123877125421902, 57.85677588580257 ], [ 19.12385152858317, 57.856794837453478 ], [ 19.123804537131008, 57.856799523626982 ], [ 19.123607226836882, 57.856772635561171 ], [ 19.123459103788473, 57.856737215816935 ], [ 19.123276031815955, 57.856640730659286 ], [ 19.123251513623185, 57.856609686268172 ], [ 19.123085307511264, 57.856557903761114 ], [ 19.122913621713678, 57.856570989102039 ], [ 19.122651235679658, 57.85656290623777 ], [ 19.122554095675266, 57.856549304499708 ], [ 19.122454096788942, 57.856480368336925 ], [ 19.122424330960627, 57.856474421123735 ], [ 19.122268955523776, 57.856497155089677 ], [ 19.122174288294779, 57.856515799940738 ], [ 19.122049784948572, 57.856581922642803 ], [ 19.121985015202387, 57.856622778300917 ], [ 19.121989785713936, 57.856639698973943 ], [ 19.122030551925747, 57.856666906609284 ], [ 19.122027499657857, 57.856725438738707 ], [ 19.121997366326273, 57.85676564416088 ], [ 19.121868241528823, 57.856836450489055 ], [ 19.121777719132815, 57.856866775863175 ], [ 19.121719787844455, 57.856874622802181 ], [ 19.121633260182723, 57.857007350023004 ], [ 19.12148827552301, 57.857203647229532 ], [ 19.121445198260492, 57.857265134184537 ], [ 19.121415261649862, 57.857333622999334 ], [ 19.121388323990047, 57.857413992386505 ], [ 19.121364427857252, 57.857442348175994 ], [ 19.121298122588044, 57.857475277476532 ], [ 19.121327060237348, 57.857524000768876 ], [ 19.121357607257426, 57.857556629913617 ], [ 19.121369360599299, 57.857640603803709 ], [ 19.121353423349415, 57.857683440679743 ], [ 19.121284774119491, 57.857725833731749 ], [ 19.121201499452667, 57.857762362047787 ], [ 19.121147958043206, 57.857790656606447 ], [ 19.121124496136453, 57.857872829470786 ], [ 19.121125603771208, 57.857897548800786 ], [ 19.121166791717606, 57.857913680382673 ], [ 19.121197264632244, 57.857912410583928 ], [ 19.121244953882904, 57.857858822098535 ], [ 19.121268573195689, 57.85783128325015 ], [ 19.121327408549991, 57.857811169978447 ], [ 19.121388571468621, 57.85781081643912 ], [ 19.121461935625682, 57.857846316537625 ], [ 19.121494201152895, 57.85788136178936 ], [ 19.12144717535616, 57.857975574472952 ], [ 19.121451426627907, 57.858024949115936 ], [ 19.121519497741026, 57.858089765295325 ], [ 19.121586406615044, 57.858127514806263 ], [ 19.121625351956748, 57.858135132966197 ], [ 19.121675737589371, 57.858139355963083 ], [ 19.121736491076618, 57.858162117802578 ], [ 19.121768283540714, 57.858189283713294 ], [ 19.121763431001675, 57.858265266349633 ], [ 19.121762729127123, 57.858300079720102 ], [ 19.12178961682973, 57.858338799291452 ], [ 19.121845194154787, 57.858363329887808 ], [ 19.121900372303148, 57.858364297016351 ], [ 19.121937043155611, 57.858349525705897 ], [ 19.121983786432395, 57.858268898387003 ], [ 19.122025840279406, 57.858242002382056 ], [ 19.122092645624697, 57.858219910522585 ], [ 19.122329626296683, 57.858195646457169 ], [ 19.122445209719157, 57.858193451908086 ], [ 19.122663987932707, 57.858226117778173 ], [ 19.123041782846879, 57.858279579258408 ], [ 19.123147783797254, 57.858278584972844 ], [ 19.123277497262809, 57.858249437996321 ] ] ] } },
{ "type": "Feature", "properties": { "seadsgm": "SW293863", "lake_id": 427, "lake_area_m2": 6941.851102047367, "localisedc": "sjö", "origin": "natural", "surfaceare": 6942 }, "geometry": { "type": "Polygon", "coordinates": [ [ [ 18.249996165393004, 57.405983820734754 ], [ 18.249971438020737, 57.405964945081394 ], [ 18.249986621618856, 57.405929360831031 ], [ 18.250041959873069, 57.405820827910141 ], [ 18.250082814557022, 57.405743851662997 ], [ 18.250122022443236, 57.40567251847731 ], [ 18.250128878973602, 57.405626937878566 ], [ 18.250135202848583, 57.405580302276043 ], [ 18.250111729630003, 57.405553555247806 ], [ 18.250046398199679, 57.405546863380842 ], [ 18.249886838538416, 57.405546093947237 ], [ 18.249702292342349, 57.405541411322467 ], [ 18.249587336960552, 57.405519912052078 ], [ 18.249586259394128, 57.405500963394758 ], [ 18.249740412021861, 57.405348792512136 ], [ 18.24974517079923, 57.405295778216647 ], [ 18.249725099225472, 57.405223728487151 ], [ 18.249701289860212, 57.405212909507249 ], [ 18.249649538616058, 57.405209237674256 ], [ 18.249432341272751, 57.405219655845293 ], [ 18.249427548233896, 57.405196218646992 ], [ 18.249421555749876, 57.405167321591954 ], [ 18.249417883250477, 57.40514955477164 ], [ 18.249321881536453, 57.405180051364191 ], [ 18.249205639787789, 57.405242119216062 ], [ 18.249210013489865, 57.405279454506406 ], [ 18.249202069616054, 57.40538866843022 ], [ 18.249164775494066, 57.405524654508667 ], [ 18.24913641488078, 57.405627842485913 ], [ 18.249106581070414, 57.405723859310342 ], [ 18.249025213954912, 57.405879151919763 ], [ 18.248947389354935, 57.40595016920058 ], [ 18.248878590986291, 57.405983099249127 ], [ 18.24876741824918, 57.405987138575739 ], [ 18.248593241128987, 57.405987076154823 ], [ 18.248586670201394, 57.406016352369967 ], [ 18.248625745616248, 57.40607840924789 ], [ 18.248707191867478, 57.406200796372808 ], [ 18.248818411387322, 57.406234906355493 ], [ 18.24897706916278, 57.406274379818711 ], [ 18.249055745263426, 57.406310516912889 ], [ 18.249078694073908, 57.406338140135993 ], [ 18.249065839380961, 57.406385701373559 ], [ 18.249041493697518, 57.406414905365715 ], [ 18.248973346598191, 57.406425275987942 ], [ 18.248827185912102, 57.406438926559957 ], [ 18.248803591951095, 57.406464777542944 ], [ 18.248802267668481, 57.406508110644936 ], [ 18.248874431620237, 57.406616031440109 ], [ 18.248911769426389, 57.40664791163239 ], [ 18.248956441087273, 57.406667110997205 ], [ 18.249140333782091, 57.406721161033332 ], [ 18.249229236443774, 57.406754398358501 ], [ 18.249295959292294, 57.406767041554694 ], [ 18.249380332931612, 57.406769726536346 ], [ 18.249472284466702, 57.406759917433952 ], [ 18.249644728815301, 57.406718458210314 ], [ 18.249672882608817, 57.406671941543316 ], [ 18.249703263958953, 57.406608260654878 ], [ 18.249764709262294, 57.4065701696464 ], [ 18.249769133897441, 57.406554855787753 ], [ 18.249743885621236, 57.406478633966728 ], [ 18.24976725286086, 57.406457939315494 ], [ 18.249818464836228, 57.406446056745047 ], [ 18.249943179325289, 57.406415141035133 ], [ 18.249926293704974, 57.406396754178346 ], [ 18.249878563980172, 57.406379846245819 ], [ 18.249723782535934, 57.406342744904372 ], [ 18.24971368516519, 57.406311671489085 ], [ 18.249742238878458, 57.406272882539369 ], [ 18.249810708720496, 57.406245056298566 ], [ 18.249877890170119, 57.40622774237557 ], [ 18.249904638469641, 57.406208588767484 ], [ 18.249938217851245, 57.40618200570119 ], [ 18.249958714671184, 57.406168747921697 ], [ 18.249972885261723, 57.406157514489117 ], [ 18.250003696608339, 57.406111997868102 ], [ 18.25004293984842, 57.406064727308824 ], [ 18.250074079436654, 57.406030438410589 ], [ 18.250045802483363, 57.406003995365658 ], [ 18.249996165393004, 57.405983820734754 ] ], [ [ 18.249541629866815, 57.405260815698426 ], [ 18.249641271221073, 57.405297903427432 ], [ 18.249647305082725, 57.405321576320667 ], [ 18.249533954411717, 57.405399381734767 ], [ 18.249513750860025, 57.405408146170302 ], [ 18.249416717335126, 57.40544930436787 ], [ 18.249349294060519, 57.40545580067122 ], [ 18.249309509738715, 57.405442093397596 ], [ 18.249285778958331, 57.405419864917619 ], [ 18.249284898515214, 57.405372030584694 ], [ 18.249379948649608, 57.405304821435251 ], [ 18.249459137171648, 57.405271333151369 ], [ 18.249541629866815, 57.405260815698426 ] ], [ [ 18.249679885504012, 57.405743873078471 ], [ 18.249634233493719, 57.405742598234347 ], [ 18.249584580421313, 57.405723521148744 ], [ 18.249566143399683, 57.405696615467519 ], [ 18.249648608903996, 57.405650180073479 ], [ 18.249722208408475, 57.405646662387532 ], [ 18.249749838301724, 57.405659755056519 ], [ 18.249767695205271, 57.405697363265666 ], [ 18.249734833907098, 57.405728558302684 ], [ 18.249679885504012, 57.405743873078471 ] ], [ [ 18.249511717082701, 57.405970064373534 ], [ 18.249506381967095, 57.405918307034717 ], [ 18.249512667477664, 57.405877560509076 ], [ 18.249538119999137, 57.405850943768137 ], [ 18.249693095084819, 57.405872272293934 ], [ 18.249718720654268, 57.40589192582754 ], [ 18.24972399781247, 57.405904123078422 ], [ 18.249709016123383, 57.40593033563983 ], [ 18.249643284552963, 57.405959690979323 ], [ 18.24957101013252, 57.405975139212934 ], [ 18.249535428898415, 57.405976382648788 ], [ 18.249511717082701, 57.405970064373534 ] ], [ [ 18.248890211295123, 57.406053119996827 ], [ 18.248935003314141, 57.406019631139792 ], [ 18.248987866373223, 57.406010050086067 ], [ 18.249061858484019, 57.406013156858535 ], [ 18.249104218038514, 57.406024350790418 ], [ 18.249161640016297, 57.40605290997069 ], [ 18.249178468226319, 57.406061662033856 ], [ 18.249194478957349, 57.406078991839074 ], [ 18.249180153382024, 57.406124451355574 ], [ 18.249134909932312, 57.406150275337843 ], [ 18.249059966692844, 57.406155159456709 ], [ 18.248954332185694, 57.406138099999453 ], [ 18.248896800756956, 57.406115280163981 ], [ 18.248872711732055, 57.406089286186791 ], [ 18.248890211295123, 57.406053119996827 ] ], [ [ 18.249428281756241, 57.406169633501896 ], [ 18.249389945253938, 57.406149974488969 ], [ 18.249371898925894, 57.406104354344521 ], [ 18.249390715287497, 57.406079932357493 ], [ 18.249524285482448, 57.406040859428373 ], [ 18.249681597359704, 57.406021014506798 ], [ 18.249754643001211, 57.40603188337672 ], [ 18.249804079084111, 57.406045295226392 ], [ 18.249841141609028, 57.406075259809356 ], [ 18.249845312310732, 57.406113140192289 ], [ 18.249664146263232, 57.406186448730786 ], [ 18.249628582993726, 57.40619542101409 ], [ 18.249504266987255, 57.406187609467878 ], [ 18.249428281756241, 57.406169633501896 ] ], [ [ 18.249216917339457, 57.406444794379425 ], [ 18.249185159171663, 57.406414945060057 ], [ 18.249227955798077, 57.406344346906671 ], [ 18.249339409939598, 57.406289881798202 ], [ 18.249454334551981, 57.406283021650886 ], [ 18.249517232936874, 57.406285369955398 ], [ 18.249584696182573, 57.406301696117659 ], [ 18.249620032011613, 57.406327959209314 ], [ 18.249615984173058, 57.406363857211929 ], [ 18.249590596896716, 57.406395892874492 ], [ 18.249560187483723, 57.406412094865374 ], [ 18.249476272641012, 57.40643118589599 ], [ 18.249429951711708, 57.406442009360568 ], [ 18.249355990414159, 57.406468899617153 ], [ 18.249293287025697, 57.406471966789141 ], [ 18.249216917339457, 57.406444794379425 ] ], [ [ 18.248890903547039, 57.406469974408928 ], [ 18.249014091440216, 57.406445590585726 ], [ 18.249048604682372, 57.406450919090204 ], [ 18.249065149967187, 57.406468498462658 ], [ 18.249046446700916, 57.406529808245196 ], [ 18.249023661222758, 57.406548905451011 ], [ 18.2490187576647, 57.406555422625779 ], [ 18.248990644152087, 57.40657193389562 ], [ 18.248950688999699, 57.406574573887298 ], [ 18.248885946840051, 57.406535821031099 ], [ 18.248869015836494, 57.406513704437593 ], [ 18.24886657125678, 57.406489695269279 ], [ 18.248890903547039, 57.406469974408928 ] ], [ [ 18.249288221007923, 57.406710555500389 ], [ 18.249261705861851, 57.406699312498773 ], [ 18.249241635372815, 57.406645168199695 ], [ 18.249257057540365, 57.406602629877966 ], [ 18.249310841659245, 57.406562507188667 ], [ 18.24937564856042, 57.406514811728265 ], [ 18.249445235524021, 57.406481597710197 ], [ 18.249602471043193, 57.406470320309609 ], [ 18.249644204869554, 57.406497568167907 ], [ 18.249661507690519, 57.406523691133806 ], [ 18.249655472050446, 57.406571660138582 ], [ 18.249559024546041, 57.40668314153703 ], [ 18.249523955525294, 57.406703293346077 ], [ 18.249360349462542, 57.406715373716921 ], [ 18.249288221007923, 57.406710555500389 ] ] ] } },
{ "type": "Feature", "properties": { "seadsgm": "SW295329", "lake_id": 428, "lake_area_m2": 7566.4843180179596, "localisedc": "sjö", "origin": "natural", "surfaceare": 7566 }, "geometry": { "type": "Polygon", "coordinates": [ [ [ 18.548008953400181, 57.213333351260658 ], [ 18.548074391120903, 57.21323306575632 ], [ 18.548029960362207, 57.213125297274573 ], [ 18.548002260079915, 57.212997391477259 ], [ 18.548069886250389, 57.212926712545148 ], [ 18.5480013953396, 57.212740375460278 ], [ 18.548063190914547, 57.212590735241264 ], [ 18.547977964177647, 57.212424550980515 ], [ 18.547927664021294, 57.212237815708278 ], [ 18.547920358382694, 57.212139111305781 ], [ 18.547971270160719, 57.212088575827948 ], [ 18.548019239032374, 57.211998564856792 ], [ 18.547944612383581, 57.211919716602566 ], [ 18.547926098165274, 57.21190013933159 ], [ 18.54753470323541, 57.212098108636724 ], [ 18.547464864839679, 57.212139181380721 ], [ 18.547475118703726, 57.212277352332208 ], [ 18.547411164853219, 57.212397382601587 ], [ 18.547255500726802, 57.212509523321096 ], [ 18.547042332909896, 57.212583375521433 ], [ 18.546940514243989, 57.212684454270772 ], [ 18.546955168450893, 57.212881855296864 ], [ 18.547014126781175, 57.213051460705437 ], [ 18.547110322145514, 57.213254126334625 ], [ 18.547243511370336, 57.213330300716891 ], [ 18.547448001985341, 57.213385150168932 ], [ 18.547757968280315, 57.213388267669274 ], [ 18.548008953400181, 57.213333351260658 ] ] ] } },
{ "type": "Feature", "properties": { "seadsgm": "SW293805", "lake_id": 446, "lake_area_m2": 6303.6074630841613, "localisedc": "sjö", "origin": "natural", "surfaceare": 6304 }, "geometry": { "type": "Polygon", "coordinates": [ [ [ 18.495878758940979, 57.297336166917262 ], [ 18.495908567380447, 57.297238569460369 ], [ 18.495946383528562, 57.297149045607156 ], [ 18.495970622989606, 57.297060691906694 ], [ 18.49594756245283, 57.296973518458834 ], [ 18.495844368412698, 57.296855231158162 ], [ 18.495819643658791, 57.296761201259969 ], [ 18.495769038172948, 57.296741400867177 ], [ 18.495710154025694, 57.296732107031026 ], [ 18.495607464873061, 57.296729455556537 ], [ 18.495520176351995, 57.296734085901662 ], [ 18.49545995983042, 57.296678647582183 ], [ 18.49540044214611, 57.2966338983721 ], [ 18.495333362772978, 57.296631034989346 ], [ 18.495248998004858, 57.296642885999269 ], [ 18.495089563093824, 57.296638169566172 ], [ 18.49494733614014, 57.296650036793416 ], [ 18.494867490174791, 57.296670113154214 ], [ 18.494621152237599, 57.296778815164899 ], [ 18.494568420038142, 57.296822624770783 ], [ 18.494545887256692, 57.296863471859737 ], [ 18.49454216897853, 57.296933643054921 ], [ 18.494567765714343, 57.297036208732266 ], [ 18.494586574517491, 57.297081274318941 ], [ 18.49460398380916, 57.297126288847771 ], [ 18.494785458219102, 57.297285758249984 ], [ 18.494874342008291, 57.297330204362623 ], [ 18.494956667393108, 57.297391662839452 ], [ 18.494896615580689, 57.297425597552213 ], [ 18.494923020587816, 57.297455006742062 ], [ 18.49494060230943, 57.297475267526764 ], [ 18.494984542073563, 57.297485578898957 ], [ 18.495023352815906, 57.297480471606356 ], [ 18.495137557874102, 57.297450745492519 ], [ 18.495201144806583, 57.297462928853591 ], [ 18.49529612712767, 57.297456043495053 ], [ 18.495440433170408, 57.297406601826168 ], [ 18.495557029291348, 57.297404112487989 ], [ 18.495469655934944, 57.297594039346805 ], [ 18.49545724904862, 57.297660819909005 ], [ 18.495550719031694, 57.297769174346485 ], [ 18.495569145322992, 57.297801825513837 ], [ 18.495633111266628, 57.297833534312758 ], [ 18.495667788703827, 57.297827679272352 ], [ 18.495726270725839, 57.297790620732684 ], [ 18.495742217087191, 57.297729522828419 ], [ 18.495717162427159, 57.297642953545278 ], [ 18.495628902948905, 57.297587424291066 ], [ 18.495603098569376, 57.29755384371078 ], [ 18.495631594364436, 57.297503471732199 ], [ 18.495683213252885, 57.297479964118864 ], [ 18.495812487666178, 57.297437979124958 ], [ 18.495846981577113, 57.297397661503808 ], [ 18.495878758940979, 57.297336166917262 ] ], [ [ 18.495104056268271, 57.296895968413097 ], [ 18.495099072896942, 57.296863805739811 ], [ 18.495120584705145, 57.296842360719168 ], [ 18.495170720467289, 57.296832362051994 ], [ 18.49521985453735, 57.296834787639852 ], [ 18.495307153606277, 57.296947953791516 ], [ 18.495312611156827, 57.296985621070675 ], [ 18.495332096832254, 57.297031486398794 ], [ 18.495344575701044, 57.297062909358289 ], [ 18.495321737690965, 57.297106256223159 ], [ 18.495307608946327, 57.297144398241997 ], [ 18.495309967116519, 57.29718187521005 ], [ 18.495288028822486, 57.29720890699793 ], [ 18.495252453891027, 57.297224092996657 ], [ 18.495216777231185, 57.297218308012269 ], [ 18.495169546118216, 57.297176487127743 ], [ 18.495141781312199, 57.297035901554153 ], [ 18.495138560029197, 57.297002313696623 ], [ 18.495140218539188, 57.296946672488765 ], [ 18.495104056268271, 57.296895968413097 ] ] ] } },
{ "type": "Feature", "properties": { "seadsgm": "SW296297", "lake_id": 447, "lake_area_m2": 5051.9165524169803, "localisedc": "sjö", "origin": "natural", "surfaceare": 5052 }, "geometry": { "type": "Polygon", "coordinates": [ [ [ 18.707022539403091, 57.355230441772683 ], [ 18.707080084606801, 57.355199037388658 ], [ 18.707204095651889, 57.355135609889395 ], [ 18.707379089787509, 57.355118923423753 ], [ 18.70751243332796, 57.355169673779315 ], [ 18.707690841351315, 57.355287612916534 ], [ 18.707811993131845, 57.355408105317714 ], [ 18.707909973114852, 57.355548799264703 ], [ 18.707910225493961, 57.355588225585549 ], [ 18.707913344282282, 57.355665374610901 ], [ 18.707649191658447, 57.355634721294926 ], [ 18.707495591932371, 57.355587623898131 ], [ 18.707446197239292, 57.355565319318771 ], [ 18.70739039859642, 57.355516830256398 ], [ 18.707387580537191, 57.355507742514156 ], [ 18.70735805524129, 57.355466545397753 ], [ 18.707291407601563, 57.355411240172607 ], [ 18.707258237395745, 57.355407075349902 ], [ 18.707109261599197, 57.355430716541377 ], [ 18.706980821513739, 57.355494454512687 ], [ 18.70694090815558, 57.35557299967985 ], [ 18.70696260083459, 57.355636948865261 ], [ 18.707069766529099, 57.355684156150886 ], [ 18.707300641102396, 57.355696787419156 ], [ 18.707365074783795, 57.355704488420166 ], [ 18.707414294000696, 57.355700995603996 ], [ 18.707637326359034, 57.355708435789012 ], [ 18.707848127437902, 57.35571773771801 ], [ 18.707946468759793, 57.355734166770752 ], [ 18.708023800495166, 57.355760926237316 ], [ 18.708087700630127, 57.35578473878531 ], [ 18.708122008881311, 57.355769520613947 ], [ 18.708095521694368, 57.355713615125154 ], [ 18.708045506730031, 57.355650580476059 ], [ 18.708063547946033, 57.355591462928984 ], [ 18.708080521221014, 57.355535364316637 ], [ 18.708015432193573, 57.355433241722054 ], [ 18.707987510660359, 57.355356850572946 ], [ 18.707921579110071, 57.355273408372028 ], [ 18.707864674694115, 57.355197154233366 ], [ 18.707838670878424, 57.355172577318804 ], [ 18.707838180247027, 57.355141248915444 ], [ 18.707901114883082, 57.35510241304533 ], [ 18.70791917163325, 57.355043288472082 ], [ 18.707927101704506, 57.354980000068053 ], [ 18.707888017983521, 57.354902456471365 ], [ 18.707824115865435, 57.3548051542069 ], [ 18.707789068574858, 57.354773380894784 ], [ 18.707730511217349, 57.3547344866275 ], [ 18.707707703200835, 57.354700850926314 ], [ 18.707632409361672, 57.354660220058697 ], [ 18.707548322208673, 57.354628066674742 ], [ 18.707464716505857, 57.35462723312834 ], [ 18.707393093654808, 57.354608883196676 ], [ 18.70734451472401, 57.354566322928825 ], [ 18.707293338340317, 57.354571976300285 ], [ 18.707221734316935, 57.354627115400064 ], [ 18.707203809090885, 57.354694070051046 ], [ 18.707171632012976, 57.354776744330735 ], [ 18.70713173765256, 57.354864881314775 ], [ 18.707078069793017, 57.354926566010846 ], [ 18.707024988548572, 57.354953909667643 ], [ 18.706955055298689, 57.354971696955275 ], [ 18.706799827194608, 57.355026002375027 ], [ 18.706651381582937, 57.355085707147978 ], [ 18.706570392724092, 57.355110168203609 ], [ 18.706565407932523, 57.355148741391339 ], [ 18.706613869950765, 57.355183464750255 ], [ 18.70667088610838, 57.35519405613573 ], [ 18.70675068568238, 57.355238286283601 ], [ 18.706845936415469, 57.355271592699758 ], [ 18.706904723648545, 57.35525265248485 ], [ 18.706974441842341, 57.355219210023989 ], [ 18.707022539403091, 57.355230441772683 ] ] ] } },
{ "type": "Feature", "properties": { "seadsgm": "SW296580", "lake_id": 470, "lake_area_m2": 2450.344377274625, "localisedc": "sjö", "origin": "natural", "surfaceare": 2450 }, "geometry": { "type": "Polygon", "coordinates": [ [ [ 18.720324969767962, 57.4926002550189 ], [ 18.720289270882997, 57.492630548910462 ], [ 18.720264785264739, 57.49267360059855 ], [ 18.7202547006241, 57.492719561311098 ], [ 18.720291561328857, 57.49274798936252 ], [ 18.720345802655029, 57.49276727340407 ], [ 18.720428953390037, 57.492793428077988 ], [ 18.720476081791837, 57.492846620005977 ], [ 18.720521696845161, 57.492905284883982 ], [ 18.720560188900233, 57.49297502322154 ], [ 18.720582551432674, 57.493022319646435 ], [ 18.720581696834596, 57.493081092342692 ], [ 18.720623075007943, 57.493137698255829 ], [ 18.720683259505666, 57.49317858344476 ], [ 18.720766403961228, 57.493204744685919 ], [ 18.720865181817111, 57.493202205302502 ], [ 18.72098807138557, 57.493175120278003 ], [ 18.72112986498605, 57.493156250333811 ], [ 18.721196778439484, 57.493113194408316 ], [ 18.72120465301812, 57.493042266880984 ], [ 18.72114139094052, 57.492943798710812 ], [ 18.72112276612928, 57.492870291021767 ], [ 18.721118540672119, 57.492845377234069 ], [ 18.721108638176037, 57.492802109537763 ], [ 18.721097600214254, 57.492768665157087 ], [ 18.721028475660233, 57.492718210504293 ], [ 18.720974529633093, 57.492679336271316 ], [ 18.720879300050164, 57.492630649003843 ], [ 18.720796629272453, 57.492564219428793 ], [ 18.720734805881595, 57.492527726644703 ], [ 18.720635066579902, 57.492496552529417 ], [ 18.720578619389375, 57.492520849986271 ], [ 18.720524557491931, 57.49254943628894 ], [ 18.720491254304331, 57.492538327312431 ], [ 18.72042175593651, 57.492552076684881 ], [ 18.720362992619226, 57.492573167463313 ], [ 18.720324969767962, 57.4926002550189 ] ], [ [ 18.720609139108142, 57.492706119238143 ], [ 18.720658486986757, 57.492692885774346 ], [ 18.720726456041834, 57.492684611909731 ], [ 18.720775996144216, 57.492696400320511 ], [ 18.72079231653381, 57.49274384879584 ], [ 18.720762172616233, 57.492768563676123 ], [ 18.72071878030258, 57.492780554535216 ], [ 18.720664542842854, 57.492784125065178 ], [ 18.720612592651047, 57.492768046275216 ], [ 18.720595418624026, 57.492733667979728 ], [ 18.720609139108142, 57.492706119238143 ] ], [ [ 18.720707264139612, 57.493015860320078 ], [ 18.720795105471833, 57.493026662584214 ], [ 18.720889960467538, 57.493025316769177 ], [ 18.720948326169925, 57.493022730524963 ], [ 18.720960815495275, 57.493049612851522 ], [ 18.720927108918492, 57.493079854673667 ], [ 18.720888511803469, 57.493100424785489 ], [ 18.720807105579109, 57.493093809419769 ], [ 18.720737414673685, 57.493082543623203 ], [ 18.720680181264765, 57.493052460803121 ], [ 18.720661854490043, 57.493027899749372 ], [ 18.720707264139612, 57.493015860320078 ] ] ] } },
{ "type": "Feature", "properties": { "seadsgm": "SW295633", "lake_id": 484, "lake_area_m2": 1004.3680339362472, "localisedc": "sjö", "origin": "natural", "surfaceare": 1004 }, "geometry": { "type": "Polygon", "coordinates": [ [ [ 19.126794961565952, 57.861253737603896 ], [ 19.126848459527054, 57.861219020524452 ], [ 19.126833608962198, 57.861190728891785 ], [ 19.12674523130525, 57.861209064575078 ], [ 19.126703803758378, 57.861189605470663 ], [ 19.126658639074019, 57.861156013258018 ], [ 19.126656524911695, 57.861120966550352 ], [ 19.126654785779976, 57.861071655043261 ], [ 19.12662461606859, 57.861043034538127 ], [ 19.126618549200376, 57.861009223021853 ], [ 19.126696426878496, 57.860989053670686 ], [ 19.126690111300206, 57.860970609328774 ], [ 19.12665228689761, 57.860968280011505 ], [ 19.126593371278062, 57.860964641816146 ], [ 19.126455824204147, 57.861056677696894 ], [ 19.126364469750282, 57.861160520175055 ], [ 19.126373553570673, 57.861222668386489 ], [ 19.126427272627332, 57.861310843207576 ], [ 19.126364158599635, 57.861351368295267 ], [ 19.126256619751139, 57.861329751979028 ], [ 19.126187985343474, 57.861289263962945 ], [ 19.126164604299682, 57.861248354173831 ], [ 19.126084471637778, 57.861232394332589 ], [ 19.126030244983134, 57.861248252101817 ], [ 19.126218460304994, 57.861408959882773 ], [ 19.126241091559233, 57.861460864526705 ], [ 19.1262807738999, 57.861447701966632 ], [ 19.126351979496256, 57.861423361464269 ], [ 19.126461631602929, 57.861393334384069 ], [ 19.126576833095132, 57.86139274914828 ], [ 19.126627768623315, 57.861413797732951 ], [ 19.126626296343201, 57.861453347643959 ], [ 19.126685513639174, 57.86146672582273 ], [ 19.126699965818336, 57.861463153122571 ], [ 19.126721507937766, 57.861457828140459 ], [ 19.126721427326217, 57.86140516293063 ], [ 19.126757012678588, 57.861315366794017 ], [ 19.126794961565952, 57.861253737603896 ] ], [ [ 19.126579535287007, 57.861226005567282 ], [ 19.126619259343222, 57.861231250029213 ], [ 19.126669293841559, 57.861253711039076 ], [ 19.126694958568937, 57.861279178530282 ], [ 19.126639259514011, 57.861312878288544 ], [ 19.126611961793223, 57.861308309355401 ], [ 19.126557224604404, 57.861298078383442 ], [ 19.126520042326955, 57.8612795764979 ], [ 19.126515744104015, 57.861243514178135 ], [ 19.126579535287007, 57.861226005567282 ] ] ] } },
{ "type": "Feature", "properties": { "seadsgm": "SW293697", "lake_id": 496, "lake_area_m2": 3346.4068190469407, "localisedc": "sjö", "origin": "natural", "surfaceare": 3346 }, "geometry": { "type": "Polygon", "coordinates": [ [ [ 18.644710434607529, 57.494034808202336 ], [ 18.644840487699422, 57.49405633654812 ], [ 18.644900879035088, 57.494019499220322 ], [ 18.644937102533778, 57.493935083262301 ], [ 18.644966191804958, 57.49387566988095 ], [ 18.644969038640333, 57.493774686193603 ], [ 18.644968265824694, 57.493684246337544 ], [ 18.644992633172681, 57.493533221085052 ], [ 18.644997657266423, 57.493430117753448 ], [ 18.644991103754915, 57.493352340897545 ], [ 18.645012473755454, 57.493214258092344 ], [ 18.645051380613843, 57.49310518552744 ], [ 18.645053929191175, 57.493034553291722 ], [ 18.645064932299594, 57.492863497270164 ], [ 18.645095794137678, 57.492828396383651 ], [ 18.645104321960542, 57.492689813648475 ], [ 18.64511306599476, 57.492559036444057 ], [ 18.645078527293602, 57.492499512320776 ], [ 18.645008683829015, 57.492475415135665 ], [ 18.644932932011955, 57.492460084203742 ], [ 18.644827973756929, 57.492458201390008 ], [ 18.644744359929994, 57.492461555002464 ], [ 18.644774969254186, 57.492540945121661 ], [ 18.644782290659414, 57.492688123495498 ], [ 18.644715478351468, 57.493127037627971 ], [ 18.644670762439574, 57.49343416937203 ], [ 18.644606446523426, 57.493469825103297 ], [ 18.644606579454326, 57.49355786463336 ], [ 18.644620818006405, 57.493609139216474 ], [ 18.644598508977825, 57.493775173087812 ], [ 18.644555891023035, 57.493932957522311 ], [ 18.644585233565866, 57.493965480690449 ], [ 18.644573357297492, 57.494021160781223 ], [ 18.644710434607529, 57.494034808202336 ] ], [ [ 18.644965919684243, 57.492777319324432 ], [ 18.64493162361472, 57.492788704429614 ], [ 18.644878992753242, 57.492760873924198 ], [ 18.644888284877897, 57.492712722545079 ], [ 18.644949104029539, 57.492712554597034 ], [ 18.644976682352798, 57.492741783612615 ], [ 18.644965919684243, 57.492777319324432 ] ], [ [ 18.644928762955306, 57.493124645768539 ], [ 18.644908046345126, 57.493163867166793 ], [ 18.644848271699299, 57.493161028531986 ], [ 18.64484295956818, 57.493109091899356 ], [ 18.64490222039915, 57.493092399466633 ], [ 18.644928762955306, 57.493124645768539 ] ], [ [ 18.6448768597811, 57.493559191001125 ], [ 18.644804237099486, 57.493576880094153 ], [ 18.644739155924583, 57.493564170602902 ], [ 18.64475849230416, 57.49347417413783 ], [ 18.644837970644527, 57.493482871864067 ], [ 18.644863164286296, 57.493506416954006 ], [ 18.6448768597811, 57.493559191001125 ] ], [ [ 18.644801210387325, 57.493632591779203 ], [ 18.644823178014384, 57.49364022689231 ], [ 18.644813865879879, 57.493667342542885 ], [ 18.644779586069582, 57.493678735899898 ], [ 18.644741441414812, 57.493671821110915 ], [ 18.644765668039955, 57.49363917522728 ], [ 18.644801210387325, 57.493632591779203 ] ], [ [ 18.644826010497468, 57.493789721256768 ], [ 18.644829030055057, 57.493818841965066 ], [ 18.644823132338857, 57.493848637644952 ], [ 18.644761692244085, 57.493867443124529 ], [ 18.64471444578361, 57.493853390257016 ], [ 18.644713387047673, 57.493814339998579 ], [ 18.644722181149536, 57.493788731899741 ], [ 18.644794698832879, 57.493767125738927 ], [ 18.644826010497468, 57.493789721256768 ] ] ] } },
{ "type": "Feature", "properties": { "seadsgm": "SW295589", "lake_id": 511, "lake_area_m2": 10202.015678524971, "localisedc": "sjö", "origin": "natural", "surfaceare": 10202 }, "geometry": { "type": "Polygon", "coordinates": [ [ [ 18.849730411079626, 57.40211444306312 ], [ 18.849674971216967, 57.402120690203979 ], [ 18.849573031667603, 57.402166734080105 ], [ 18.849423759496219, 57.402212042022768 ], [ 18.849305388164826, 57.402216787970971 ], [ 18.849202122202076, 57.402223795832199 ], [ 18.849070130515923, 57.402204637977938 ], [ 18.84893144920601, 57.402201165021722 ], [ 18.848803952873585, 57.402215909906275 ], [ 18.848666965414992, 57.402246076352093 ], [ 18.848568169131635, 57.402269860754465 ], [ 18.848441782809612, 57.402268377516656 ], [ 18.848362878863984, 57.402271537632913 ], [ 18.848280046835015, 57.402290660420988 ], [ 18.848235973823471, 57.402336155727312 ], [ 18.848199732455761, 57.402366846481002 ], [ 18.848166410818067, 57.402401719716721 ], [ 18.848139210941266, 57.402452759719431 ], [ 18.848122653901981, 57.402489275788746 ], [ 18.848091266670043, 57.402548465024118 ], [ 18.848030586827395, 57.40261335109588 ], [ 18.848021159844343, 57.402663011067922 ], [ 18.848047273773588, 57.402727057686505 ], [ 18.848078034535547, 57.402764321551103 ], [ 18.848102064338548, 57.40280014711476 ], [ 18.8480878168657, 57.402855565403357 ], [ 18.848042100355919, 57.402918806178228 ], [ 18.848022623437579, 57.402951141930146 ], [ 18.84806591219483, 57.402963943751885 ], [ 18.848132054739352, 57.402994549604188 ], [ 18.848208106848158, 57.403021462952459 ], [ 18.848277635902026, 57.403020486367772 ], [ 18.848364047911652, 57.403025065136582 ], [ 18.848415844999074, 57.403042596195341 ], [ 18.848447957940095, 57.403054308513951 ], [ 18.848502740781758, 57.403110269092124 ], [ 18.848543919260791, 57.403159441274447 ], [ 18.848585732277687, 57.403193895156107 ], [ 18.848630289771425, 57.403211493944397 ], [ 18.848718911825667, 57.403248192688267 ], [ 18.848784296646077, 57.403272501493724 ], [ 18.848876589450501, 57.403302559385267 ], [ 18.849019695742317, 57.403370283719276 ], [ 18.849062369384033, 57.403397822669199 ], [ 18.849130306885087, 57.403431718550223 ], [ 18.849209921864659, 57.40346520222289 ], [ 18.849371336905904, 57.403482570667876 ], [ 18.849437189003716, 57.403471125228045 ], [ 18.849461885734225, 57.40344474307885 ], [ 18.849562569827523, 57.403411028559965 ], [ 18.849608952225093, 57.403367312650282 ], [ 18.849706081838523, 57.403327018082372 ], [ 18.849693335828256, 57.40329619055256 ], [ 18.849627425084666, 57.403256270858748 ], [ 18.849614386585255, 57.403200508511404 ], [ 18.849625760511607, 57.403093433303383 ], [ 18.849669557169058, 57.403023010972937 ], [ 18.849703745125261, 57.402981215772826 ], [ 18.849704169295372, 57.402928334220505 ], [ 18.849653322011136, 57.40287354007787 ], [ 18.849661986755667, 57.402817572388422 ], [ 18.849623384305666, 57.402795107236166 ], [ 18.849560660184853, 57.402767165662631 ], [ 18.849536246191754, 57.40273675662678 ], [ 18.849532765454082, 57.402618113007719 ], [ 18.849579446960824, 57.402534736507448 ], [ 18.849592664538449, 57.402465197233312 ], [ 18.849626801724916, 57.40238915668683 ], [ 18.849646742974265, 57.402321064619571 ], [ 18.849702625032052, 57.402279064333982 ], [ 18.849788449176707, 57.402233763772962 ], [ 18.849841312205701, 57.402200812120263 ], [ 18.849886942371892, 57.402167917152759 ], [ 18.849909845735997, 57.402138255303107 ], [ 18.849886349269358, 57.402118052159871 ], [ 18.849812892186844, 57.402117854720856 ], [ 18.849730411079626, 57.40211444306312 ] ], [ [ 18.848512324032537, 57.402677946165021 ], [ 18.848431268209534, 57.402700360142866 ], [ 18.848354774347062, 57.402709208838154 ], [ 18.848310458752202, 57.402682286252563 ], [ 18.848305055374698, 57.402638179301434 ], [ 18.848347294112259, 57.402555145561337 ], [ 18.848386754681808, 57.402471836781196 ], [ 18.848414629844871, 57.402440324074782 ], [ 18.848476284931216, 57.402437026466473 ], [ 18.848521583243436, 57.402443795777955 ], [ 18.848579476551901, 57.40246036756038 ], [ 18.848653876461707, 57.402487897525361 ], [ 18.848675753616874, 57.40252583693939 ], [ 18.848654768912017, 57.402579826020087 ], [ 18.848610178428899, 57.402626821226491 ], [ 18.848512324032537, 57.402677946165021 ] ], [ [ 18.849053379062926, 57.402943444412657 ], [ 18.848967993800631, 57.402952980402723 ], [ 18.848923962376116, 57.402951001860352 ], [ 18.848866084349485, 57.402934429752953 ], [ 18.84884065365468, 57.402907037131726 ], [ 18.848871181079076, 57.402871891389921 ], [ 18.848949551107101, 57.402835982156333 ], [ 18.849006769274705, 57.402833026393566 ], [ 18.849028889129031, 57.40286165298992 ], [ 18.849066382073701, 57.402900354840639 ], [ 18.849053379062926, 57.402943444412657 ] ] ] } },
{ "type": "Feature", "properties": { "seadsgm": "SW294908", "lake_id": 535, "lake_area_m2": 7294.9813499748707, "localisedc": "sjö", "origin": "natural", "surfaceare": 7295 }, "geometry": { "type": "Polygon", "coordinates": [ [ [ 18.232448415387218, 57.581396589923663 ], [ 18.232575105095254, 57.581492105365648 ], [ 18.233177449082916, 57.581631635390622 ], [ 18.233397257177259, 57.581520036229556 ], [ 18.233534780050274, 57.581491533223733 ], [ 18.234161260055636, 57.581648022791356 ], [ 18.234237156393647, 57.581616766003982 ], [ 18.234386505474191, 57.581498036494196 ], [ 18.234545093176532, 57.581316723800882 ], [ 18.234561327258113, 57.581275669721087 ], [ 18.232899034543728, 57.580803406158829 ], [ 18.232725253284105, 57.580778544778909 ], [ 18.232448415387218, 57.581396589923663 ] ] ] } },
{ "type": "Feature", "properties": { "seadsgm": "SW293643", "lake_id": 550, "lake_area_m2": 149973.11937980726, "localisedc": "sjö", "origin": "natural", "surfaceare": 149973 }, "geometry": { "type": "Polygon", "coordinates": [ [ [ 18.144539020251891, 57.454956049269306 ], [ 18.144499222100222, 57.45483268665113 ], [ 18.144467736340655, 57.454642492512285 ], [ 18.144392580819655, 57.454288215274431 ], [ 18.144239732194674, 57.453942745935606 ], [ 18.144167995755044, 57.4536556173299 ], [ 18.144139957212264, 57.453541820842801 ], [ 18.144194438928992, 57.453425165887218 ], [ 18.144328703885972, 57.452850421361177 ], [ 18.14433170470236, 57.45275626305645 ], [ 18.144306928585106, 57.452662716903532 ], [ 18.144303494933595, 57.452583696450283 ], [ 18.144329473822264, 57.452525853578337 ], [ 18.144358700922091, 57.452477484330117 ], [ 18.144435684587449, 57.452391249026377 ], [ 18.14450455763448, 57.452298369395123 ], [ 18.144540451851825, 57.452170760410937 ], [ 18.144563189564355, 57.45203662432651 ], [ 18.144576873103428, 57.451916322154005 ], [ 18.144548282790289, 57.451839222234995 ], [ 18.144490295178585, 57.451775044233358 ], [ 18.144483659346378, 57.451720640053104 ], [ 18.144448820344696, 57.451661403261411 ], [ 18.144362855385783, 57.4515951102874 ], [ 18.144272766430653, 57.451541180690263 ], [ 18.144106998838858, 57.451490272344998 ], [ 18.143971068873746, 57.451469100225864 ], [ 18.14390287153946, 57.451470596065043 ], [ 18.143821852962084, 57.451469651218233 ], [ 18.143716445244959, 57.451447418607479 ], [ 18.14363093864317, 57.451420664600668 ], [ 18.14354367945835, 57.451370752174348 ], [ 18.143477344529707, 57.45132993806812 ], [ 18.14337648093035, 57.451300788934773 ], [ 18.143251949972502, 57.451259888623994 ], [ 18.143048791797181, 57.451225497041676 ], [ 18.142974956082064, 57.451202568212842 ], [ 18.142938335903199, 57.451169963642428 ], [ 18.142908339167438, 57.451090848863991 ], [ 18.142896023240304, 57.45102838782784 ], [ 18.142893825258145, 57.45096571164779 ], [ 18.142888365292482, 57.450926964124221 ], [ 18.142853155961312, 57.450896373963445 ], [ 18.142792440923088, 57.450896341711065 ], [ 18.142732086234354, 57.450901075597884 ], [ 18.142667835877855, 57.450904530717651 ], [ 18.14263638002959, 57.450923632712168 ], [ 18.142646742740126, 57.450960219266584 ], [ 18.142662404054061, 57.451000105772081 ], [ 18.14265170014836, 57.451042618492544 ], [ 18.142624909922855, 57.45107320183525 ], [ 18.142611563805449, 57.451097362314528 ], [ 18.142607022872223, 57.451137691392162 ], [ 18.142556165231529, 57.451184486589192 ], [ 18.142503104414001, 57.451252469436156 ], [ 18.142448641045046, 57.451318437615392 ], [ 18.142412729900478, 57.451362182628067 ], [ 18.142390396426485, 57.451401533541755 ], [ 18.142381110711032, 57.451446060483342 ], [ 18.142341707745192, 57.451476921091981 ], [ 18.142313197444341, 57.451501415929556 ], [ 18.142303132167299, 57.451535725126448 ], [ 18.142299280921183, 57.451568538490505 ], [ 18.142273975976114, 57.45160182558319 ], [ 18.142230057687829, 57.451623244084999 ], [ 18.142177635278316, 57.45163257033385 ], [ 18.142116126196726, 57.451655739880117 ], [ 18.142042465674223, 57.451685315305049 ], [ 18.141998848770612, 57.451710816688731 ], [ 18.141940321436955, 57.451723007471628 ], [ 18.141894811550767, 57.451723326263838 ], [ 18.141823676345773, 57.451719436610126 ], [ 18.141772513729531, 57.451728740042931 ], [ 18.141730683338, 57.451761019364625 ], [ 18.141727119686237, 57.451780873795116 ], [ 18.141648551122373, 57.45186871813786 ], [ 18.141557325273592, 57.451905284023418 ], [ 18.141447185636654, 57.451940236785653 ], [ 18.141310311441181, 57.452018398044451 ], [ 18.141182686692982, 57.452118674730684 ], [ 18.141125966611725, 57.452211234018627 ], [ 18.141014891323302, 57.45228273877057 ], [ 18.140953728680682, 57.452318600642201 ], [ 18.140820267704026, 57.452343958603066 ], [ 18.140746458395181, 57.452410542192808 ], [ 18.140690310383771, 57.452462531101418 ], [ 18.140658908058445, 57.452542349858966 ], [ 18.140536757142367, 57.452616125064999 ], [ 18.140475113857292, 57.452645922199721 ], [ 18.140366505619802, 57.452652450395696 ], [ 18.140228233907212, 57.452761071478072 ], [ 18.140170038120154, 57.452786738117304 ], [ 18.139874066361909, 57.452947620732331 ], [ 18.13979285519526, 57.452967720754891 ], [ 18.139443995504383, 57.453174433021573 ], [ 18.139406947162708, 57.453230042362122 ], [ 18.139311229420613, 57.453305244467039 ], [ 18.139259006165563, 57.453359173527872 ], [ 18.139289600075379, 57.45346193268761 ], [ 18.139284822791005, 57.453545213102124 ], [ 18.139218509261852, 57.453611628658543 ], [ 18.139107134339348, 57.453679066142413 ], [ 18.138956333285194, 57.453771747931313 ], [ 18.138784704450597, 57.453838520581677 ], [ 18.138690039005592, 57.45387921655805 ], [ 18.138692289196161, 57.453956254140856 ], [ 18.138598417009096, 57.4540070599136 ], [ 18.138439908707227, 57.454049201499593 ], [ 18.138245523528202, 57.454065782428884 ], [ 18.138150354761724, 57.454051714563825 ], [ 18.137935293892486, 57.454237129653045 ], [ 18.137873645761708, 57.454266925557441 ], [ 18.137788564462074, 57.454333770483544 ], [ 18.137743238005704, 57.454428109234541 ], [ 18.137869726575655, 57.454457695533385 ], [ 18.137925335870573, 57.45449497893744 ], [ 18.137956841584881, 57.454561204206819 ], [ 18.137978185668874, 57.45464186540007 ], [ 18.137913419744557, 57.454679845317152 ], [ 18.137899523703592, 57.454743038634859 ], [ 18.137859040245726, 57.454802788382629 ], [ 18.137794919605053, 57.454848869470219 ], [ 18.137707748638263, 57.454890786816023 ], [ 18.137702946105151, 57.454996800151399 ], [ 18.137727409027715, 57.454996451974452 ], [ 18.137762334304146, 57.455009865800925 ], [ 18.137749397828024, 57.455085205673718 ], [ 18.137820804561454, 57.455132271365407 ], [ 18.137937882499518, 57.455137731322274 ], [ 18.137979551293476, 57.455189527212951 ], [ 18.137898987958856, 57.455217727093952 ], [ 18.137792250846836, 57.455248547300528 ], [ 18.137739978534835, 57.45526093133283 ], [ 18.137728621986138, 57.455354606067928 ], [ 18.137764168811973, 57.455370896716531 ], [ 18.137727265263123, 57.455428533942744 ], [ 18.137758323258272, 57.455488676395177 ], [ 18.13783974468987, 57.455519293129107 ], [ 18.137966858504292, 57.455556981121156 ], [ 18.138085797995981, 57.455619272829068 ], [ 18.138086457386954, 57.455661530502994 ], [ 18.138067840356438, 57.455716482730793 ], [ 18.138100756603976, 57.455783947819533 ], [ 18.138133053681294, 57.455843240790429 ], [ 18.138189590242494, 57.455888365957001 ], [ 18.138271588151053, 57.455935661334706 ], [ 18.138366063947881, 57.456014041964089 ], [ 18.138476912592726, 57.456108437974294 ], [ 18.138549543888519, 57.456165475137738 ], [ 18.138647252758055, 57.456253340680703 ], [ 18.138695495969987, 57.456289100021472 ], [ 18.139043265794552, 57.456463277385893 ], [ 18.139522865677332, 57.456750042684675 ], [ 18.139824104866413, 57.456919356001364 ], [ 18.139882654094475, 57.456957618682814 ], [ 18.139913740641671, 57.457000572923221 ], [ 18.139960890261818, 57.457055448695122 ], [ 18.14005543085117, 57.457101100508225 ], [ 18.140147017933497, 57.457141368245033 ], [ 18.14023532326021, 57.4572048824703 ], [ 18.14030712349404, 57.457251037310321 ], [ 18.140423972234903, 57.457290749753994 ], [ 18.140545749128631, 57.457294894271939 ], [ 18.140681545979017, 57.457283733883564 ], [ 18.140780212980196, 57.457250211404009 ], [ 18.140883439604803, 57.457209759160548 ], [ 18.140963398484118, 57.457163011706548 ], [ 18.141032081694135, 57.457134226130613 ], [ 18.141134205314582, 57.457112901783894 ], [ 18.14126969080705, 57.457097649253569 ], [ 18.1417167694147, 57.457053756853625 ], [ 18.142000314705761, 57.457055717669029 ], [ 18.142143777503929, 57.457045749193227 ], [ 18.142243178928744, 57.45702175094479 ], [ 18.142293282196253, 57.457015199382617 ], [ 18.142342407066671, 57.457029118031777 ], [ 18.142389121485984, 57.457044457357036 ], [ 18.142497255924432, 57.457028564672221 ], [ 18.142572479960737, 57.457054345024424 ], [ 18.142586991556144, 57.457098638187126 ], [ 18.142572867306487, 57.457114235472453 ], [ 18.142518112744188, 57.457128355574064 ], [ 18.142511315410172, 57.457143552828697 ], [ 18.142524254805139, 57.45715616642326 ], [ 18.142566197846364, 57.457183171982408 ], [ 18.14256451129237, 57.457264903004152 ], [ 18.14258729985896, 57.457303073416973 ], [ 18.142609366099659, 57.457353219483593 ], [ 18.142589059019027, 57.457411558981107 ], [ 18.142610504854627, 57.457427453957614 ], [ 18.14266004931789, 57.457446819658955 ], [ 18.142736235185321, 57.457450600561728 ], [ 18.142815794543367, 57.457465216916312 ], [ 18.142842642401753, 57.457519169556136 ], [ 18.142871226804957, 57.457596280945772 ], [ 18.142926274363493, 57.457655066682698 ], [ 18.142974322705843, 57.457688105997804 ], [ 18.143037275058148, 57.457684000805322 ], [ 18.14309773785229, 57.457647211886247 ], [ 18.143139106428215, 57.457591763600064 ], [ 18.14315498717173, 57.45753413791882 ], [ 18.143144793566577, 57.457466177299061 ], [ 18.143105632856592, 57.457416585097079 ], [ 18.143109813472357, 57.45737149206127 ], [ 18.143107597360231, 57.457308807592938 ], [ 18.143131690295181, 57.457259193096874 ], [ 18.143191029126246, 57.457207430797567 ], [ 18.143254200064288, 57.457139230669078 ], [ 18.14329807866855, 57.457083719687702 ], [ 18.143438930817759, 57.457005628437713 ], [ 18.143602469014123, 57.456892939143728 ], [ 18.143788298419622, 57.456826944577486 ], [ 18.143823202172118, 57.456804798189175 ], [ 18.14388384516479, 57.456776104132786 ], [ 18.143901285220174, 57.456743471689222 ], [ 18.143919044824514, 57.456715128032428 ], [ 18.143881256989484, 57.45663858009236 ], [ 18.143796689715117, 57.456543848756546 ], [ 18.143772808138184, 57.456422722092604 ], [ 18.143667636892388, 57.456218178083397 ], [ 18.14372689424339, 57.456050698939201 ], [ 18.143760580087559, 57.455893899786126 ], [ 18.143828929931988, 57.455799196972471 ], [ 18.143891340621227, 57.45572692714213 ], [ 18.143901024399991, 57.455670930661981 ], [ 18.143930066435292, 57.45563373822263 ], [ 18.144004385158109, 57.45561487850933 ], [ 18.144149878176854, 57.455536389628172 ], [ 18.144115314472995, 57.455497172554246 ], [ 18.144165078700205, 57.455457604144378 ], [ 18.144169781834631, 57.455418989231539 ], [ 18.144127655035199, 57.455357039725421 ], [ 18.144100398651801, 57.455292741850435 ], [ 18.144121377125149, 57.455219320271894 ], [ 18.144166655215205, 57.455169714414176 ], [ 18.144216217920484, 57.455178797943084 ], [ 18.144341122298126, 57.455139807387972 ], [ 18.144457820633935, 57.455043691090367 ], [ 18.144539020251891, 57.454956049269306 ] ], [ [ 18.143169682659632, 57.453258842313382 ], [ 18.143140236276501, 57.453304493387691 ], [ 18.143090082772009, 57.453343774888893 ], [ 18.143057743105302, 57.453418124942374 ], [ 18.143045715336914, 57.453493390202084 ], [ 18.143011229721363, 57.453539149417004 ], [ 18.142889316554545, 57.453566369781193 ], [ 18.142720802097525, 57.453579615226367 ], [ 18.142565592297515, 57.453568018547408 ], [ 18.142424408345043, 57.453541114315605 ], [ 18.142335548968628, 57.453503521160002 ], [ 18.142286593105659, 57.453458226279352 ], [ 18.142234483026996, 57.453404831288793 ], [ 18.142188046862586, 57.453359482298509 ], [ 18.142140886767528, 57.453371426894833 ], [ 18.142116996588005, 57.453423770487134 ], [ 18.142095138844521, 57.453469249563447 ], [ 18.142053134584952, 57.453482450228258 ], [ 18.141968745925031, 57.453470657552629 ], [ 18.141916378257385, 57.453447265005273 ], [ 18.141860661873533, 57.453413031911836 ], [ 18.141754171247808, 57.453409916451982 ], [ 18.141629512205142, 57.453434463186042 ], [ 18.141510854275861, 57.453471157915061 ], [ 18.141424249439126, 57.45346351940568 ], [ 18.141357812123932, 57.453421339572763 ], [ 18.141337966969939, 57.453393133055883 ], [ 18.14134360673674, 57.453367106510903 ], [ 18.141325770077906, 57.453332038287854 ], [ 18.141323098820322, 57.453296644548118 ], [ 18.141313573042172, 57.453270941327986 ], [ 18.141284346670588, 57.453252488331628 ], [ 18.141258735424632, 57.453214870893632 ], [ 18.141285181020525, 57.453196559151273 ], [ 18.141350435705899, 57.453189673945033 ], [ 18.141433692936829, 57.453186491683439 ], [ 18.141531888092988, 57.453180239834708 ], [ 18.141618650651093, 57.453156522007241 ], [ 18.141674797719364, 57.453129378440586 ], [ 18.14173830145851, 57.453099345592804 ], [ 18.141828311385101, 57.453085101325499 ], [ 18.141905482559302, 57.453068407801581 ], [ 18.141971614400973, 57.453039685211237 ], [ 18.142067756652082, 57.453006204743133 ], [ 18.142175542845326, 57.452992936642225 ], [ 18.14228545339207, 57.452974160014563 ], [ 18.142411389280987, 57.452933212228409 ], [ 18.142521194600068, 57.452846260352935 ], [ 18.14251573697506, 57.452840921311626 ], [ 18.142548577258896, 57.452840200795983 ], [ 18.142619287936832, 57.452838645221739 ], [ 18.142662632600715, 57.452843153169468 ], [ 18.142781650435918, 57.452844634228683 ], [ 18.142885829790192, 57.452850529794709 ], [ 18.143026452312853, 57.452903350964 ], [ 18.14312566736016, 57.452977539099138 ], [ 18.143203786280644, 57.453074005109379 ], [ 18.143214534622885, 57.453182858945837 ], [ 18.143169682659632, 57.453258842313382 ] ], [ [ 18.142328973245114, 57.454326001828392 ], [ 18.142354159582588, 57.454257266134071 ], [ 18.142435316764015, 57.454125941547339 ], [ 18.142464902113375, 57.454115747564913 ], [ 18.142474448524027, 57.454074630918356 ], [ 18.142498019875276, 57.454018195952827 ], [ 18.14253581878058, 57.453949182880592 ], [ 18.142577067096553, 57.453892370554918 ], [ 18.142632038776309, 57.453816161307046 ], [ 18.142697970528623, 57.453784720008819 ], [ 18.142759208993066, 57.453791550940672 ], [ 18.142839775160351, 57.453819787238672 ], [ 18.142904601233091, 57.453874275781914 ], [ 18.142905056354532, 57.453913806507124 ], [ 18.142856025430554, 57.453968070034506 ], [ 18.142782757451737, 57.454036495630319 ], [ 18.14272403441948, 57.454096421233629 ], [ 18.142697577303743, 57.454181546264827 ], [ 18.142694416374653, 57.454307078331446 ], [ 18.142666517486141, 57.454373138691757 ], [ 18.142554337964242, 57.454428788739385 ], [ 18.142471900028173, 57.454442873117365 ], [ 18.142407210027233, 57.454423830347316 ], [ 18.142347330887119, 57.45436787952336 ], [ 18.142328973245114, 57.454326001828392 ] ], [ [ 18.140551904559118, 57.456443537135947 ], [ 18.140488234112585, 57.456438113100688 ], [ 18.140470599580663, 57.456472593226749 ], [ 18.140466969587582, 57.456558585975351 ], [ 18.140464418888619, 57.456625462183233 ], [ 18.140492083365579, 57.456690307976245 ], [ 18.140466196288369, 57.456749512563007 ], [ 18.140389627668977, 57.4567743688158 ], [ 18.140260336227289, 57.456804478330831 ], [ 18.140064954430176, 57.456763767339659 ], [ 18.139870258560109, 57.456698491698042 ], [ 18.139805733050256, 57.456648082394572 ], [ 18.139754140173174, 57.456601487297803 ], [ 18.139723387908074, 57.456562612975894 ], [ 18.139668028726899, 57.456499734442417 ], [ 18.13960653461416, 57.456456083049837 ], [ 18.139557009147129, 57.456436713520425 ], [ 18.139487781449436, 57.456424598312104 ], [ 18.139380805803061, 57.456381944210001 ], [ 18.139265768540437, 57.456332639802518 ], [ 18.13914617968512, 57.456290264712678 ], [ 18.139086912963997, 57.456242475876834 ], [ 18.139048051357587, 57.456196954557988 ], [ 18.139023528405247, 57.456140219939378 ], [ 18.139036736455417, 57.456114022507172 ], [ 18.138982458322655, 57.456098852887507 ], [ 18.138888991288059, 57.456100894337489 ], [ 18.138862810465639, 57.456089196243717 ], [ 18.138798548146294, 57.456008785996744 ], [ 18.138724217151463, 57.455962693409028 ], [ 18.138685774602795, 57.455922619172988 ], [ 18.138665947259557, 57.455894422781697 ], [ 18.138607384772371, 57.455856159904052 ], [ 18.13855017686209, 57.455835590112919 ], [ 18.138502053751445, 57.45573437572488 ], [ 18.138449133070786, 57.455670077575093 ], [ 18.13831867090569, 57.455483390544266 ], [ 18.138267442550642, 57.455408148082327 ], [ 18.138215301991373, 57.455320650315315 ], [ 18.138207654131627, 57.455252634782688 ], [ 18.138244876493228, 57.455209551904353 ], [ 18.138308704158767, 57.455183603295232 ], [ 18.13834959951074, 57.455155438996201 ], [ 18.138375907043098, 57.455101679824651 ], [ 18.138399987885592, 57.455052055624293 ], [ 18.138405103044832, 57.455019219739064 ], [ 18.138426832676267, 57.454938284279187 ], [ 18.138457717501371, 57.454911699179533 ], [ 18.138516907969258, 57.454891312638019 ], [ 18.138595984679419, 57.454866394990944 ], [ 18.138623839258987, 57.454833056180554 ], [ 18.138634101211384, 57.45480146578187 ], [ 18.138711328892974, 57.454752046875839 ], [ 18.138815069774473, 57.454718406016106 ], [ 18.138895753570715, 57.454681187668655 ], [ 18.138981961059052, 57.454616569823621 ], [ 18.139055739243073, 57.454554947658536 ], [ 18.139165815836421, 57.454504808651471 ], [ 18.139271038175281, 57.454457505063601 ], [ 18.139360291074926, 57.454399642409314 ], [ 18.139414575343508, 57.454347988099158 ], [ 18.139453208876976, 57.454289868308884 ], [ 18.139523437215335, 57.454214691339892 ], [ 18.139579956293236, 57.454158910524185 ], [ 18.13965744859313, 57.454079479508536 ], [ 18.139728396503909, 57.454013839168823 ], [ 18.139805110156448, 57.453957609767009 ], [ 18.139870875549924, 57.453856620626119 ], [ 18.139941771251795, 57.453756877300279 ], [ 18.139991174777752, 57.453673976710299 ], [ 18.140010725311399, 57.453631278880842 ], [ 18.140047549296071, 57.453582741122212 ], [ 18.140162802925058, 57.453567939045939 ], [ 18.140169858646431, 57.453560969102689 ], [ 18.140234142988515, 57.453574556688288 ], [ 18.140262699348131, 57.453617565118094 ], [ 18.140291073406811, 57.453691947943831 ], [ 18.140325640128591, 57.453781186518057 ], [ 18.140337476354755, 57.453870930292815 ], [ 18.140312411443794, 57.45394102746382 ], [ 18.140314505315455, 57.454002347827739 ], [ 18.140387630096086, 57.454066196404391 ], [ 18.140457775023631, 57.454090568411488 ], [ 18.14052799401783, 57.454082210302701 ], [ 18.140572276900887, 57.454098967038476 ], [ 18.140606392258789, 57.454148676952379 ], [ 18.140643370968206, 57.454236499140343 ], [ 18.140667787041679, 57.454291879959811 ], [ 18.14068468677435, 57.454381504053885 ], [ 18.140678212107254, 57.454463470697796 ], [ 18.140626892625793, 57.454554591507048 ], [ 18.140556574012212, 57.454628412990353 ], [ 18.140462995139323, 57.454695912717241 ], [ 18.1403645710819, 57.454766258678077 ], [ 18.140258061322616, 57.45482996378076 ], [ 18.140175338205609, 57.454940866869279 ], [ 18.140121799295351, 57.455036131048573 ], [ 18.140112962391505, 57.45515359709897 ], [ 18.140100785530514, 57.455193414130548 ], [ 18.140087152810569, 57.455280988242869 ], [ 18.140099290332383, 57.455374812797785 ], [ 18.140129121355283, 57.455468251171631 ], [ 18.14021297870487, 57.455540046224044 ], [ 18.14036014502663, 57.455579092881926 ], [ 18.140545394939323, 57.455620036170473 ], [ 18.140638074238407, 57.455641186643589 ], [ 18.140768341548764, 57.455657416966687 ], [ 18.1408319530765, 57.455695568345618 ], [ 18.140861223727708, 57.455748104771942 ], [ 18.140815074263212, 57.45577366879315 ], [ 18.140792895805365, 57.455815065102804 ], [ 18.140837633729731, 57.45587135027381 ], [ 18.140939639365069, 57.455915485434126 ], [ 18.141054173507229, 57.455957967313033 ], [ 18.141161242512197, 57.456001984828681 ], [ 18.141196994045824, 57.456073477754842 ], [ 18.14114924540349, 57.456111340045155 ], [ 18.141106242854327, 57.456145015439517 ], [ 18.141089581253407, 57.456225831644467 ], [ 18.141085961032811, 57.456311826385949 ], [ 18.141021254605224, 57.456359604695294 ], [ 18.140926893427398, 57.456383493883784 ], [ 18.140816268232037, 57.456392741058117 ], [ 18.140755586666884, 57.456426793452891 ], [ 18.140740564561053, 57.456462582223189 ], [ 18.140688554034785, 57.456477361683469 ], [ 18.140624581985374, 57.456467854755815 ], [ 18.140551904559118, 57.456443537135947 ] ], [ [ 18.14189524184328, 57.455167693046491 ], [ 18.141992923502894, 57.455154639911051 ], [ 18.142068235201261, 57.455180258125395 ], [ 18.142093538919315, 57.455213792611175 ], [ 18.142068951471021, 57.455256605440155 ], [ 18.142100316351296, 57.455303642705474 ], [ 18.142133521218689, 57.45534109692538 ], [ 18.142155476983852, 57.455363801834338 ], [ 18.142130571018331, 57.45540252555319 ], [ 18.142071072193922, 57.455418833213564 ], [ 18.141962667396601, 57.455423935579859 ], [ 18.141899928638765, 57.455430769267345 ], [ 18.141837801655132, 57.455445773017992 ], [ 18.141824386182112, 57.455469243844156 ], [ 18.141790315821201, 57.455520447746423 ], [ 18.141722364527112, 57.455558761461475 ], [ 18.141639464551748, 57.45560012738121 ], [ 18.141565370101517, 57.455657659714475 ], [ 18.14149761908071, 57.455698691635931 ], [ 18.141406271362115, 57.455695244239564 ], [ 18.141338750339258, 57.455672172236604 ], [ 18.141271798564691, 57.455623191328961 ], [ 18.141234433077184, 57.45556400791768 ], [ 18.141247286019542, 57.455499635406802 ], [ 18.141317447769019, 57.455457187324505 ], [ 18.141396439876296, 57.455430911646033 ], [ 18.14144799444659, 57.455376594601923 ], [ 18.141463793174506, 57.455317612816813 ], [ 18.141481945615212, 57.455289942199016 ], [ 18.141523952138812, 57.455276741704765 ], [ 18.14159344504321, 57.455258857414506 ], [ 18.141616434975255, 57.455228351582676 ], [ 18.141626501792338, 57.455194042440993 ], [ 18.141655987559389, 57.455182486192626 ], [ 18.141746923582641, 57.455180488218197 ], [ 18.141825532230378, 57.455182859582521 ], [ 18.14189524184328, 57.455167693046491 ] ] ] } },
{ "type": "Feature", "properties": { "seadsgm": "SW294804", "lake_id": 567, "lake_area_m2": 26296.6270570755, "localisedc": "sjö", "origin": "natural", "surfaceare": 26297 }, "geometry": { "type": "Polygon", "coordinates": [ [ [ 18.507656696360627, 57.70708347894098 ], [ 18.507551115804688, 57.707211911997277 ], [ 18.507606170458814, 57.707321751191103 ], [ 18.507896910367897, 57.707524359238526 ], [ 18.508323545980272, 57.707794047911015 ], [ 18.50838288049167, 57.707887836372734 ], [ 18.50845167377058, 57.708034420572503 ], [ 18.508704540436618, 57.708196752563765 ], [ 18.508920493451562, 57.708291293956819 ], [ 18.50905475691782, 57.708265138322915 ], [ 18.509450179245405, 57.708054136260422 ], [ 18.509898276595528, 57.70777471559984 ], [ 18.510354480580727, 57.70749718834508 ], [ 18.510506465873608, 57.70740683202267 ], [ 18.510791285146784, 57.707285779362088 ], [ 18.510814299595722, 57.707202281843905 ], [ 18.510688973486534, 57.70712214951466 ], [ 18.510249038550604, 57.706858168853337 ], [ 18.510048674805144, 57.706685779325454 ], [ 18.509640176536049, 57.706456964238882 ], [ 18.509461014721886, 57.706278636844281 ], [ 18.50930237857251, 57.706145342263085 ], [ 18.50900136432012, 57.706053469183722 ], [ 18.508869364818004, 57.706042540972263 ], [ 18.508725091965069, 57.706085074974645 ], [ 18.508491960291249, 57.706359579445845 ], [ 18.508199191508766, 57.706613579556439 ], [ 18.507838031364123, 57.706934372580072 ], [ 18.507656696360627, 57.70708347894098 ] ] ] } },
{ "type": "Feature", "properties": { "seadsgm": "SW293833", "lake_id": 571, "lake_area_m2": 9551.4321364760399, "localisedc": "sjö", "origin": "natural", "surfaceare": 9551 }, "geometry": { "type": "Polygon", "coordinates": [ [ [ 18.148474055354352, 57.238839467253094 ], [ 18.148419804943639, 57.238865950793098 ], [ 18.1483640324067, 57.238871556479161 ], [ 18.148197885929306, 57.238873351032659 ], [ 18.147932127810147, 57.238869865925658 ], [ 18.147782937810799, 57.23887372330838 ], [ 18.147681002842379, 57.238898527390631 ], [ 18.14754337556197, 57.238905177861291 ], [ 18.147416520484427, 57.23891038183195 ], [ 18.147245777076989, 57.238917124910138 ], [ 18.147126498742811, 57.238916349479283 ], [ 18.146982201864574, 57.238908388625205 ], [ 18.14698507983487, 57.23897232630533 ], [ 18.147126751398169, 57.238979209630251 ], [ 18.147306264418031, 57.238994233774086 ], [ 18.147377899088013, 57.238993326550414 ], [ 18.147562948337253, 57.238982809923044 ], [ 18.147831730060613, 57.238972859748358 ], [ 18.147893373876041, 57.23897762542294 ], [ 18.147958756950164, 57.23898561102942 ], [ 18.148010896652064, 57.23900716387746 ], [ 18.148031400845806, 57.239049677707833 ], [ 18.14810307448321, 57.239091549131139 ], [ 18.14813043238896, 57.239111445487005 ], [ 18.148208348752824, 57.239144412928148 ], [ 18.148297887109962, 57.239167768710999 ], [ 18.148380177669409, 57.239190235278627 ], [ 18.148483329320385, 57.239235954051985 ], [ 18.148567966846418, 57.23927112498599 ], [ 18.148628058312028, 57.239288808902764 ], [ 18.148699495370987, 57.239297533264491 ], [ 18.148750922938227, 57.239323821905252 ], [ 18.148774372762453, 57.239371530794678 ], [ 18.148785040636067, 57.239416297034779 ], [ 18.148770239347183, 57.239464164374006 ], [ 18.148728288773967, 57.239503886313564 ], [ 18.148693828794784, 57.239528651212034 ], [ 18.148658425944426, 57.239552612413966 ], [ 18.148627874575105, 57.239577173919841 ], [ 18.148596882926292, 57.239610048343224 ], [ 18.148576181890792, 57.23964977710709 ], [ 18.148556421339681, 57.239721877834612 ], [ 18.14856014160242, 57.239780283939616 ], [ 18.148571017415993, 57.239864397173939 ], [ 18.148597015509846, 57.23993656378731 ], [ 18.148590112194942, 57.23997159474294 ], [ 18.148573862181351, 57.239986167962435 ], [ 18.148525532816638, 57.240010624502133 ], [ 18.148511110602371, 57.240039220959765 ], [ 18.148497831119986, 57.240107968283603 ], [ 18.14851323672476, 57.240199536820867 ], [ 18.14853722389152, 57.240294908296981 ], [ 18.148591513099923, 57.240366391680993 ], [ 18.148666568806537, 57.240426800722879 ], [ 18.148726500877114, 57.240475040772516 ], [ 18.148860937425354, 57.240578168967268 ], [ 18.148961880992282, 57.240708857689555 ], [ 18.149034681341366, 57.24083114063874 ], [ 18.14905399996498, 57.240900336554922 ], [ 18.149066509503527, 57.240939258645909 ], [ 18.149085688339934, 57.241068476092245 ], [ 18.149162240540509, 57.240920435602042 ], [ 18.149365731048949, 57.240924705783982 ], [ 18.149331354662458, 57.24078360881996 ], [ 18.149343310004969, 57.24074726384103 ], [ 18.149348786766222, 57.240694291086236 ], [ 18.149314784348153, 57.240614486569086 ], [ 18.149312670605795, 57.240429694840614 ], [ 18.149167738726209, 57.240200836199456 ], [ 18.149156449945433, 57.240189308459478 ], [ 18.149180905625606, 57.240167210578811 ], [ 18.149212475792545, 57.239986967990141 ], [ 18.149214223846403, 57.239836513653941 ], [ 18.149209879935366, 57.239788740305954 ], [ 18.149202695918799, 57.239726277836432 ], [ 18.149158787449291, 57.239678832068215 ], [ 18.149130189801244, 57.239637399241118 ], [ 18.149119368860031, 57.239596062516227 ], [ 18.149122535245109, 57.23954731731979 ], [ 18.14913114874415, 57.239506436712546 ], [ 18.149123994518281, 57.239418328283449 ], [ 18.149111439731808, 57.239372988350354 ], [ 18.149108375599287, 57.239349507000057 ], [ 18.149164761108228, 57.239269115982616 ], [ 18.149214766365343, 57.239236330608236 ], [ 18.149234531322964, 57.239215618814114 ], [ 18.149186045460276, 57.23909773393931 ], [ 18.149132808097161, 57.238977001248415 ], [ 18.149097336873329, 57.238902915156771 ], [ 18.149079042803283, 57.238848938903949 ], [ 18.149079937713957, 57.238806965929875 ], [ 18.14907524486317, 57.23875396080561 ], [ 18.149045296036963, 57.238737191007054 ], [ 18.149005620529721, 57.23873165317957 ], [ 18.14896349170699, 57.238725823562227 ], [ 18.148924902410723, 57.238745254091569 ], [ 18.148879655132795, 57.238771468108013 ], [ 18.148835703880856, 57.238806800763015 ], [ 18.148799956603838, 57.238822446828515 ], [ 18.148752353581358, 57.238835947757082 ], [ 18.148711022760018, 57.238834348830288 ], [ 18.148630351180056, 57.238814152713701 ], [ 18.148581917470057, 57.238808239709726 ], [ 18.148529019868057, 57.238814618254167 ], [ 18.148474055354352, 57.238839467253094 ] ] ] } },
{ "type": "Feature", "properties": { "seadsgm": "SW296455", "lake_id": 574, "lake_area_m2": 7132.3341459035873, "localisedc": "sjö", "origin": "natural", "surfaceare": 7132 }, "geometry": { "type": "Polygon", "coordinates": [ [ [ 18.624157028762205, 57.324399701933558 ], [ 18.623769755985162, 57.324642025133066 ], [ 18.623481424302909, 57.324834061261235 ], [ 18.623417761459873, 57.324876993015842 ], [ 18.623374618451212, 57.324915520446979 ], [ 18.623260510438577, 57.325003590553671 ], [ 18.623250296239714, 57.325057485786502 ], [ 18.623294076995187, 57.325134800568186 ], [ 18.623336362037467, 57.325175603728653 ], [ 18.623408935058759, 57.325219381319805 ], [ 18.623500231398136, 57.325245213026754 ], [ 18.624110426504423, 57.325386101364629 ], [ 18.624177962658759, 57.325407745018332 ], [ 18.62441548923637, 57.325447034722238 ], [ 18.62460115443557, 57.325433514489681 ], [ 18.624693463524736, 57.325411729547788 ], [ 18.62478488326785, 57.325372691513621 ], [ 18.624809977135115, 57.3253456962901 ], [ 18.62483701942605, 57.325304548865859 ], [ 18.624859353733871, 57.325230874130192 ], [ 18.62484632038413, 57.325165098562238 ], [ 18.62465471821908, 57.324898148048142 ], [ 18.624566293985051, 57.324718021293258 ], [ 18.624525592712256, 57.324582475969436 ], [ 18.624383128828633, 57.32439385486488 ], [ 18.624289546502574, 57.32436136441634 ], [ 18.624208904902563, 57.324381537342134 ], [ 18.624157028762205, 57.324399701933558 ] ] ] } },
{ "type": "Feature", "properties": { "seadsgm": "SW294758", "lake_id": 575, "lake_area_m2": 1139.8874564180151, "localisedc": "sjö", "origin": "natural", "surfaceare": 1140 }, "geometry": { "type": "Polygon", "coordinates": [ [ [ 18.230469178727766, 57.332789447047361 ], [ 18.230425033371951, 57.332783029895275 ], [ 18.230375552182064, 57.332785622497809 ], [ 18.230309838166427, 57.33279688378552 ], [ 18.230253494873512, 57.332812453610352 ], [ 18.230209919937629, 57.332844863481789 ], [ 18.230183981077236, 57.332872937991979 ], [ 18.23016528851014, 57.332911162750172 ], [ 18.230152893438582, 57.332943563697981 ], [ 18.230127720731303, 57.332965486871053 ], [ 18.23008231164032, 57.332990232088953 ], [ 18.230071213189458, 57.33300579805919 ], [ 18.230039557924758, 57.333042064714377 ], [ 18.230032590784813, 57.333075096482688 ], [ 18.230029210672754, 57.333097594309663 ], [ 18.229987796121417, 57.333115800174951 ], [ 18.229975401487629, 57.333131948080904 ], [ 18.229985462000304, 57.333151868701464 ], [ 18.230045882334728, 57.333158497703366 ], [ 18.230103946701337, 57.333174615096439 ], [ 18.2301420197563, 57.333193295848936 ], [ 18.230195897340529, 57.333203048978241 ], [ 18.230288664442579, 57.333207055964571 ], [ 18.230359908334293, 57.333165889800675 ], [ 18.230429343751279, 57.333119105870097 ], [ 18.230486006932757, 57.333089344223339 ], [ 18.230531472268908, 57.333065056078091 ], [ 18.230562078377989, 57.333042255821901 ], [ 18.230592075456986, 57.333015110590068 ], [ 18.230622503111519, 57.332987416614927 ], [ 18.230639201151707, 57.332964460212366 ], [ 18.230638829060748, 57.332957269377594 ], [ 18.230628359063996, 57.332922438419821 ], [ 18.230612861652371, 57.332898187214745 ], [ 18.230579474867074, 57.33287400289101 ], [ 18.230542871065822, 57.332849135320835 ], [ 18.230518210242455, 57.332828385104008 ], [ 18.230499203241525, 57.332810373267634 ], [ 18.230475680589414, 57.332790383842315 ], [ 18.230469178727766, 57.332789447047361 ] ] ] } },
{ "type": "Feature", "properties": { "seadsgm": "SW295051", "lake_id": 581, "lake_area_m2": 4210.3942942153662, "localisedc": "sjö", "origin": "natural", "surfaceare": 4210 }, "geometry": { "type": "Polygon", "coordinates": [ [ [ 18.767208059826039, 57.692282561525687 ], [ 18.767219595862276, 57.692270188985042 ], [ 18.76721367794822, 57.692235490746008 ], [ 18.767119809025449, 57.692136798829154 ], [ 18.766990825146468, 57.692089906694974 ], [ 18.766663182789813, 57.692044403488005 ], [ 18.766443811065223, 57.692019553232633 ], [ 18.76634661528584, 57.691992572662457 ], [ 18.766297840350514, 57.692007755772586 ], [ 18.766217643865733, 57.692009146396053 ], [ 18.766010478179588, 57.691996355585523 ], [ 18.765952092194013, 57.69199951737717 ], [ 18.765732340312219, 57.692011404402756 ], [ 18.76540495333024, 57.692033446674081 ], [ 18.765199646066485, 57.69205133173238 ], [ 18.764979639425061, 57.692079714056547 ], [ 18.764753137998827, 57.692126631047721 ], [ 18.764639457829016, 57.692206383713945 ], [ 18.764494365368705, 57.692272354079805 ], [ 18.764430448808227, 57.692289839960708 ], [ 18.764446274205955, 57.69231418344657 ], [ 18.764451503628443, 57.692322226135232 ], [ 18.764643034420605, 57.692265687745063 ], [ 18.764772969843069, 57.692202021211351 ], [ 18.764904013896818, 57.692156768509271 ], [ 18.765013895260285, 57.692140532042743 ], [ 18.765259497836059, 57.692156754060676 ], [ 18.765550576294086, 57.69216603902008 ], [ 18.765829562432856, 57.6921652988771 ], [ 18.766157854145344, 57.692347958697233 ], [ 18.766349168125714, 57.692477696300337 ], [ 18.766430972632225, 57.692502896546607 ], [ 18.766522978046343, 57.692507447094698 ], [ 18.766653166518832, 57.692511327392843 ], [ 18.766987840377098, 57.692483004335145 ], [ 18.76707601269435, 57.692424164362727 ], [ 18.767208059826039, 57.692282561525687 ] ], [ [ 18.766781578308098, 57.692169282498952 ], [ 18.766857518558567, 57.692186098793222 ], [ 18.766875817161488, 57.692210638293815 ], [ 18.766856708169332, 57.692246936174428 ], [ 18.766742079717851, 57.692243204865555 ], [ 18.76670002997421, 57.692211631206767 ], [ 18.766717034347806, 57.692176537478517 ], [ 18.766781578308098, 57.692169282498952 ] ] ] } },
{ "type": "Feature", "properties": { "seadsgm": "SW294895", "lake_id": 594, "lake_area_m2": 405266.67358211102, "localisedc": "sjö", "origin": "natural", "surfaceare": 405267 }, "geometry": { "type": "Polygon", "coordinates": [ [ [ 19.144282440674466, 57.931068585604336 ], [ 19.144299315765036, 57.931045445771332 ], [ 19.144357243921174, 57.931030927827543 ], [ 19.144453520262655, 57.93102584016534 ], [ 19.144559441037359, 57.930996041915442 ], [ 19.144565222131103, 57.930965178700646 ], [ 19.144482230022827, 57.930808543979225 ], [ 19.144413568255271, 57.93071076351432 ], [ 19.144372704492024, 57.930668953922833 ], [ 19.144302053757418, 57.930625733027618 ], [ 19.144232409978514, 57.930571139875745 ], [ 19.144188920760104, 57.930510871294807 ], [ 19.144185584763978, 57.930500991106065 ], [ 19.144041860694518, 57.930390544489271 ], [ 19.143976030527632, 57.930318138180112 ], [ 19.143925176308571, 57.930241179009641 ], [ 19.143906212504412, 57.930215396281866 ], [ 19.143861475394544, 57.930139657741023 ], [ 19.14383492207028, 57.930074789783781 ], [ 19.143721372436623, 57.929985111754974 ], [ 19.143455847841452, 57.929845553005343 ], [ 19.143389651553981, 57.929816375162694 ], [ 19.143262056878111, 57.929751957033943 ], [ 19.143188354905554, 57.929704940547317 ], [ 19.143090952646762, 57.929647593513437 ], [ 19.143015202868177, 57.929569091282744 ], [ 19.142963947952694, 57.929501793721869 ], [ 19.142963346019005, 57.929501012049883 ], [ 19.142916054075648, 57.929376923578182 ], [ 19.142911613776004, 57.929216544135507 ], [ 19.143023288529424, 57.929016827184135 ], [ 19.143110200653268, 57.928889713224407 ], [ 19.143196662998637, 57.928770365894756 ], [ 19.143362899943671, 57.928603837616549 ], [ 19.143414952287536, 57.928560675114461 ], [ 19.143467672649585, 57.928479099518185 ], [ 19.14348762397676, 57.928448934967967 ], [ 19.143531886722638, 57.928383833329754 ], [ 19.143539639339469, 57.928370765495686 ], [ 19.143540417006069, 57.928362412882059 ], [ 19.143593201997341, 57.928293847346986 ], [ 19.143706051218121, 57.928144844945841 ], [ 19.14379727240733, 57.928046097178047 ], [ 19.144072956692654, 57.927894544475606 ], [ 19.144400234247055, 57.927687882525163 ], [ 19.144393265189397, 57.92760483137576 ], [ 19.14441252298699, 57.927554366321331 ], [ 19.144463948267081, 57.927448085780078 ], [ 19.144517378602483, 57.927352315043159 ], [ 19.144461563590323, 57.92733267370113 ], [ 19.144402079714848, 57.92732136084954 ], [ 19.144384624041059, 57.92730734688358 ], [ 19.14441884038737, 57.92728830579555 ], [ 19.144572672653041, 57.927266329847143 ], [ 19.144640210555501, 57.927249458181898 ], [ 19.144720896408373, 57.92721514246805 ], [ 19.144727153569431, 57.927171962739521 ], [ 19.144735311880964, 57.927066026333385 ], [ 19.144733462673457, 57.927044999747864 ], [ 19.144656797833797, 57.927025624690508 ], [ 19.144614285582737, 57.927017120903677 ], [ 19.144613041047027, 57.927003835369128 ], [ 19.14462369485339, 57.926985089730174 ], [ 19.144627381078525, 57.926978556493161 ], [ 19.144619043295314, 57.926933561532941 ], [ 19.144685872008811, 57.926892602910435 ], [ 19.144751888462988, 57.92685726471165 ], [ 19.144772796317781, 57.926777627838163 ], [ 19.144769275273443, 57.926738040913996 ], [ 19.144747897380778, 57.926716429455666 ], [ 19.144591677482627, 57.926670787934356 ], [ 19.144520432219764, 57.926642370668304 ], [ 19.144338623656999, 57.926543772607296 ], [ 19.14414305955988, 57.926494748288363 ], [ 19.144090775372884, 57.926482374672219 ], [ 19.143999399440744, 57.926393006849345 ], [ 19.143889609223876, 57.926311632389194 ], [ 19.143839476676053, 57.926279423054105 ], [ 19.143756042123233, 57.926223462426719 ], [ 19.143603743445755, 57.926121293604623 ], [ 19.14349755187542, 57.926020951453083 ], [ 19.143371049638141, 57.925956155516488 ], [ 19.143227318137132, 57.925859550695812 ], [ 19.143139427232295, 57.925746777334012 ], [ 19.143084114898993, 57.925677526760516 ], [ 19.142956276370718, 57.925542255104638 ], [ 19.142884551036495, 57.925471228649265 ], [ 19.142822652715907, 57.925362192550494 ], [ 19.142682143338586, 57.925162347889682 ], [ 19.142621231700442, 57.925044684439257 ], [ 19.142577523484757, 57.925011121075784 ], [ 19.142395760982829, 57.92494285085052 ], [ 19.142355209687068, 57.924923059369959 ], [ 19.142377849741887, 57.924879437092656 ], [ 19.142373454245558, 57.924855139041469 ], [ 19.142273119818881, 57.924805727213311 ], [ 19.142093332119785, 57.924739108922992 ], [ 19.142089305596077, 57.924737613580433 ], [ 19.14189267502946, 57.924666418619253 ], [ 19.141793290483623, 57.92462523238072 ], [ 19.141640881362164, 57.92453752404333 ], [ 19.141558121703412, 57.924492286635164 ], [ 19.141369137731861, 57.924451954708651 ], [ 19.141197260991678, 57.924427000615509 ], [ 19.141097886522644, 57.924407574480966 ], [ 19.140979625414584, 57.924370573528101 ], [ 19.140923652479064, 57.92436346074787 ], [ 19.140896262652962, 57.924378069492214 ], [ 19.140878758310343, 57.924389088799231 ], [ 19.14071514967646, 57.924341429261936 ], [ 19.140696443921808, 57.924323991278648 ], [ 19.140607348235442, 57.924193505778469 ], [ 19.140567370970498, 57.924165863984335 ], [ 19.140358852138803, 57.924122993594239 ], [ 19.140298806941011, 57.924106538041663 ], [ 19.140255636705678, 57.924074962991874 ], [ 19.140251793677905, 57.924041770808991 ], [ 19.140257261879004, 57.924006665520416 ], [ 19.140226572818239, 57.923970320858359 ], [ 19.140161461781922, 57.923934616524491 ], [ 19.139893467410051, 57.923869758496444 ], [ 19.139791936856469, 57.923833683667063 ], [ 19.139799248087972, 57.923805471139644 ], [ 19.139805656543377, 57.923778662398753 ], [ 19.139620660948541, 57.923676941417789 ], [ 19.139478374850196, 57.923607884081008 ], [ 19.139371443887722, 57.923591102798518 ], [ 19.139307726227145, 57.923590744839565 ], [ 19.139149478600007, 57.923593273432765 ], [ 19.138973555039716, 57.923640350410842 ], [ 19.138896539924009, 57.923663815987467 ], [ 19.138725615498714, 57.923687106884053 ], [ 19.138604985645106, 57.923690736924542 ], [ 19.138496217273932, 57.923651634820033 ], [ 19.138397420000864, 57.923630596136171 ], [ 19.138227734194057, 57.923644798664178 ], [ 19.138120913751074, 57.923656546489838 ], [ 19.138064542154169, 57.92365598561274 ], [ 19.138043052687589, 57.923644383457699 ], [ 19.137958017634194, 57.923626682634406 ], [ 19.137917898775264, 57.923627154716037 ], [ 19.137760193665077, 57.923690263796601 ], [ 19.137727481521971, 57.923732604418717 ], [ 19.137743014430963, 57.923819576151089 ], [ 19.137748789037833, 57.923846059857979 ], [ 19.137646220325941, 57.923886623868761 ], [ 19.137567624756699, 57.923915365231217 ], [ 19.137461548811618, 57.924096622174837 ], [ 19.137414013364936, 57.924177852628901 ], [ 19.137359598241098, 57.924280315296677 ], [ 19.13730791076042, 57.924353303419288 ], [ 19.137279390309448, 57.924371434534748 ], [ 19.137201111357054, 57.924392834843097 ], [ 19.136966031173003, 57.924453853470929 ], [ 19.136837162305561, 57.924473458588089 ], [ 19.136705925772969, 57.924493430565924 ], [ 19.13655498414618, 57.92448025095797 ], [ 19.136399230466925, 57.924432957729927 ], [ 19.136334641593372, 57.924411934923164 ], [ 19.136290494582536, 57.92441369697849 ], [ 19.13624152630987, 57.924464527715585 ], [ 19.136210435744101, 57.924495603074298 ], [ 19.135978832138029, 57.924582743805232 ], [ 19.135878166260074, 57.92461005425514 ], [ 19.135830590285988, 57.924625183802512 ], [ 19.135784130057139, 57.924667774446505 ], [ 19.13576219756035, 57.924715530427711 ], [ 19.135762424613421, 57.924717788687282 ], [ 19.135764043331495, 57.924734352963455 ], [ 19.135814499197348, 57.924770170608014 ], [ 19.135861233303896, 57.924800256602921 ], [ 19.135864716803365, 57.92483401599678 ], [ 19.135854747896978, 57.924853153429218 ], [ 19.135812377394036, 57.924873571053062 ], [ 19.135740329075826, 57.924883878083151 ], [ 19.135679187595692, 57.9249065541173 ], [ 19.135637414143066, 57.924929362774698 ], [ 19.135628665645243, 57.924947632735254 ], [ 19.135750335224046, 57.925079191298394 ], [ 19.13584470307751, 57.925173610912339 ], [ 19.135871296912146, 57.925200223901456 ], [ 19.135908468571117, 57.925411196137844 ], [ 19.135980037161335, 57.925506925327845 ], [ 19.136013293181946, 57.925560138019137 ], [ 19.136039874932685, 57.925615735154786 ], [ 19.13607829057155, 57.925651045118599 ], [ 19.136411167180853, 57.925766913897846 ], [ 19.136594557569492, 57.92579228070985 ], [ 19.136873346431258, 57.925811858261639 ], [ 19.136927120941291, 57.925817929275624 ], [ 19.137015111751083, 57.925848566450213 ], [ 19.137063881967681, 57.925906621033143 ], [ 19.137092320176279, 57.92593970279939 ], [ 19.137117551313132, 57.925950390581249 ], [ 19.137188050352798, 57.92596766815214 ], [ 19.137208454895276, 57.925993053506232 ], [ 19.137201903528833, 57.926015704228433 ], [ 19.137130611035424, 57.92603703027379 ], [ 19.137057494589499, 57.926085006552505 ], [ 19.137055182247721, 57.926102831839046 ], [ 19.137097177086005, 57.92612270304911 ], [ 19.137164266106954, 57.926148131424533 ], [ 19.137182578370705, 57.926161229245729 ], [ 19.137097556129117, 57.926188748365803 ], [ 19.137048955889004, 57.92621677903179 ], [ 19.136773873984978, 57.926325483826396 ], [ 19.136741534356855, 57.92634744515896 ], [ 19.136766938433013, 57.926393376863146 ], [ 19.136764260573088, 57.926446718213917 ], [ 19.136747255627551, 57.926490462950447 ], [ 19.136752271600564, 57.926521682774577 ], [ 19.136798888770581, 57.926550439679914 ], [ 19.13683886855857, 57.926570583053199 ], [ 19.136824048372517, 57.926689460302249 ], [ 19.136788060422958, 57.926736495811447 ], [ 19.136741706685978, 57.926755091866511 ], [ 19.136701643652096, 57.926761667105332 ], [ 19.136642038706309, 57.926765463429184 ], [ 19.136605409366517, 57.926720958072359 ], [ 19.136649774082265, 57.926651493432793 ], [ 19.136664035612469, 57.926622261998482 ], [ 19.136647821048225, 57.926571920848673 ], [ 19.136619336983763, 57.926535791054619 ], [ 19.136530839464157, 57.926521258056127 ], [ 19.13637982293579, 57.926567115052336 ], [ 19.136242950233111, 57.926613959723333 ], [ 19.136176234334002, 57.926625449851301 ], [ 19.136138862624165, 57.926621713157409 ], [ 19.136114504239067, 57.926577402588784 ], [ 19.136098585094896, 57.92654896631835 ], [ 19.136048574481688, 57.926524348366378 ], [ 19.13595805128065, 57.926504908410614 ], [ 19.135895652745457, 57.926517695642971 ], [ 19.135822427425445, 57.926520892774029 ], [ 19.135788908456909, 57.926524881166294 ], [ 19.135753329725414, 57.926549968699568 ], [ 19.135727722198649, 57.926619785346226 ], [ 19.135734245451275, 57.926658725608057 ], [ 19.135849839174302, 57.926736040512125 ], [ 19.135870297543185, 57.926774366245112 ], [ 19.135864459830028, 57.926802791685631 ], [ 19.135742106056405, 57.926795629668973 ], [ 19.135674177903436, 57.926783483762406 ], [ 19.13563376762573, 57.926786329003505 ], [ 19.135603087275811, 57.926801996587848 ], [ 19.135510919631706, 57.926814362084883 ], [ 19.135441814370996, 57.926811631007951 ], [ 19.13534189671477, 57.926775475823085 ], [ 19.135286991555834, 57.926743399045435 ], [ 19.135228149097028, 57.926696982842273 ], [ 19.135205294861141, 57.926675400444125 ], [ 19.135200794722888, 57.926619478614981 ], [ 19.135178957444218, 57.926574833246896 ], [ 19.135137950464692, 57.926551638300275 ], [ 19.135027203994223, 57.926533458357845 ], [ 19.134985843533286, 57.926531776700415 ], [ 19.134962033292378, 57.926533641630229 ], [ 19.13489060815715, 57.926583150931897 ], [ 19.134824615636571, 57.926628880477438 ], [ 19.134778776025435, 57.926652378948042 ], [ 19.134679192145619, 57.926663554130172 ], [ 19.134582081505993, 57.926602307798966 ], [ 19.134514324416571, 57.926595009754209 ], [ 19.134464703970419, 57.926599792535711 ], [ 19.134406443020858, 57.926623146793162 ], [ 19.134355824470262, 57.926650730612664 ], [ 19.134282326865929, 57.926683896424208 ], [ 19.134172566735732, 57.926703317242314 ], [ 19.134036170375396, 57.926760493082739 ], [ 19.13395820167235, 57.926801639783527 ], [ 19.133888688307113, 57.926816368047362 ], [ 19.133640023643441, 57.926790028430048 ], [ 19.133577628068043, 57.926786719883054 ], [ 19.133522195341936, 57.926814073807222 ], [ 19.133481819432387, 57.926837940436712 ], [ 19.133449653888707, 57.926845087201194 ], [ 19.133385477304142, 57.926826306287545 ], [ 19.133310861250454, 57.926758128544691 ], [ 19.133301846676869, 57.92668540305786 ], [ 19.133283344357132, 57.926636512620142 ], [ 19.13324626136021, 57.92659311885869 ], [ 19.133238503829855, 57.926552824650123 ], [ 19.133249788991158, 57.926516999023391 ], [ 19.133279695958507, 57.926486503110226 ], [ 19.1333495980107, 57.92647587230752 ], [ 19.133392127216926, 57.926486418786922 ], [ 19.133415669905776, 57.926496569539573 ], [ 19.133443386227629, 57.926462889168093 ], [ 19.133435019582848, 57.926388480654538 ], [ 19.133275488171346, 57.926183849955422 ], [ 19.133252472742477, 57.926134537935908 ], [ 19.133259645701784, 57.926051656043782 ], [ 19.133268723556817, 57.926038888209405 ], [ 19.133280564585338, 57.926022234499833 ], [ 19.133320295996864, 57.925987038670669 ], [ 19.133324022463583, 57.9259808381913 ], [ 19.133324078871158, 57.925944759263835 ], [ 19.133287018365767, 57.925904422991515 ], [ 19.133222599257682, 57.925881296442235 ], [ 19.133176322273055, 57.925939645264577 ], [ 19.133162046190083, 57.925961673608015 ], [ 19.133103453998615, 57.925980570413699 ], [ 19.133062467461883, 57.925988226189951 ], [ 19.133029407910687, 57.925991614912384 ], [ 19.132973392864773, 57.926099954102845 ], [ 19.132920245376177, 57.926234287840281 ], [ 19.13288787841844, 57.926275392960981 ], [ 19.132848562029249, 57.926337220742163 ], [ 19.132816990707216, 57.926404387912434 ], [ 19.132754051874972, 57.926492089588443 ], [ 19.132786543889946, 57.926515103802522 ], [ 19.132847260665205, 57.926541407193909 ], [ 19.132898372614832, 57.92658192473499 ], [ 19.132861135451112, 57.926625105075296 ], [ 19.132781212383239, 57.926659390389254 ], [ 19.132830534098272, 57.926706080474943 ], [ 19.132879237578045, 57.926761381299627 ], [ 19.132901563991936, 57.926807934249624 ], [ 19.132959687413873, 57.926832280349892 ], [ 19.13310072659932, 57.926909076115905 ], [ 19.133200122046727, 57.926937915195232 ], [ 19.133373608995047, 57.927016889645152 ], [ 19.133432157999394, 57.927053316162251 ], [ 19.133460599457621, 57.927095553425026 ], [ 19.133442123031429, 57.927208147363636 ], [ 19.133451257180869, 57.927226769782585 ], [ 19.13369193032154, 57.927282316614651 ], [ 19.133830868111481, 57.927328281961636 ], [ 19.133878373637714, 57.927353296343682 ], [ 19.133943955689642, 57.927414242297822 ], [ 19.134302434640091, 57.927470318381864 ], [ 19.134356396053363, 57.927483730264612 ], [ 19.134376666414159, 57.927518139149335 ], [ 19.13438549578369, 57.927541206163347 ], [ 19.134590265104684, 57.927599862058351 ], [ 19.134633857578542, 57.927592246034614 ], [ 19.134679418738877, 57.927531195511001 ], [ 19.134704333938377, 57.927507597437504 ], [ 19.134790115194491, 57.92747193447984 ], [ 19.1348937966204, 57.927459841955013 ], [ 19.135328598816042, 57.927496369449472 ], [ 19.135398054714884, 57.927522630536821 ], [ 19.135522126986618, 57.927580955772108 ], [ 19.135629091241103, 57.927586975329653 ], [ 19.135749724701238, 57.927604975231795 ], [ 19.135842465211773, 57.927625943560749 ], [ 19.135899129179382, 57.927629347853156 ], [ 19.135979732893642, 57.9276269178891 ], [ 19.13605431050129, 57.927637806274099 ], [ 19.136120241356171, 57.927661330060047 ], [ 19.136186505369935, 57.927689536734853 ], [ 19.136344484647466, 57.927727440616415 ], [ 19.136516068206568, 57.927732764379527 ], [ 19.13659205606637, 57.927736618491608 ], [ 19.13662526232007, 57.927750038717306 ], [ 19.136692625338842, 57.927803326978157 ], [ 19.136783662206899, 57.927810213947446 ], [ 19.136940362345634, 57.92786601846754 ], [ 19.136982629749649, 57.927873193596163 ], [ 19.137022338284225, 57.927869262147304 ], [ 19.137091389735232, 57.927845932456691 ], [ 19.137126678200282, 57.927845043041302 ], [ 19.137406820993366, 57.927875870972116 ], [ 19.137436565864597, 57.927882598098954 ], [ 19.137561764366556, 57.927897507793269 ], [ 19.137954411543763, 57.927918953134899 ], [ 19.138098061934052, 57.927945436258241 ], [ 19.138122268557662, 57.927973288074803 ], [ 19.138081699390089, 57.928007208703704 ], [ 19.137985906509343, 57.928033830439439 ], [ 19.137853876019097, 57.928073592331366 ], [ 19.137840928022786, 57.928093591079069 ], [ 19.137820325716021, 57.928101242192348 ], [ 19.137808647656367, 57.928114283978061 ], [ 19.137810122178106, 57.928130016496986 ], [ 19.137798660400289, 57.92818676403683 ], [ 19.137765926106443, 57.928210466265668 ], [ 19.137761214992214, 57.9282321832235 ], [ 19.137758802444512, 57.928270982347989 ], [ 19.137730175180881, 57.928281764557902 ], [ 19.137498561976862, 57.92829679751825 ], [ 19.137390379398266, 57.928285813686095 ], [ 19.137337751971696, 57.928279272893967 ], [ 19.137317343006824, 57.928287457687169 ], [ 19.137364617950062, 57.928345967128863 ], [ 19.137410697439993, 57.92836867108786 ], [ 19.137480203965413, 57.928383093991897 ], [ 19.137669560419159, 57.928430028066373 ], [ 19.137786266868311, 57.928486255511046 ], [ 19.137832602507665, 57.928514329726092 ], [ 19.137871890662701, 57.92867792371446 ], [ 19.13783266281801, 57.928734307839647 ], [ 19.137797168425383, 57.928744161422848 ], [ 19.137783378758705, 57.928756786880335 ], [ 19.137827792212306, 57.928779852393376 ], [ 19.13795158516783, 57.928815912082747 ], [ 19.13800085448413, 57.928830834464527 ], [ 19.137964924405967, 57.92884729292426 ], [ 19.137876796840715, 57.928861451469189 ], [ 19.137793804947677, 57.928880568747253 ], [ 19.137718864179075, 57.928923928572353 ], [ 19.137715262853501, 57.928957497476738 ], [ 19.137716938510131, 57.929004771474865 ], [ 19.137696214635476, 57.929085289975205 ], [ 19.1377104193364, 57.929129195969381 ], [ 19.137807252669884, 57.929180907925193 ], [ 19.137894517012306, 57.929179807355546 ], [ 19.138100750426052, 57.929165805710277 ], [ 19.138173243242978, 57.929128920731777 ], [ 19.138188587329982, 57.929088674571375 ], [ 19.138203709195121, 57.929068343637368 ], [ 19.138249984301151, 57.92903894824039 ], [ 19.138295776298879, 57.929033434889433 ], [ 19.138415856709074, 57.929049373554498 ], [ 19.138450086220612, 57.929043940902339 ], [ 19.138449334229421, 57.929028751234441 ], [ 19.138431404571701, 57.928933484423986 ], [ 19.138430616405277, 57.928896425255026 ], [ 19.138367451768175, 57.928854827569317 ], [ 19.138347365363551, 57.928839028121828 ], [ 19.138399954291657, 57.928795955684997 ], [ 19.138435451733685, 57.928766292640603 ], [ 19.138437196560563, 57.928739967639729 ], [ 19.138465267290641, 57.928703802524197 ], [ 19.138510006955517, 57.928628722302697 ], [ 19.138523620233229, 57.928607336238073 ], [ 19.138513426418498, 57.928582983543137 ], [ 19.138489971726898, 57.928543759183455 ], [ 19.138505691014711, 57.928522313207864 ], [ 19.138542460282761, 57.928506051141824 ], [ 19.138611748905745, 57.928474106881488 ], [ 19.138702238793062, 57.928433980259264 ], [ 19.138756017479956, 57.928430669451977 ], [ 19.138831778879897, 57.928423234251305 ], [ 19.138946703765715, 57.928411933040053 ], [ 19.138978715180976, 57.928425356529345 ], [ 19.139029260564296, 57.928508417580105 ], [ 19.139099256136507, 57.928541967648968 ], [ 19.139183785709402, 57.928539137575015 ], [ 19.139254479970681, 57.928516455642075 ], [ 19.139317792928964, 57.928499408607138 ], [ 19.139399107613993, 57.928517950226762 ], [ 19.139512381356141, 57.928533778390744 ], [ 19.139538956723719, 57.928554814962503 ], [ 19.139572809690076, 57.928555357018723 ], [ 19.139747837132617, 57.928541185226869 ], [ 19.139903741000804, 57.928578487324231 ], [ 19.139991385336142, 57.928586922926222 ], [ 19.140089771027228, 57.928543488220612 ], [ 19.14012615506817, 57.92854865889403 ], [ 19.140134755522364, 57.928574716619678 ], [ 19.140155405274673, 57.928612361530256 ], [ 19.140173166792447, 57.928641492471456 ], [ 19.140159905709435, 57.928736147923694 ], [ 19.140099503906963, 57.928735493175822 ], [ 19.140071819704655, 57.92874156672373 ], [ 19.139971947975408, 57.928841627869247 ], [ 19.139913617955216, 57.928873619269119 ], [ 19.139840266102102, 57.928884421083929 ], [ 19.139742613004103, 57.92893350461253 ], [ 19.139652879171781, 57.929019350913549 ], [ 19.139697285681184, 57.929040051568869 ], [ 19.139719412389599, 57.929037531589096 ], [ 19.139744926505973, 57.929037904406101 ], [ 19.139769473163295, 57.929051004853228 ], [ 19.139811771053246, 57.929080046583827 ], [ 19.139843728294377, 57.92908669220644 ], [ 19.139921235209389, 57.929070189451672 ], [ 19.14000523140578, 57.929069165518108 ], [ 19.140003639633957, 57.929082490921445 ], [ 19.139950899012462, 57.929270128131137 ], [ 19.139895072970031, 57.929321695526824 ], [ 19.139901293606723, 57.929368847600117 ], [ 19.139947499685142, 57.929393983470192 ], [ 19.139990664465163, 57.92942094635012 ], [ 19.13997142186712, 57.929490646289871 ], [ 19.139971078522496, 57.929557894193984 ], [ 19.139943290136475, 57.929608169142014 ], [ 19.139805353405787, 57.929701900131079 ], [ 19.139761036067672, 57.929752066687108 ], [ 19.13972037344335, 57.929784965618651 ], [ 19.139641242322838, 57.929851826879343 ], [ 19.13955745180829, 57.929947578041826 ], [ 19.139382240456435, 57.930038182101342 ], [ 19.139265933336905, 57.930062668236374 ], [ 19.139054063839442, 57.930077654671877 ], [ 19.138759437649668, 57.930119549039112 ], [ 19.13866669050314, 57.930126809299672 ], [ 19.138653102622868, 57.930152071634389 ], [ 19.138628213505992, 57.930165219488885 ], [ 19.138567177416078, 57.930168749346826 ], [ 19.138468625749105, 57.9301607409041 ], [ 19.138373360243769, 57.930126745705763 ], [ 19.138371707076924, 57.930126367130029 ], [ 19.138303172626291, 57.930110600082564 ], [ 19.138270035590903, 57.930117571151541 ], [ 19.138121480296498, 57.930190910858535 ], [ 19.138071414448756, 57.930189505259641 ], [ 19.137859253159391, 57.93016272054151 ], [ 19.137780693870923, 57.930168042135087 ], [ 19.137703862709127, 57.930209990422171 ], [ 19.137603559050067, 57.93028139590718 ], [ 19.137562942735897, 57.93031529149507 ], [ 19.137508962732191, 57.930327409698108 ], [ 19.137406028052194, 57.930344830075008 ], [ 19.137207686358767, 57.930435188505179 ], [ 19.137082845512424, 57.930467729171816 ], [ 19.137016327939069, 57.930537736144494 ], [ 19.136978936004994, 57.930609294010459 ], [ 19.136915170243814, 57.930665219858902 ], [ 19.136863107626208, 57.930715835410638 ], [ 19.136797873666072, 57.930756943951273 ], [ 19.136694372812894, 57.930795111222089 ], [ 19.136407046339901, 57.930782078737188 ], [ 19.136294549073781, 57.930826130660769 ], [ 19.136237283505494, 57.930853301740775 ], [ 19.136192329639634, 57.930867474200859 ], [ 19.136006842143683, 57.930880947757714 ], [ 19.135931420443047, 57.930875401809736 ], [ 19.135849817513343, 57.930859475437302 ], [ 19.135264535171629, 57.93079773676471 ], [ 19.135145163722591, 57.930767565447653 ], [ 19.135085057617516, 57.93074778979058 ], [ 19.13501685059169, 57.930752708590774 ], [ 19.134885369344293, 57.930770618100944 ], [ 19.134652874960228, 57.930782159386915 ], [ 19.134489511877419, 57.930787131440447 ], [ 19.134361003050994, 57.930770429573556 ], [ 19.134201322775251, 57.930726238097385 ], [ 19.134114728680228, 57.930696058226097 ], [ 19.13381442114013, 57.930649765339908 ], [ 19.133748567323511, 57.930657629862701 ], [ 19.133492386443645, 57.930774729561705 ], [ 19.133387213317256, 57.930812524825846 ], [ 19.133294618734531, 57.930817978091476 ], [ 19.13319153265715, 57.930811524889634 ], [ 19.133143941826987, 57.93080882264902 ], [ 19.133256184797233, 57.931003231302093 ], [ 19.133292292638171, 57.931061486857267 ], [ 19.133329434037229, 57.931078099241169 ], [ 19.133472057411463, 57.931095870359322 ], [ 19.133574380580505, 57.931099847638258 ], [ 19.133654896819206, 57.931142258906966 ], [ 19.133705826564984, 57.931167361670354 ], [ 19.133807937509339, 57.93118017559685 ], [ 19.133866289013472, 57.931186647791044 ], [ 19.134026731128387, 57.931276009504366 ], [ 19.134121195498523, 57.931443275374626 ], [ 19.134129435119139, 57.9314578434591 ], [ 19.134154519362696, 57.931549595416712 ], [ 19.134160906413786, 57.931614454727473 ], [ 19.134182039293258, 57.931655402028795 ], [ 19.134332985089003, 57.931696964904361 ], [ 19.134419924168824, 57.931719723941725 ], [ 19.1345245202988, 57.931766287546921 ], [ 19.134630872896246, 57.931841217751114 ], [ 19.134727302283473, 57.931936344048736 ], [ 19.134797366731441, 57.932013903396665 ], [ 19.134857309402182, 57.932079546580177 ], [ 19.134883715683461, 57.932190640786253 ], [ 19.134919091493337, 57.932261642180521 ], [ 19.135048349946238, 57.93236363922405 ], [ 19.135228432374227, 57.932444853423853 ], [ 19.135475134656833, 57.932512708335729 ], [ 19.135699962218656, 57.932552535696793 ], [ 19.13587267025947, 57.932563551950246 ], [ 19.135980616752274, 57.932560771032399 ], [ 19.136056188542014, 57.93254559187551 ], [ 19.136145111713606, 57.932490536962305 ], [ 19.136173589869735, 57.932448550139938 ], [ 19.136184270758527, 57.932424471810592 ], [ 19.136315594374114, 57.932374410067183 ], [ 19.136442276458943, 57.932354993705651 ], [ 19.136537700909233, 57.932357305514834 ], [ 19.136610714018929, 57.932388844282194 ], [ 19.136756348750374, 57.932550176775294 ], [ 19.136801745858815, 57.932588262369769 ], [ 19.1368817973182, 57.932619698860449 ], [ 19.136912425564748, 57.932619086673867 ], [ 19.136985990378609, 57.9325826242411 ], [ 19.137079978928544, 57.932558644155918 ], [ 19.137159064324347, 57.932558844965314 ], [ 19.13727704785822, 57.932602118078314 ], [ 19.137257800008499, 57.932731570057861 ], [ 19.137256060653787, 57.93276898164838 ], [ 19.137292572893884, 57.932792709015068 ], [ 19.137427090524472, 57.932817995977359 ], [ 19.137523850486563, 57.932834606128594 ], [ 19.137543024122273, 57.932864457579456 ], [ 19.137550107658981, 57.932880582394674 ], [ 19.137656760485338, 57.93289170845329 ], [ 19.137788269489729, 57.932901628690324 ], [ 19.137847013715422, 57.932917779045859 ], [ 19.137918508042542, 57.93295416799242 ], [ 19.138046760985475, 57.932984607068441 ], [ 19.138141003953166, 57.932991118732836 ], [ 19.138221335612872, 57.93298228585595 ], [ 19.138365086356842, 57.932945511649443 ], [ 19.138478421453417, 57.932855057003529 ], [ 19.138581539961844, 57.932797497797367 ], [ 19.138723107658212, 57.932753968834596 ], [ 19.138800296315214, 57.93273398881098 ], [ 19.138831221206807, 57.932736378589134 ], [ 19.138944251963704, 57.932832183273241 ], [ 19.139009269468367, 57.9328829103601 ], [ 19.139112362459738, 57.932925302007853 ], [ 19.13922362590025, 57.932935745069805 ], [ 19.13936244147952, 57.932929346143155 ], [ 19.139445299988342, 57.932914296070528 ], [ 19.139514507124193, 57.932920095454506 ], [ 19.139621596083604, 57.932947023585058 ], [ 19.139678652384156, 57.932950674814201 ], [ 19.139963788995843, 57.932934601259582 ], [ 19.140081379534813, 57.932951590225237 ], [ 19.14033215031472, 57.932940656928871 ], [ 19.140511129916344, 57.932913259910734 ], [ 19.140617814906197, 57.932891659822523 ], [ 19.140756501321139, 57.932867324857362 ], [ 19.140876843402324, 57.932810907479258 ], [ 19.140922893783518, 57.932791564710833 ], [ 19.141008181068891, 57.932791424614855 ], [ 19.141077619623768, 57.932794148600834 ], [ 19.141299911921681, 57.932696853145735 ], [ 19.141476004030064, 57.93263871657711 ], [ 19.14165051112073, 57.932580440487442 ], [ 19.141883116427213, 57.932514820855452 ], [ 19.142000354964338, 57.932489195551675 ], [ 19.14207095343637, 57.932465345144543 ], [ 19.142165727980949, 57.932422307897319 ], [ 19.142364716008156, 57.932386496408817 ], [ 19.142705363075724, 57.93225263591254 ], [ 19.14282477742589, 57.932195017437444 ], [ 19.142941456149792, 57.932125283848336 ], [ 19.143044368747653, 57.93202209802643 ], [ 19.143322940931931, 57.931844143508421 ], [ 19.143544753015693, 57.931673840002532 ], [ 19.143652754907471, 57.931613131196166 ], [ 19.143885172733526, 57.931518007407632 ], [ 19.144053204684642, 57.931479300673729 ], [ 19.144153339882195, 57.931443487507828 ], [ 19.144231811827243, 57.931395628643841 ], [ 19.144280275581522, 57.931340659753609 ], [ 19.144272143676982, 57.931254263455195 ], [ 19.144273297381822, 57.931206692791115 ], [ 19.144275295901263, 57.931124679170175 ], [ 19.144282440674466, 57.931068585604336 ] ], [ [ 19.138441619231365, 57.924854439827577 ], [ 19.138606744248133, 57.92473179206614 ], [ 19.138651851301063, 57.924692454157068 ], [ 19.138706005318049, 57.924670320727607 ], [ 19.138705003265869, 57.924638996351007 ], [ 19.138690682203894, 57.924563280549286 ], [ 19.138856240475896, 57.924554975094381 ], [ 19.138992895216617, 57.924583454678306 ], [ 19.139061313388083, 57.924654584462296 ], [ 19.139013963285439, 57.924709686315182 ], [ 19.13894026933179, 57.924751748430879 ], [ 19.138677125871926, 57.92488169303401 ], [ 19.138605153241866, 57.924919147699065 ], [ 19.138569327829309, 57.924974505695673 ], [ 19.138522271929649, 57.925026298039676 ], [ 19.138385621405128, 57.925036825852864 ], [ 19.138344616180223, 57.925033487176719 ], [ 19.138329231973977, 57.925006192889761 ], [ 19.138379088545044, 57.924910236385628 ], [ 19.138441619231365, 57.924854439827577 ] ] ] } },
{ "type": "Feature", "properties": { "seadsgm": "SW296297", "lake_id": 605, "lake_area_m2": 813.93266701418906, "localisedc": "sjö", "origin": "natural", "surfaceare": 814 }, "geometry": { "type": "Polygon", "coordinates": [ [ [ 18.69476092356339, 57.324959257991431 ], [ 18.694739206688773, 57.324995932265033 ], [ 18.694815343729996, 57.325029970779383 ], [ 18.694928855149975, 57.325048840171185 ], [ 18.69512284862542, 57.325074316105045 ], [ 18.69517307948519, 57.325061745349949 ], [ 18.695212922556944, 57.325025516946688 ], [ 18.695234044999818, 57.324958544560396 ], [ 18.695236754154536, 57.324892715085113 ], [ 18.695248326417026, 57.324858145545001 ], [ 18.695228865732986, 57.324818340321514 ], [ 18.695181379929519, 57.324788611254249 ], [ 18.695096967853218, 57.324750562338629 ], [ 18.69501920475745, 57.324730624369295 ], [ 18.694953963640387, 57.324736524560215 ], [ 18.694918169401209, 57.324764586865662 ], [ 18.694878310788749, 57.324805910287523 ], [ 18.694839389352648, 57.324871744329229 ], [ 18.694768098718068, 57.32494715217657 ], [ 18.69476092356339, 57.324959257991431 ] ] ] } },
{ "type": "Feature", "properties": { "seadsgm": "SW294589", "lake_id": 606, "lake_area_m2": 543674.58306593075, "localisedc": "sjö", "origin": "natural", "surfaceare": 543675 }, "geometry": { "type": "Polygon", "coordinates": [ [ [ 18.835466783889053, 57.874480975396679 ], [ 18.83551313787752, 57.87448441988623 ], [ 18.835740083216937, 57.874445546018308 ], [ 18.835857390956431, 57.874415976811996 ], [ 18.835891132848651, 57.87439958175446 ], [ 18.835980231424902, 57.874356292796151 ], [ 18.836079579669835, 57.874278904988088 ], [ 18.836106167762544, 57.874247189616234 ], [ 18.836107140696708, 57.874110047456618 ], [ 18.836049221650892, 57.874008679902275 ], [ 18.836028459204556, 57.873979009544321 ], [ 18.836058745838319, 57.873785317970054 ], [ 18.83614405274777, 57.873541490211863 ], [ 18.836229021456543, 57.873387501379739 ], [ 18.836262514915312, 57.873332219303158 ], [ 18.836480179434872, 57.872972969152094 ], [ 18.836578066870473, 57.872818301565715 ], [ 18.836759556199539, 57.872542243230214 ], [ 18.836862663045991, 57.872370164184659 ], [ 18.837070331882359, 57.871936420468842 ], [ 18.837115873705823, 57.871868509624633 ], [ 18.837303205785254, 57.871705460071993 ], [ 18.837437903391262, 57.871611653174988 ], [ 18.837539088863757, 57.871563806723621 ], [ 18.837912542215605, 57.871354709098 ], [ 18.837981152417488, 57.871315166715426 ], [ 18.838073873345678, 57.871253398080292 ], [ 18.838116173033598, 57.871214759654194 ], [ 18.838134357705389, 57.871204722058231 ], [ 18.838378456687053, 57.871041275872962 ], [ 18.838475748754416, 57.870937936556885 ], [ 18.838628427533191, 57.870819956135847 ], [ 18.838753637016531, 57.87076942984595 ], [ 18.838859170332299, 57.870672926362175 ], [ 18.838863700909179, 57.870666351036228 ], [ 18.838905458851514, 57.87060572751556 ], [ 18.838888618096092, 57.870479024251587 ], [ 18.838900118135275, 57.870414345070827 ], [ 18.838939175491031, 57.870358145155187 ], [ 18.839049675069447, 57.87027840413058 ], [ 18.839119362370191, 57.870207970128774 ], [ 18.839188153400759, 57.870132611141003 ], [ 18.83920951511374, 57.870100998386498 ], [ 18.83924061627998, 57.870010840064261 ], [ 18.839265599823904, 57.869971395356423 ], [ 18.839467170164284, 57.869836501864597 ], [ 18.839539848090993, 57.869796980235229 ], [ 18.839662777423428, 57.869771157308463 ], [ 18.839743851092297, 57.869750566221228 ], [ 18.839825359375567, 57.869715667602101 ], [ 18.839949768100833, 57.869554187964404 ], [ 18.839916725089477, 57.869418894484049 ], [ 18.839895912416523, 57.869381187901737 ], [ 18.839905395962294, 57.869309672738986 ], [ 18.83990593531114, 57.869308550086451 ], [ 18.83993117631837, 57.869254460676643 ], [ 18.839964290628149, 57.869197641383131 ], [ 18.840024798407917, 57.869106528472813 ], [ 18.84009482883506, 57.869014865877993 ], [ 18.840123135572934, 57.86900280482417 ], [ 18.840188810915308, 57.868992733260534 ], [ 18.840249598401691, 57.868980632205862 ], [ 18.840292303800382, 57.868978124746334 ], [ 18.84035398117415, 57.869005720933366 ], [ 18.840418794132329, 57.869032203594699 ], [ 18.840456088921027, 57.869041377531218 ], [ 18.84046172472161, 57.869040919255042 ], [ 18.8405061944718, 57.869004984375195 ], [ 18.840512255041762, 57.869000090155382 ], [ 18.840525169700054, 57.868966000159695 ], [ 18.840518467299308, 57.868943023214442 ], [ 18.840511370025254, 57.868865144067442 ], [ 18.840522576634541, 57.868833037477422 ], [ 18.840539186589115, 57.868824550828108 ], [ 18.840569554238403, 57.868827408617264 ], [ 18.840632789968286, 57.8688459818026 ], [ 18.840678047813157, 57.86886770952669 ], [ 18.840713816348512, 57.868916247789514 ], [ 18.840730115980779, 57.868972575689362 ], [ 18.840728196352124, 57.868986166475445 ], [ 18.840745970358142, 57.868976312125184 ], [ 18.840813838399875, 57.868928879495385 ], [ 18.84090916553065, 57.86879789574752 ], [ 18.840955073589679, 57.868756144074823 ], [ 18.841009475007834, 57.868728826695076 ], [ 18.841077313057454, 57.868699960757375 ], [ 18.841124551052019, 57.868679864840878 ], [ 18.841198262841448, 57.86864119108067 ], [ 18.84124933765964, 57.86856694929488 ], [ 18.841238012304458, 57.868531148338278 ], [ 18.841078619761248, 57.868445430805977 ], [ 18.841012115511329, 57.868429885107197 ], [ 18.840957458952293, 57.868390793858687 ], [ 18.840937816705964, 57.868326842785933 ], [ 18.840917877896501, 57.868233084999446 ], [ 18.840899249186776, 57.868206353629688 ], [ 18.840856964545821, 57.868145615055916 ], [ 18.840837842621653, 57.868100978033574 ], [ 18.840818478925573, 57.868055773224185 ], [ 18.840754516895817, 57.868012773419622 ], [ 18.840706922631551, 57.867959173800656 ], [ 18.840672983142145, 57.867916882197406 ], [ 18.840583537563198, 57.86790737410093 ], [ 18.840502916654071, 57.867935564615394 ], [ 18.840467482445714, 57.867922892474041 ], [ 18.840421003222328, 57.86788105311178 ], [ 18.840415551680174, 57.867826319453037 ], [ 18.840301480414738, 57.867862518834336 ], [ 18.84017099119648, 57.867874248651674 ], [ 18.840053492522063, 57.867860014441781 ], [ 18.839929679548543, 57.867894945660282 ], [ 18.839865705421477, 57.867928981896682 ], [ 18.839854346159626, 57.867951704720475 ], [ 18.839799698487916, 57.867980109045845 ], [ 18.839719118630949, 57.867974241243282 ], [ 18.83964976813127, 57.867944585521926 ], [ 18.83968576515008, 57.867910397980538 ], [ 18.839770113833151, 57.867896993054273 ], [ 18.83986195141744, 57.867862040498032 ], [ 18.839913511486305, 57.867824154750366 ], [ 18.839890331015816, 57.867779146644686 ], [ 18.839849831460192, 57.86775705943392 ], [ 18.839778623387076, 57.867728522466244 ], [ 18.839663844851103, 57.867750059844653 ], [ 18.839616644967631, 57.867704773818716 ], [ 18.839674884352341, 57.867604765056278 ], [ 18.839761410496841, 57.867549293641353 ], [ 18.839930104656819, 57.867522470524364 ], [ 18.840114529494354, 57.867528123136978 ], [ 18.84021780415474, 57.867574761579434 ], [ 18.840238019322474, 57.867611353542969 ], [ 18.840318478425942, 57.867616173219666 ], [ 18.840394524955041, 57.867651991449222 ], [ 18.840395346137381, 57.867676448233759 ], [ 18.840470730397797, 57.867671844438263 ], [ 18.840571396895964, 57.867644060799343 ], [ 18.840673926769153, 57.867681855543779 ], [ 18.840729588437185, 57.867714937059212 ], [ 18.840766683080687, 57.867758309618949 ], [ 18.840830993829943, 57.867751145784354 ], [ 18.840857236606801, 57.867740290705783 ], [ 18.840922370550132, 57.867699376758523 ], [ 18.840969921933237, 57.867649798113639 ], [ 18.84109177711241, 57.867619466770499 ], [ 18.841208395262395, 57.867614873191101 ], [ 18.84126899474775, 57.867571848686353 ], [ 18.841358638901614, 57.867587006978624 ], [ 18.841368795228981, 57.867605831514048 ], [ 18.841343756629922, 57.867631135517058 ], [ 18.841327093630902, 57.867652552885623 ], [ 18.841343224966316, 57.867695410253589 ], [ 18.841388428943279, 57.867727838135501 ], [ 18.841321447099713, 57.867798064281828 ], [ 18.841326351526668, 57.86784117182664 ], [ 18.841342779761337, 57.867845889551482 ], [ 18.841371640557512, 57.867854166335796 ], [ 18.841439540303654, 57.867841724044013 ], [ 18.841556716857752, 57.867816415871715 ], [ 18.841665278015491, 57.867815832771527 ], [ 18.841686170212274, 57.867777150246795 ], [ 18.841746354788338, 57.86770700255839 ], [ 18.841757610707667, 57.867666184275073 ], [ 18.841735992453152, 57.86763166768322 ], [ 18.841821975084912, 57.867619844986407 ], [ 18.841861284268109, 57.867604133335625 ], [ 18.841909204305264, 57.867558948656779 ], [ 18.842119280116108, 57.867375900562074 ], [ 18.842156556188652, 57.867331029576086 ], [ 18.842237956126816, 57.867296885447885 ], [ 18.842300074613689, 57.867268804554612 ], [ 18.842365562585677, 57.867236016235552 ], [ 18.842455261127718, 57.867225520434147 ], [ 18.842568199567729, 57.867207458360959 ], [ 18.842643526456872, 57.86718287759556 ], [ 18.842716948322373, 57.867142225103386 ], [ 18.842729692383106, 57.867107024898758 ], [ 18.842742331198629, 57.867057254767957 ], [ 18.84277713903252, 57.867044763338548 ], [ 18.842884473024359, 57.867066972709765 ], [ 18.842962164314208, 57.867085925278367 ], [ 18.84306071149695, 57.867100292245098 ], [ 18.843147308700118, 57.867089997515933 ], [ 18.843225662699965, 57.867080042619641 ], [ 18.843858671048732, 57.86701497850126 ], [ 18.843935599783077, 57.86701490251837 ], [ 18.844085656071766, 57.866979999049072 ], [ 18.844170480553604, 57.866923634375574 ], [ 18.844248766591807, 57.866904716194668 ], [ 18.844344144608137, 57.866902210305838 ], [ 18.84440237154076, 57.866892559886843 ], [ 18.844508474610201, 57.866856793678096 ], [ 18.844621137529785, 57.866787878110749 ], [ 18.844720352203669, 57.866717930311843 ], [ 18.844809587453959, 57.866692853970434 ], [ 18.844910112613967, 57.866682469253043 ], [ 18.845063575407352, 57.866662512925529 ], [ 18.845236227884939, 57.866602708777016 ], [ 18.845314683568596, 57.866570658191264 ], [ 18.845515877697189, 57.8664970237731 ], [ 18.845885824626833, 57.866437619378083 ], [ 18.845940154901047, 57.86642327482523 ], [ 18.845991407777667, 57.866394235351343 ], [ 18.846070954368145, 57.866324209212095 ], [ 18.846069374686934, 57.866273871256276 ], [ 18.846081359567943, 57.866206226240102 ], [ 18.84615763389008, 57.866145211337233 ], [ 18.846261244504589, 57.866073734995091 ], [ 18.846302940051473, 57.866003050521151 ], [ 18.846306590437997, 57.86593720587399 ], [ 18.846297643942595, 57.865860864596847 ], [ 18.84634334145175, 57.865647819626233 ], [ 18.846396935748704, 57.865594674976634 ], [ 18.846457955393038, 57.865536701919304 ], [ 18.846562527653912, 57.865393825231266 ], [ 18.846562493059011, 57.865279614003164 ], [ 18.84654940408889, 57.865265589470738 ], [ 18.846494786247213, 57.865207132201895 ], [ 18.846430740885605, 57.865191128469121 ], [ 18.846247234160728, 57.865141689679085 ], [ 18.846195363649123, 57.8651306131746 ], [ 18.846012712856741, 57.865156428382519 ], [ 18.845865653273766, 57.865150353442189 ], [ 18.845758088951825, 57.865184797704437 ], [ 18.845633034321622, 57.86516801903602 ], [ 18.845492189004403, 57.865120090333775 ], [ 18.845444092093903, 57.865111254378277 ], [ 18.845322916686971, 57.865121923554007 ], [ 18.845246310906557, 57.865119123883765 ], [ 18.845145290559451, 57.86509089056667 ], [ 18.844996003378789, 57.865015585720798 ], [ 18.844956100744096, 57.864958821725232 ], [ 18.844901425132527, 57.864904808416966 ], [ 18.844800283770709, 57.864898344918416 ], [ 18.844723330009696, 57.864890429984797 ], [ 18.844660728081568, 57.864865326902375 ], [ 18.844646573236648, 57.864838611835104 ], [ 18.844661009414409, 57.864819436822351 ], [ 18.844673784246549, 57.864802138498725 ], [ 18.844671485344904, 57.864754842797474 ], [ 18.844630641972394, 57.864704150296717 ], [ 18.844600847670488, 57.864684723057429 ], [ 18.844576825474054, 57.864669052147235 ], [ 18.844492178363467, 57.864638379140928 ], [ 18.844402985120269, 57.864624919465918 ], [ 18.844266425507243, 57.864629284569517 ], [ 18.844141960702824, 57.864644855221378 ], [ 18.844097134553895, 57.864624285672754 ], [ 18.843994882535519, 57.864577549193292 ], [ 18.843612195353526, 57.864436816449086 ], [ 18.84343066681167, 57.864378052704183 ], [ 18.843213420731569, 57.86431033784644 ], [ 18.842944682491947, 57.864306993545554 ], [ 18.842594921748404, 57.864281056602898 ], [ 18.842244975999783, 57.864276153145681 ], [ 18.842007941763587, 57.864283743260096 ], [ 18.841868329963766, 57.864289060963905 ], [ 18.841789137017443, 57.864286003994536 ], [ 18.841729862825378, 57.864287890300467 ], [ 18.841580253785288, 57.864282120400581 ], [ 18.841489296664733, 57.864265465643889 ], [ 18.84142271690191, 57.864258483377498 ], [ 18.841247667482836, 57.864250678683383 ], [ 18.841072432762378, 57.864271560218533 ], [ 18.840850208656722, 57.864284623927588 ], [ 18.840708545168244, 57.864297428450037 ], [ 18.840371321926085, 57.864313176351189 ], [ 18.840292968868059, 57.864315135090081 ], [ 18.840119725509098, 57.864327198814223 ], [ 18.839626370092624, 57.864412659347472 ], [ 18.839554731783238, 57.864484463438565 ], [ 18.839462063785547, 57.864550486010856 ], [ 18.839263669771238, 57.864761714162 ], [ 18.839116454653659, 57.864871349423794 ], [ 18.839063345350564, 57.864896837966121 ], [ 18.838949018730123, 57.864948492940073 ], [ 18.838830711693053, 57.865006471613299 ], [ 18.838535623930518, 57.865185472402516 ], [ 18.838405761474679, 57.865226562635442 ], [ 18.838403705241465, 57.865227210978439 ], [ 18.838329165786202, 57.865270061333028 ], [ 18.838292187499871, 57.865336528230586 ], [ 18.838253568423198, 57.865422842146913 ], [ 18.838214531201473, 57.865551832125917 ], [ 18.838168790993148, 57.865635797764568 ], [ 18.838122171749834, 57.865704641804761 ], [ 18.838062257682004, 57.865781999116265 ], [ 18.838029088208184, 57.865913184240753 ], [ 18.838021110859589, 57.866064699115569 ], [ 18.838037198616643, 57.866261825584125 ], [ 18.838110339591015, 57.866458528645566 ], [ 18.838100518701491, 57.866587801797749 ], [ 18.838100787375321, 57.866759711672366 ], [ 18.838071662319454, 57.866985638745149 ], [ 18.838025324975874, 57.867203662202066 ], [ 18.837981226327678, 57.86733998754125 ], [ 18.837862303881256, 57.867523965476373 ], [ 18.837878480158, 57.867623312005819 ], [ 18.837896035210395, 57.867677554178336 ], [ 18.83784022981353, 57.867878727221026 ], [ 18.837829842853285, 57.867937553471272 ], [ 18.838179822794263, 57.868078844133251 ], [ 18.838194449595832, 57.868266187474632 ], [ 18.837972906744927, 57.86849197791333 ], [ 18.837821221820487, 57.868621761251838 ], [ 18.837701654934694, 57.868702208162595 ], [ 18.837648051997952, 57.868800565319908 ], [ 18.837496435369403, 57.868830771169669 ], [ 18.837308459613709, 57.868710011646812 ], [ 18.837291790133303, 57.868725675346042 ], [ 18.83726757259268, 57.86874843587681 ], [ 18.837277439031478, 57.868769813565741 ], [ 18.837178819098003, 57.868915243174101 ], [ 18.837162613898698, 57.868939128704241 ], [ 18.83697573163969, 57.868934211149131 ], [ 18.836811204261846, 57.8688824039804 ], [ 18.836166784102698, 57.868808774583883 ], [ 18.835993858304473, 57.868758001952592 ], [ 18.835876729055702, 57.868722192703331 ], [ 18.835780564535643, 57.86871643611267 ], [ 18.835528733917069, 57.868789338645648 ], [ 18.835458704890446, 57.868812064546809 ], [ 18.835392469511916, 57.868831347917528 ], [ 18.835123839881916, 57.868870620128078 ], [ 18.834974073361401, 57.868894471493455 ], [ 18.834915545692592, 57.868898643287991 ], [ 18.834838446290128, 57.868890500547032 ], [ 18.834604547460231, 57.868852251539046 ], [ 18.834424408231346, 57.868809382104729 ], [ 18.8341523763137, 57.868728300849604 ], [ 18.833924241696955, 57.868690317500715 ], [ 18.833815436048834, 57.86866928648876 ], [ 18.833711584704169, 57.868631725986894 ], [ 18.833631298971621, 57.868568896610057 ], [ 18.83358978676327, 57.86851847123372 ], [ 18.833546816671078, 57.868456133403633 ], [ 18.833501935679717, 57.868396351327689 ], [ 18.833385196208255, 57.868347067909312 ], [ 18.833302271570105, 57.868307181943067 ], [ 18.833274314837961, 57.868281693036529 ], [ 18.833140104479234, 57.868159310755054 ], [ 18.833099910399316, 57.868127753680369 ], [ 18.832954228499357, 57.86809423407891 ], [ 18.832722636410946, 57.867997490319517 ], [ 18.832647815743464, 57.867937831654238 ], [ 18.832511022869323, 57.867878992755571 ], [ 18.832457482680546, 57.86786383438421 ], [ 18.832286790977978, 57.867803693230442 ], [ 18.832094422698106, 57.867793143844629 ], [ 18.831855861139942, 57.867797369282457 ], [ 18.831534863339339, 57.867814569340595 ], [ 18.831277410317522, 57.8678123623746 ], [ 18.831051259691119, 57.867793013798661 ], [ 18.830840374677724, 57.867763674775283 ], [ 18.830636577990983, 57.867697896105589 ], [ 18.830499046632539, 57.867654065312614 ], [ 18.830397972317403, 57.867680020246318 ], [ 18.830304143223781, 57.867744650515142 ], [ 18.83017591578761, 57.867765580177213 ], [ 18.830069045606539, 57.867774463335053 ], [ 18.829736240602003, 57.867680905875588 ], [ 18.829636355293218, 57.867675138552947 ], [ 18.829444324699896, 57.867712668770515 ], [ 18.829242561629524, 57.867763186692706 ], [ 18.829233650289851, 57.867764759719229 ], [ 18.829129421574045, 57.8677832205667 ], [ 18.828955435469489, 57.86784286024394 ], [ 18.828942608991245, 57.867842788859953 ], [ 18.828939177032105, 57.867844835140481 ], [ 18.82888049264044, 57.86788431645558 ], [ 18.828827198548709, 57.867923821529473 ], [ 18.828757112526137, 57.868028067768613 ], [ 18.828722457103943, 57.868210220057357 ], [ 18.828727967016771, 57.868267063778319 ], [ 18.828724573065358, 57.868293869190182 ], [ 18.828694453397002, 57.868322067792526 ], [ 18.828619611426184, 57.868361308157198 ], [ 18.828599223233656, 57.868393166157219 ], [ 18.828583662496726, 57.868417507356817 ], [ 18.828546080894437, 57.868537449920737 ], [ 18.828552048702548, 57.868738352615168 ], [ 18.828805299216324, 57.869167620502687 ], [ 18.828892529567391, 57.869279467312147 ], [ 18.828946471542409, 57.869353703908772 ], [ 18.828996911080402, 57.869656119675241 ], [ 18.829011810891988, 57.869775520003238 ], [ 18.829002845276502, 57.869864811469022 ], [ 18.828993540329222, 57.870115974767693 ], [ 18.828969912626075, 57.870331707715053 ], [ 18.828955605128535, 57.870456215616031 ], [ 18.828964548208372, 57.870569959174794 ], [ 18.828983778557024, 57.870873363572251 ], [ 18.828936504280389, 57.871138514627368 ], [ 18.82881445285869, 57.871482230744249 ], [ 18.828804273220477, 57.871560425482251 ], [ 18.828824627113434, 57.87194527217828 ], [ 18.828798635056689, 57.872091001318225 ], [ 18.828644085832824, 57.872408481986341 ], [ 18.828498796254738, 57.872624415919809 ], [ 18.828334068643205, 57.872842369946881 ], [ 18.828202302585161, 57.873201680295381 ], [ 18.828173614445774, 57.873292418790378 ], [ 18.82812688678349, 57.873389018369231 ], [ 18.828128467398436, 57.873563627112603 ], [ 18.828178856039457, 57.873755628746551 ], [ 18.828193866104574, 57.873817734736306 ], [ 18.828156150390477, 57.873943524296763 ], [ 18.828115263428668, 57.874016567930624 ], [ 18.828041597671707, 57.874111219381845 ], [ 18.82801730481458, 57.874196809403877 ], [ 18.828009057900537, 57.874229049176357 ], [ 18.827953520443554, 57.874268551158821 ], [ 18.827865002472215, 57.874308320041187 ], [ 18.827780262377004, 57.874344719534648 ], [ 18.827650311815599, 57.874482635537611 ], [ 18.827597007173445, 57.874658975732331 ], [ 18.827605288794153, 57.87473770173245 ], [ 18.827668987977813, 57.874823592093279 ], [ 18.827722585872937, 57.874872530644296 ], [ 18.827840218478272, 57.874931169826198 ], [ 18.828108645326928, 57.874983862416457 ], [ 18.828443189234644, 57.87498316739137 ], [ 18.828724233716617, 57.874942530119782 ], [ 18.82923865245461, 57.874746320040302 ], [ 18.82995400678298, 57.874516762555686 ], [ 18.83005471424066, 57.874488185357968 ], [ 18.830172037667246, 57.874468090525809 ], [ 18.830287448327912, 57.874463704153094 ], [ 18.830461827858162, 57.874487540507808 ], [ 18.83061267832236, 57.874520393593869 ], [ 18.830852902197346, 57.874563494922782 ], [ 18.831314862723875, 57.874643285553496 ], [ 18.831604209190473, 57.874701271913878 ], [ 18.831727113381643, 57.87471726723566 ], [ 18.832097626309032, 57.87468797136647 ], [ 18.832413346725279, 57.874682079252914 ], [ 18.832568012756301, 57.874688291771989 ], [ 18.832666264795758, 57.874698573469594 ], [ 18.832908488430686, 57.874731478101268 ], [ 18.833016595446328, 57.874722491871644 ], [ 18.833197202779363, 57.874661099444488 ], [ 18.833435777724059, 57.874495888046908 ], [ 18.833584205835002, 57.874428687379485 ], [ 18.833955157275767, 57.874261990171 ], [ 18.834057110190155, 57.874220928231573 ], [ 18.83425983437504, 57.874147132785893 ], [ 18.834408584774348, 57.874072001551205 ], [ 18.834562537491504, 57.873978342286236 ], [ 18.83467352819433, 57.873914853880557 ], [ 18.834751342655455, 57.873891634129329 ], [ 18.834825143912212, 57.873888673249553 ], [ 18.834966431098987, 57.873960050679528 ], [ 18.835086786757728, 57.874053052509019 ], [ 18.835192648631505, 57.874179609618871 ], [ 18.83525254075996, 57.874291471723389 ], [ 18.835329453071868, 57.874419227088865 ], [ 18.835430505650329, 57.874478288514204 ], [ 18.835466783889053, 57.874480975396679 ] ] ] } },
{ "type": "Feature", "properties": { "seadsgm": "SW296679", "lake_id": 631, "lake_area_m2": 5473.9921213909984, "localisedc": "sjö", "origin": "natural", "surfaceare": 5474 }, "geometry": { "type": "Polygon", "coordinates": [ [ [ 19.115247056287792, 57.935067273216973 ], [ 19.11530559815127, 57.935056446037457 ], [ 19.115334178088343, 57.93502030523377 ], [ 19.115323683795371, 57.935001995810005 ], [ 19.115266005680436, 57.93498643943169 ], [ 19.115222814918713, 57.934987947709509 ], [ 19.115108240469091, 57.934979856599597 ], [ 19.115079286475364, 57.934996244460528 ], [ 19.115041701272759, 57.935009638902748 ], [ 19.114977855922252, 57.93499429117432 ], [ 19.114948837140194, 57.934976626351634 ], [ 19.114916277440738, 57.934947010532994 ], [ 19.114879072261079, 57.934913163368982 ], [ 19.114892835803989, 57.934890714936884 ], [ 19.114922902120053, 57.934866602822872 ], [ 19.114942781042828, 57.934860417042067 ], [ 19.114900486233498, 57.934835531825946 ], [ 19.114822111688643, 57.934822121692825 ], [ 19.114801512722533, 57.934836789606969 ], [ 19.114763517873797, 57.934846897594106 ], [ 19.114709247782269, 57.934842200778796 ], [ 19.114661061962508, 57.934819717259664 ], [ 19.11457503457299, 57.934791969018043 ], [ 19.114534209595835, 57.934779112815676 ], [ 19.114534555214405, 57.934748348715374 ], [ 19.114525699357543, 57.934726684255544 ], [ 19.114483629499592, 57.934720467718414 ], [ 19.11439319643932, 57.934707143164189 ], [ 19.114334326178337, 57.934665258512936 ], [ 19.11426260672085, 57.934686431238255 ], [ 19.114155368911032, 57.934704459149593 ], [ 19.114070701633985, 57.93468763679563 ], [ 19.114041416688845, 57.934667787223077 ], [ 19.113958887352386, 57.934668467304405 ], [ 19.113816712987152, 57.934687706621602 ], [ 19.113707301487377, 57.934704704733996 ], [ 19.11360896014666, 57.934727901478517 ], [ 19.113506061225824, 57.934713917849542 ], [ 19.113399168265762, 57.934701170081453 ], [ 19.113285813538795, 57.934702919213343 ], [ 19.113208257615696, 57.934693547406034 ], [ 19.113109728708693, 57.934681606209622 ], [ 19.113047806305499, 57.934665088735095 ], [ 19.11302451165961, 57.934660412425238 ], [ 19.112979548550232, 57.934664172770979 ], [ 19.112902073470924, 57.934672365580305 ], [ 19.112774590146053, 57.934676813677299 ], [ 19.112619210168454, 57.934655869537259 ], [ 19.112557182582666, 57.934621785624039 ], [ 19.112491594140963, 57.934592214429614 ], [ 19.112481797296706, 57.934562900915033 ], [ 19.112495003783028, 57.934536082262035 ], [ 19.112441312497278, 57.934519280174669 ], [ 19.112378420539429, 57.934511588491553 ], [ 19.112299513305679, 57.934491278653198 ], [ 19.112273754305011, 57.93448339120161 ], [ 19.11224166658404, 57.934491094050379 ], [ 19.112244771168243, 57.934516251263837 ], [ 19.112242270423664, 57.934529515550949 ], [ 19.112238657790062, 57.934550512866437 ], [ 19.112261879917376, 57.93458813990113 ], [ 19.112276241401712, 57.934604120060747 ], [ 19.112269853071318, 57.934636197392713 ], [ 19.112254715553966, 57.93466417628629 ], [ 19.112198460235891, 57.934693597446085 ], [ 19.112159477881981, 57.934712529131495 ], [ 19.11215082723028, 57.934726010274851 ], [ 19.112169290959383, 57.934741842140198 ], [ 19.112205550980242, 57.934768039048286 ], [ 19.112219066612052, 57.934793930217928 ], [ 19.112222162240048, 57.934819081135679 ], [ 19.112208672260081, 57.934843715758106 ], [ 19.112176407277758, 57.934866809536231 ], [ 19.112148127459676, 57.934888661104715 ], [ 19.112149887584422, 57.934902874021788 ], [ 19.112199229316815, 57.93490115867818 ], [ 19.112267086270442, 57.93489878840672 ], [ 19.112331723639876, 57.934920702332029 ], [ 19.112377342971389, 57.934938881324356 ], [ 19.112428383905829, 57.934917337053292 ], [ 19.112495014133032, 57.934905122823395 ], [ 19.112566287447063, 57.93491362295331 ], [ 19.112598962265086, 57.934944333295114 ], [ 19.112612336515529, 57.934969131322305 ], [ 19.112687454191956, 57.934975302631912 ], [ 19.112751735068745, 57.934977456325406 ], [ 19.112798984574031, 57.934992280486618 ], [ 19.112824024611989, 57.935011181208807 ], [ 19.112840947785685, 57.935047932185917 ], [ 19.112892316889397, 57.935062614010469 ], [ 19.112957238418069, 57.935086713798484 ], [ 19.113004995396349, 57.935122392905534 ], [ 19.113012477887679, 57.935149586025915 ], [ 19.11304176267954, 57.935169435836968 ], [ 19.113096194164306, 57.935158751706119 ], [ 19.113152929242894, 57.935166660190383 ], [ 19.113214015159102, 57.93519308834189 ], [ 19.113288101856629, 57.935224550562694 ], [ 19.113326819666689, 57.935253958378851 ], [ 19.113359725224495, 57.935252812696376 ], [ 19.113420197563116, 57.935240815160995 ], [ 19.11349984670165, 57.935233647075684 ], [ 19.113591578198243, 57.935223858950927 ], [ 19.113640928250906, 57.935222140588365 ], [ 19.113695545124216, 57.935196073749168 ], [ 19.113711749326203, 57.93517683501932 ], [ 19.113666109962494, 57.935175131266533 ], [ 19.11360907238878, 57.935181513759758 ], [ 19.113530936383864, 57.935184235520161 ], [ 19.113469689584377, 57.935173191365038 ], [ 19.113458370539846, 57.935148324597712 ], [ 19.113432342992471, 57.935138244107478 ], [ 19.113372716167493, 57.935140328451396 ], [ 19.113307758586245, 57.935132704163124 ], [ 19.113256299620751, 57.935100453599816 ], [ 19.113220022051259, 57.935074257540094 ], [ 19.113198193788278, 57.935031083855037 ], [ 19.113193914735664, 57.934979615781657 ], [ 19.113219957955582, 57.934922686252058 ], [ 19.113278944506515, 57.93489866234934 ], [ 19.113355861170437, 57.934886096660563 ], [ 19.113442804955824, 57.934870986352081 ], [ 19.113530443218096, 57.934844863399626 ], [ 19.113587036371023, 57.934851680788242 ], [ 19.113632364472796, 57.934867673401072 ], [ 19.113729950513374, 57.934871956551142 ], [ 19.11375463301761, 57.93487109270729 ], [ 19.113809206601871, 57.934861510121614 ], [ 19.113871608160427, 57.934848345534284 ], [ 19.113951940030667, 57.934846639070962 ], [ 19.114043344275, 57.934851148740684 ], [ 19.114157622923447, 57.934873520362792 ], [ 19.11425496247918, 57.934926144596446 ], [ 19.114259030224314, 57.934942478061423 ], [ 19.114319741850611, 57.934949141837379 ], [ 19.114416181315121, 57.934977630585635 ], [ 19.11450819970478, 57.935020554544259 ], [ 19.11465348357957, 57.93509347232655 ], [ 19.114794140537047, 57.935145679480357 ], [ 19.114833578550432, 57.935164075622936 ], [ 19.114887849144193, 57.935168772378532 ], [ 19.114922809426737, 57.935167548680752 ], [ 19.114937224996396, 57.935150571945435 ], [ 19.114976224782968, 57.935115164680745 ], [ 19.11501837320932, 57.935088430234856 ], [ 19.115041704271423, 57.935076639647946 ], [ 19.11509407886528, 57.935066021347374 ], [ 19.115153580819076, 57.935062849134219 ], [ 19.115209097145836, 57.935060914815821 ], [ 19.115247056287792, 57.935067273216973 ] ] ] } },
{ "type": "Feature", "properties": { "seadsgm": "SW295208", "lake_id": 652, "lake_area_m2": 7461.3950177337974, "localisedc": "sjö", "origin": "natural", "surfaceare": 7461 }, "geometry": { "type": "Polygon", "coordinates": [ [ [ 18.161053146949754, 57.288801116888465 ], [ 18.161171410354125, 57.288751336421505 ], [ 18.161389852753924, 57.288811861991654 ], [ 18.161581046521416, 57.288687130987967 ], [ 18.161760554937338, 57.28848029599596 ], [ 18.161825560249998, 57.288383378191845 ], [ 18.161597110189252, 57.28834109156395 ], [ 18.161480124712533, 57.288301005313294 ], [ 18.161252505406981, 57.288411947271015 ], [ 18.161066010626396, 57.288503777773066 ], [ 18.160974030067575, 57.288542262208153 ], [ 18.160856683178508, 57.288560306395169 ], [ 18.160720707470613, 57.288608464945817 ], [ 18.160500934701812, 57.288616673417586 ], [ 18.160286248786075, 57.288761075042103 ], [ 18.160123711610407, 57.288858584340012 ], [ 18.159890384391211, 57.289033091145903 ], [ 18.159748357556214, 57.289161742213558 ], [ 18.159583662724593, 57.289257191702987 ], [ 18.159324510454685, 57.289323555675573 ], [ 18.159235854123597, 57.289376741862249 ], [ 18.159307558043047, 57.289495235793545 ], [ 18.159489707239143, 57.289687824100263 ], [ 18.159570220313672, 57.289651775459525 ], [ 18.159707647833454, 57.28955707543652 ], [ 18.159935186609388, 57.289403865429293 ], [ 18.160081803918008, 57.289323709537967 ], [ 18.160198840451098, 57.28932752477624 ], [ 18.160291283660541, 57.289330584777346 ], [ 18.160463476108376, 57.289417758169662 ], [ 18.160595393298692, 57.289429954844984 ], [ 18.160876837591168, 57.289227691192551 ], [ 18.161129973171644, 57.289035722633969 ], [ 18.161149305218618, 57.288971775006623 ], [ 18.161023684566402, 57.288861121267644 ], [ 18.161053146949754, 57.288801116888465 ] ], [ [ 18.160385992058075, 57.288969685546711 ], [ 18.160482674330751, 57.288898310300617 ], [ 18.160651043938625, 57.288841858142 ], [ 18.16077127367878, 57.288854374968501 ], [ 18.160815589251531, 57.288910212274111 ], [ 18.160713956467802, 57.288991240947006 ], [ 18.160554671113239, 57.289061180410265 ], [ 18.160405026043296, 57.289171021540369 ], [ 18.160315868035799, 57.289177714835624 ], [ 18.1603202784639, 57.289100444507874 ], [ 18.160385992058075, 57.288969685546711 ] ] ] } },
{ "type": "Feature", "properties": { "seadsgm": "SW296679", "lake_id": 684, "lake_area_m2": 8000.9586561918259, "localisedc": "sjö", "origin": "natural", "surfaceare": 8001 }, "geometry": { "type": "Polygon", "coordinates": [ [ [ 19.089833241604811, 57.937325262660728 ], [ 19.089808763150799, 57.937253519372838 ], [ 19.08983416774894, 57.937233978674243 ], [ 19.089898328145647, 57.937208901395657 ], [ 19.089972413393582, 57.937176812780038 ], [ 19.089981906513138, 57.937143477767499 ], [ 19.089975375989862, 57.937106810741447 ], [ 19.089973419302506, 57.937095868511257 ], [ 19.089987596616528, 57.937038508087326 ], [ 19.090035408723274, 57.936951390130822 ], [ 19.090104556049688, 57.936826193283217 ], [ 19.090137735334761, 57.936697453242289 ], [ 19.090136230275963, 57.936500357029935 ], [ 19.090119021886998, 57.936291143684684 ], [ 19.090047104367098, 57.936186462441405 ], [ 19.0899907160107, 57.936145622002051 ], [ 19.089932256673091, 57.936128990561535 ], [ 19.089855067786043, 57.93613099315219 ], [ 19.089764037059169, 57.936153665369254 ], [ 19.08970515395529, 57.936185847932457 ], [ 19.089682054476373, 57.936206124415357 ], [ 19.089606677968206, 57.936272297811861 ], [ 19.0895041420311, 57.936360794983159 ], [ 19.089397354356198, 57.936422046471961 ], [ 19.089273645894242, 57.936447523256099 ], [ 19.089202547567591, 57.936462198311553 ], [ 19.08914224178103, 57.93647465292041 ], [ 19.08908934816716, 57.936507101001673 ], [ 19.089094968889086, 57.936519194086067 ], [ 19.089204247050269, 57.936559878333128 ], [ 19.089271641542719, 57.936588127569735 ], [ 19.089267375610529, 57.936605465604217 ], [ 19.089206828773651, 57.936680956504247 ], [ 19.089215009763077, 57.936701320389481 ], [ 19.08926157393336, 57.936712155574732 ], [ 19.089342189777611, 57.936701672067571 ], [ 19.089441592105374, 57.936702615817211 ], [ 19.089493093734582, 57.936727877713139 ], [ 19.089543068039081, 57.93678139906158 ], [ 19.089553584335981, 57.936889288734861 ], [ 19.089507463591271, 57.936938001409089 ], [ 19.089436250637476, 57.937014867956229 ], [ 19.089414093531584, 57.937047118181653 ], [ 19.089317392845082, 57.937174686545582 ], [ 19.089329321075446, 57.93724584203531 ], [ 19.089318060666674, 57.937308961170103 ], [ 19.089272493592727, 57.937345148990282 ], [ 19.089244318035782, 57.937369211270664 ], [ 19.089195008602701, 57.93741131976671 ], [ 19.089156293947664, 57.937487371623256 ], [ 19.089167075412544, 57.937559115107213 ], [ 19.089203982216716, 57.937625465789289 ], [ 19.089265886526043, 57.937703987665543 ], [ 19.089332226576158, 57.937758759980618 ], [ 19.089360928976763, 57.937801133951901 ], [ 19.089342102639471, 57.937801029324959 ], [ 19.089296278951068, 57.937785474427415 ], [ 19.089177078510343, 57.937741208777929 ], [ 19.088941489019167, 57.937712210069108 ], [ 19.088926518739125, 57.937710371943567 ], [ 19.088872969122956, 57.937737078236815 ], [ 19.088832577223872, 57.937775077140678 ], [ 19.088826325694711, 57.937808035373337 ], [ 19.088850197748197, 57.937823011254331 ], [ 19.088956926336561, 57.937869255327811 ], [ 19.089036020216945, 57.937882783348769 ], [ 19.089167637469217, 57.93788124920048 ], [ 19.089321272376807, 57.937868917786169 ], [ 19.089653073278907, 57.937837479313963 ], [ 19.089757358497145, 57.93785784804377 ], [ 19.089907755236368, 57.937879556000148 ], [ 19.089974822475483, 57.937875199141565 ], [ 19.090094294554504, 57.937843079058901 ], [ 19.09017492929863, 57.937809266660118 ], [ 19.090212329465331, 57.937777192385376 ], [ 19.090226220419485, 57.937727898103468 ], [ 19.090237253639049, 57.937681997735908 ], [ 19.089788052644401, 57.937631921039788 ], [ 19.089812260536394, 57.937602671562679 ], [ 19.089873930559879, 57.937519647063347 ], [ 19.089871460588604, 57.937454928698564 ], [ 19.089847689857407, 57.937367661236131 ], [ 19.089833241604811, 57.937325262660728 ] ] ] } },
{ "type": "Feature", "properties": { "seadsgm": "SW294908", "lake_id": 698, "lake_area_m2": 7303.3878793120384, "localisedc": "sjö", "origin": "natural", "surfaceare": 7303 }, "geometry": { "type": "Polygon", "coordinates": [ [ [ 18.246872888910701, 57.581030099659955 ], [ 18.246869503834745, 57.581026133438229 ], [ 18.246835802383895, 57.580983746159653 ], [ 18.246786244293052, 57.580989056653181 ], [ 18.246598567344314, 57.581071052401846 ], [ 18.246531020157569, 57.581116645211814 ], [ 18.246400553439667, 57.581202734504515 ], [ 18.246050528351674, 57.581422496659215 ], [ 18.245867134370588, 57.581498223267964 ], [ 18.245722216885831, 57.581555693689836 ], [ 18.245626994978494, 57.581622134583128 ], [ 18.245533977006446, 57.581712759486493 ], [ 18.245469076330828, 57.581775973727744 ], [ 18.245413653490058, 57.581872007003049 ], [ 18.245334100509741, 57.582012145209021 ], [ 18.245279746990803, 57.582107898548863 ], [ 18.245236516348641, 57.582213577034338 ], [ 18.24523996457123, 57.582281615294569 ], [ 18.245252423086058, 57.58232431431572 ], [ 18.245270686453114, 57.582369616033098 ], [ 18.24531079344165, 57.58239512770237 ], [ 18.245377975002633, 57.582423145079275 ], [ 18.245474195763521, 57.582441328253765 ], [ 18.245638867144734, 57.582447485337603 ], [ 18.2457384879181, 57.582436977413643 ], [ 18.245824091679289, 57.582413875545143 ], [ 18.245899155282903, 57.582378867216754 ], [ 18.246002520951855, 57.582307608216816 ], [ 18.246072001127377, 57.582236274688519 ], [ 18.246183662158554, 57.582112054518511 ], [ 18.246379584209397, 57.58195986831263 ], [ 18.246463172367047, 57.58189996510341 ], [ 18.246517618602052, 57.581844245797562 ], [ 18.246612025388146, 57.581715785850818 ], [ 18.24661516979906, 57.581685521424205 ], [ 18.246596846703905, 57.581625632185769 ], [ 18.246607228218679, 57.581597905027635 ], [ 18.246634873848055, 57.581545778344889 ], [ 18.246716933808671, 57.581412746456593 ], [ 18.246783238907835, 57.581316281204145 ], [ 18.24682877013727, 57.581180376917374 ], [ 18.246814339157812, 57.581123084667183 ], [ 18.246848233349585, 57.58110420890479 ], [ 18.246898451233108, 57.581070736578795 ], [ 18.246892536670522, 57.581053062557743 ], [ 18.246872888910701, 57.581030099659955 ] ] ] } },
{ "type": "Feature", "properties": { "seadsgm": "SW294481", "lake_id": 701, "lake_area_m2": 8134.0664268136024, "localisedc": "sjö", "origin": "natural", "surfaceare": 8134 }, "geometry": { "type": "Polygon", "coordinates": [ [ [ 18.787192824317604, 57.571061231352594 ], [ 18.787165463512931, 57.571043899465543 ], [ 18.787095697114349, 57.571038207898113 ], [ 18.786903411192849, 57.571071752105404 ], [ 18.786504736447942, 57.571155196946158 ], [ 18.786357175434034, 57.571200122729252 ], [ 18.786310406837437, 57.571244071297315 ], [ 18.786302113362702, 57.571296413667959 ], [ 18.786339521429468, 57.571405828203353 ], [ 18.78653653132319, 57.571607013688713 ], [ 18.786558777285961, 57.571640692285364 ], [ 18.786603099009806, 57.571707747267261 ], [ 18.786621767306112, 57.571791495287947 ], [ 18.78677981086545, 57.572005782438161 ], [ 18.78684718720735, 57.572130073304251 ], [ 18.786908367738015, 57.572169631531622 ], [ 18.787066636424893, 57.572229606760729 ], [ 18.78711799416644, 57.572257285882337 ], [ 18.78716152005531, 57.572310070269587 ], [ 18.787382180324911, 57.572295047680953 ], [ 18.787461342956558, 57.572325379908058 ], [ 18.787508765155604, 57.572365260908832 ], [ 18.787524894850485, 57.572405956242896 ], [ 18.787559497927031, 57.57269953576472 ], [ 18.78768145034158, 57.572731478524304 ], [ 18.787739542849934, 57.57273606498503 ], [ 18.787831438760264, 57.572725636319269 ], [ 18.78797527769315, 57.572735460432867 ], [ 18.788321353501949, 57.572734742565046 ], [ 18.788321985560522, 57.572727936415603 ], [ 18.788331673662764, 57.572623987502389 ], [ 18.787821672666116, 57.572586415037939 ], [ 18.787742356340082, 57.572554063778824 ], [ 18.787699936952809, 57.572514050217038 ], [ 18.78767019436815, 57.572432586216777 ], [ 18.787671747962474, 57.572336199983198 ], [ 18.787773416829396, 57.572208963406204 ], [ 18.787769326661103, 57.572162568204817 ], [ 18.787685790356065, 57.572082484433864 ], [ 18.78753746509858, 57.572007421044098 ], [ 18.787511427100323, 57.571954184196443 ], [ 18.787530842055272, 57.571903828021391 ], [ 18.787570194589883, 57.57185229595995 ], [ 18.787588991730367, 57.571795215054976 ], [ 18.787579651213683, 57.57167484325592 ], [ 18.787549365927962, 57.571615649188963 ], [ 18.787447654156654, 57.571514460950695 ], [ 18.787277914319574, 57.571395462654429 ], [ 18.787250029572782, 57.571349680797603 ], [ 18.787217188574189, 57.571218444249297 ], [ 18.787240251358757, 57.571124200061789 ], [ 18.787227863415794, 57.571083412129525 ], [ 18.787192824317604, 57.571061231352594 ] ] ] } },
{ "type": "Feature", "properties": { "seadsgm": "SW294480", "lake_id": 705, "lake_area_m2": 695422.16054246202, "localisedc": "sjö", "origin": "natural", "surfaceare": 695422 }, "geometry": { "type": "Polygon", "coordinates": [ [ [ 19.227025557881664, 57.96234080268367 ], [ 19.227265900671156, 57.962292915525083 ], [ 19.227356276752253, 57.962189897991664 ], [ 19.227441572710891, 57.962033773207544 ], [ 19.227436994906192, 57.961927388315821 ], [ 19.22749123996417, 57.961795769799487 ], [ 19.227571623421802, 57.96170485501127 ], [ 19.227694278632629, 57.961658693016481 ], [ 19.227731879357783, 57.961620237722776 ], [ 19.227747781630647, 57.961584628154895 ], [ 19.227834648833355, 57.961522227743131 ], [ 19.2278884408972, 57.961485373753241 ], [ 19.227946099275247, 57.961447328333627 ], [ 19.227992441638278, 57.961397953304335 ], [ 19.228040457257471, 57.961380427753021 ], [ 19.228106257788415, 57.961326167222772 ], [ 19.228140232198882, 57.961291016074917 ], [ 19.228182957575481, 57.961244951526851 ], [ 19.228202475509789, 57.96120602917474 ], [ 19.228233275698848, 57.961143329012302 ], [ 19.228274325415292, 57.961117527769204 ], [ 19.228371214863234, 57.961089903796854 ], [ 19.228460236728015, 57.961080615314195 ], [ 19.22852795127179, 57.961060321280847 ], [ 19.228546754499206, 57.960997616692573 ], [ 19.228607320654085, 57.960929735810112 ], [ 19.228616617345807, 57.960919317957256 ], [ 19.228626326608591, 57.960864758679136 ], [ 19.228549582210825, 57.960789626878125 ], [ 19.228547869143217, 57.960788551057696 ], [ 19.228522030385971, 57.960772324096254 ], [ 19.228457918773795, 57.960709738142242 ], [ 19.228389764729201, 57.960631083909405 ], [ 19.228233507502058, 57.960522411874017 ], [ 19.228166079475738, 57.96047772432798 ], [ 19.228049578168132, 57.960368988069398 ], [ 19.22798652663888, 57.960320564995719 ], [ 19.227849286569715, 57.960193086831325 ], [ 19.227724109710596, 57.960105907221767 ], [ 19.227623672978456, 57.960056472141346 ], [ 19.227367682126467, 57.959887110512923 ], [ 19.227324023778877, 57.959802333433146 ], [ 19.22734229228573, 57.959681327394819 ], [ 19.227322896685795, 57.959651137323348 ], [ 19.227234341128366, 57.959600858404663 ], [ 19.227139665200063, 57.959550377077427 ], [ 19.227063821943553, 57.959545565351867 ], [ 19.226945493986566, 57.959526898532374 ], [ 19.226815822071249, 57.959485369831548 ], [ 19.226620066152748, 57.959360332986769 ], [ 19.226551257532314, 57.959296464518609 ], [ 19.22648749472587, 57.959215195420924 ], [ 19.226494694892178, 57.959103643126625 ], [ 19.226524320849201, 57.959022206457028 ], [ 19.226646915194536, 57.958942019061674 ], [ 19.226696483803167, 57.958933066230713 ], [ 19.226727921582192, 57.958919996759917 ], [ 19.226758303995656, 57.958892015362665 ], [ 19.226746744655578, 57.958869988467825 ], [ 19.22670167885428, 57.958786913506849 ], [ 19.226728941786462, 57.958610294291617 ], [ 19.22666528820481, 57.958507584658477 ], [ 19.226654270067549, 57.958459937846364 ], [ 19.226633890320432, 57.958414446991796 ], [ 19.226537116358681, 57.958284935172173 ], [ 19.226332947584677, 57.958167515561335 ], [ 19.226204564776804, 57.958125100345825 ], [ 19.226117656367698, 57.958096393911859 ], [ 19.226050648964833, 57.958077365709059 ], [ 19.225887177671773, 57.958018850701343 ], [ 19.22579107771303, 57.957996753382588 ], [ 19.225667436966354, 57.957964285722113 ], [ 19.225542163592831, 57.957924409747363 ], [ 19.225038338954317, 57.957763996616791 ], [ 19.224629341924324, 57.95764921852286 ], [ 19.224446455255556, 57.957603056604327 ], [ 19.224257816856944, 57.957557221970802 ], [ 19.224159991818514, 57.957565485512255 ], [ 19.2241492258857, 57.957573532473994 ], [ 19.224094115876706, 57.957615241348762 ], [ 19.223953893102301, 57.957597524466046 ], [ 19.223644904423988, 57.957508336682707 ], [ 19.223139510529879, 57.957317492634942 ], [ 19.223082720062585, 57.957264470216629 ], [ 19.222980427622353, 57.957192694888754 ], [ 19.222905494100029, 57.957156483272854 ], [ 19.222817490623942, 57.957113942073804 ], [ 19.22278466155824, 57.957084323467633 ], [ 19.222752148296951, 57.957035496812246 ], [ 19.222682271199755, 57.956996201219368 ], [ 19.2225499553021, 57.956953210754442 ], [ 19.222427930642567, 57.956940867422496 ], [ 19.222171816357427, 57.956915718904526 ], [ 19.221986393527612, 57.95692935138046 ], [ 19.221966753234341, 57.956935695420611 ], [ 19.221905173813731, 57.956962528771079 ], [ 19.221902071641349, 57.956990069224418 ], [ 19.221938712651188, 57.957013481886911 ], [ 19.221830535170323, 57.957022491966192 ], [ 19.221731792239183, 57.957009896116816 ], [ 19.221614721127107, 57.956985597368416 ], [ 19.221481047102753, 57.956967831266091 ], [ 19.221303542544319, 57.956911603982789 ], [ 19.221156104664765, 57.956869815380962 ], [ 19.221014389167692, 57.95682786485964 ], [ 19.220923088246625, 57.956833364377758 ], [ 19.220823263429523, 57.956869616525815 ], [ 19.220735098346356, 57.956847574377115 ], [ 19.220678936564287, 57.956800277899227 ], [ 19.220608810220554, 57.956786918442894 ], [ 19.22037668798411, 57.956759600769047 ], [ 19.220292278197554, 57.956777119436545 ], [ 19.220146066787887, 57.956808500270512 ], [ 19.220029346343264, 57.956848244522746 ], [ 19.219892310737297, 57.956915982740441 ], [ 19.21986562350531, 57.956932293407021 ], [ 19.219751320235282, 57.957002136451123 ], [ 19.219671472830285, 57.957007326737411 ], [ 19.219552716212846, 57.957025771556815 ], [ 19.219419400145732, 57.957072056246524 ], [ 19.219302678021322, 57.957111799851106 ], [ 19.219177605667152, 57.957124311226536 ], [ 19.21900676587525, 57.957138056125409 ], [ 19.218853393545082, 57.957154368571402 ], [ 19.218740351675422, 57.957172666577286 ], [ 19.218599284621281, 57.957197804015706 ], [ 19.218529795788086, 57.957251525614396 ], [ 19.218495803916976, 57.957316494002356 ], [ 19.218530788997366, 57.957382660811859 ], [ 19.218615556893148, 57.957429196279456 ], [ 19.218567280921231, 57.957525053743659 ], [ 19.218472588921447, 57.957555045229263 ], [ 19.21838563760231, 57.95760618116406 ], [ 19.218407725938999, 57.95765744321087 ], [ 19.218460164420527, 57.957726193721463 ], [ 19.218479855546299, 57.957794155394126 ], [ 19.218491804065145, 57.957801699432693 ], [ 19.218510786886103, 57.957841094787142 ], [ 19.218524143036802, 57.957871701918116 ], [ 19.218571249433332, 57.958091476108493 ], [ 19.218596049970042, 57.958170003975312 ], [ 19.218608646269256, 57.958202015130801 ], [ 19.218596470695918, 57.958257994582858 ], [ 19.218593534668077, 57.958308740247304 ], [ 19.21859410650152, 57.958318306813794 ], [ 19.218601797944675, 57.958446125926322 ], [ 19.218533306716434, 57.95849725216474 ], [ 19.218461972376488, 57.958557077029013 ], [ 19.218367496749455, 57.958619622703679 ], [ 19.218269296523573, 57.95868309343583 ], [ 19.218228831775363, 57.958735255282548 ], [ 19.218223177191728, 57.958794427594711 ], [ 19.218231386307853, 57.958878336988775 ], [ 19.218261755665562, 57.958924987756205 ], [ 19.218374299729618, 57.959028263103249 ], [ 19.218481333077971, 57.959170083542695 ], [ 19.218475384584529, 57.959306674714703 ], [ 19.218342484222326, 57.959393798181885 ], [ 19.218158493510831, 57.959438265713231 ], [ 19.218046335387655, 57.959424878809813 ], [ 19.217791312341141, 57.959354622188492 ], [ 19.21764547705887, 57.95935249937272 ], [ 19.217518205963994, 57.959372375455771 ], [ 19.217487801311837, 57.95939250410467 ], [ 19.217444176323056, 57.959447523819442 ], [ 19.217414845064916, 57.959572948214159 ], [ 19.217421336589137, 57.959643811928686 ], [ 19.217375778142848, 57.959766269232709 ], [ 19.21725461207674, 57.959844043954469 ], [ 19.217140203675815, 57.959867729594578 ], [ 19.217021250324873, 57.959887049970781 ], [ 19.216978182740235, 57.95991520657681 ], [ 19.216870037353097, 57.959985553472336 ], [ 19.216767461909967, 57.960043554353177 ], [ 19.216737895099069, 57.960078755628594 ], [ 19.216695923507082, 57.960133450071908 ], [ 19.21662808270613, 57.960179407292664 ], [ 19.216587918196929, 57.960188206183552 ], [ 19.216310278538078, 57.960201889735316 ], [ 19.216197735691033, 57.960189951994799 ], [ 19.216079076800504, 57.960180450117704 ], [ 19.216046619581576, 57.960186716111089 ], [ 19.216004266998901, 57.96019489370957 ], [ 19.215839008836362, 57.96023783760068 ], [ 19.215716979283219, 57.960277808762889 ], [ 19.215611357415124, 57.960326010316699 ], [ 19.215492490397097, 57.960401252314909 ], [ 19.2153743063303, 57.960537056329613 ], [ 19.215329453517104, 57.960602401908318 ], [ 19.215318486746796, 57.960683683427561 ], [ 19.215287600408576, 57.960919151126092 ], [ 19.215252497925711, 57.96104053135673 ], [ 19.215171422413309, 57.961181893534771 ], [ 19.215105215731239, 57.96123630315482 ], [ 19.214580428819659, 57.961581739802718 ], [ 19.214291336837036, 57.961761686389245 ], [ 19.21413963152968, 57.961912999991718 ], [ 19.214092683659363, 57.961969197895911 ], [ 19.213845447192572, 57.962177043996654 ], [ 19.213480628337461, 57.962401221120032 ], [ 19.213252664904967, 57.962632238574535 ], [ 19.213161208973276, 57.96276241519093 ], [ 19.213136165400666, 57.962891076966919 ], [ 19.213174676661321, 57.963083197918699 ], [ 19.213150229415191, 57.963174817239313 ], [ 19.213116272343797, 57.963345188482087 ], [ 19.213259651147531, 57.963446085939346 ], [ 19.213386113053399, 57.96345455007225 ], [ 19.213443840943953, 57.963458425750503 ], [ 19.213519008995313, 57.963448512228588 ], [ 19.213556577500903, 57.963439943275233 ], [ 19.213629279138551, 57.963438430290772 ], [ 19.213683224682406, 57.963456873387081 ], [ 19.21370365284999, 57.963491501104031 ], [ 19.213703544041302, 57.963557224731332 ], [ 19.213676328547443, 57.963598773336983 ], [ 19.213505297045465, 57.963766122264865 ], [ 19.213461496445838, 57.963862630103449 ], [ 19.213412089384136, 57.964033909422326 ], [ 19.213423201958999, 57.964100492265288 ], [ 19.213462969522048, 57.96414248071995 ], [ 19.213504859416098, 57.964179678402701 ], [ 19.213556514145683, 57.964267909028365 ], [ 19.213588132659495, 57.964316482179036 ], [ 19.213608696920019, 57.96436808317852 ], [ 19.213589218607378, 57.964403622734018 ], [ 19.213441397396601, 57.96459850982481 ], [ 19.213429751101643, 57.964613867463022 ], [ 19.213435944374513, 57.964659679517993 ], [ 19.213440775453194, 57.96474466273245 ], [ 19.213440878662283, 57.96474673624683 ], [ 19.213425901053544, 57.964800821043198 ], [ 19.213437298137151, 57.964850135643765 ], [ 19.213468520677708, 57.964898992017879 ], [ 19.213585279691124, 57.964986833552345 ], [ 19.213594780153493, 57.964994134397003 ], [ 19.213704681503206, 57.965054974894734 ], [ 19.213710221869473, 57.965066543492689 ], [ 19.213708162201954, 57.965108635866606 ], [ 19.213674359717071, 57.965230817548303 ], [ 19.21369487465374, 57.965284101931296 ], [ 19.21374804453653, 57.965360881006248 ], [ 19.213898869957365, 57.965552960038757 ], [ 19.213897539425211, 57.965598371957824 ], [ 19.213874835084265, 57.965611949492029 ], [ 19.213786769200308, 57.965618244946356 ], [ 19.213739323220437, 57.965608029976352 ], [ 19.213470346228764, 57.965542165859937 ], [ 19.213425565211445, 57.965532760283772 ], [ 19.213229478119125, 57.965557712595967 ], [ 19.213088920589065, 57.96559522858945 ], [ 19.213012764228353, 57.965635443864471 ], [ 19.21300231562758, 57.965677733373631 ], [ 19.212983289482072, 57.965754750479775 ], [ 19.212972875726049, 57.965823494555252 ], [ 19.212897416268607, 57.965901780669803 ], [ 19.212871787264795, 57.965917404669078 ], [ 19.212869826498885, 57.965978629665649 ], [ 19.212862874935212, 57.965987466698174 ], [ 19.212819398400313, 57.966043873702326 ], [ 19.212753827012055, 57.966111247096144 ], [ 19.212700024797144, 57.966188283080498 ], [ 19.212644547535099, 57.966247830415639 ], [ 19.212501070922446, 57.966428039974971 ], [ 19.212434781453457, 57.966524474622801 ], [ 19.212433483885025, 57.966526370675965 ], [ 19.212428232413764, 57.966531535287814 ], [ 19.212378021354969, 57.966637248061055 ], [ 19.21236187915779, 57.966646910346391 ], [ 19.212345103106774, 57.966677198382634 ], [ 19.212329742590253, 57.966924674900874 ], [ 19.212367839565594, 57.967011008880469 ], [ 19.212398064707223, 57.967039557351271 ], [ 19.212549913915286, 57.967123824933346 ], [ 19.212609650779527, 57.967175548936595 ], [ 19.212614062249905, 57.967184753167743 ], [ 19.21269628229059, 57.967320927284781 ], [ 19.212710413982467, 57.967365738249015 ], [ 19.212744416221568, 57.967403079414701 ], [ 19.21281943641219, 57.967485428306865 ], [ 19.212937232119934, 57.967553272515907 ], [ 19.213000599816244, 57.967634405288429 ], [ 19.213105591240645, 57.967684833670475 ], [ 19.213282720137421, 57.967674171344285 ], [ 19.213400962171189, 57.967629582150224 ], [ 19.213509223241488, 57.967597094157853 ], [ 19.213624180203908, 57.967635427902849 ], [ 19.213675809139698, 57.967592627793429 ], [ 19.213754103931745, 57.967596448746235 ], [ 19.213812427830248, 57.967624459464346 ], [ 19.213947388195486, 57.96763859544469 ], [ 19.21410397623826, 57.967646221654789 ], [ 19.214305131895461, 57.967736062787012 ], [ 19.214351246360142, 57.967791158252723 ], [ 19.214359989824604, 57.967801219775694 ], [ 19.214362548005923, 57.967833454771743 ], [ 19.214333546231149, 57.967913670573452 ], [ 19.214333624962926, 57.967961013860283 ], [ 19.214354785964964, 57.968013585149073 ], [ 19.214421544517709, 57.968144192233076 ], [ 19.214443007352831, 57.968185341295829 ], [ 19.214473201418748, 57.968224005011479 ], [ 19.214558720586563, 57.96821384624814 ], [ 19.214629162444421, 57.968135042957243 ], [ 19.214762456507973, 57.968131471854988 ], [ 19.214887412024517, 57.968157691531218 ], [ 19.214951795903641, 57.96813229926007 ], [ 19.21500016006971, 57.968172429959232 ], [ 19.215104040209024, 57.968211048955737 ], [ 19.21521340163282, 57.968190376476379 ], [ 19.215487671727846, 57.968147509549929 ], [ 19.215582019633423, 57.968085807401089 ], [ 19.215617471638222, 57.967990197396773 ], [ 19.215689041711013, 57.967923189736254 ], [ 19.215782257420173, 57.967849689078633 ], [ 19.215931569364809, 57.967780604619747 ], [ 19.215957030022057, 57.967697078798288 ], [ 19.215904197622965, 57.967609750892798 ], [ 19.215854174781242, 57.967551933783014 ], [ 19.215749724138064, 57.967507399932003 ], [ 19.215786289724804, 57.967423586617798 ], [ 19.21582231022499, 57.967333874519596 ], [ 19.21586775588197, 57.967226151494593 ], [ 19.215892639785647, 57.967136738937256 ], [ 19.215988100012915, 57.967086841999702 ], [ 19.216134144885466, 57.96710066899518 ], [ 19.216239031053711, 57.967032771873399 ], [ 19.216285021131529, 57.966930956236773 ], [ 19.216307127930929, 57.966812038268074 ], [ 19.216436465682101, 57.96676714126562 ], [ 19.2164807529653, 57.96664762269139 ], [ 19.216560075393001, 57.966544906219475 ], [ 19.216656079459, 57.966500918514278 ], [ 19.216768259081942, 57.966509737527524 ], [ 19.216867649507307, 57.966501147203211 ], [ 19.216959736095738, 57.966415849304362 ], [ 19.21702132276075, 57.966360953449318 ], [ 19.217163992162195, 57.966339361538623 ], [ 19.217126766692278, 57.966298953859365 ], [ 19.217009538280614, 57.966237020271969 ], [ 19.216865173012291, 57.966240889181208 ], [ 19.216916201369983, 57.966192188507904 ], [ 19.216955019734126, 57.966131987194572 ], [ 19.216970489948078, 57.966060565220154 ], [ 19.217076495699672, 57.966004472649566 ], [ 19.217236346082949, 57.965929180965489 ], [ 19.217361738487135, 57.965842982683988 ], [ 19.217481663726435, 57.965816095143914 ], [ 19.21756444236604, 57.965867121684219 ], [ 19.21761615168878, 57.96594264371425 ], [ 19.217642854573011, 57.965989265031311 ], [ 19.217606302631644, 57.966073076358413 ], [ 19.217552449430563, 57.966092275817616 ], [ 19.217490985489885, 57.966265505413659 ], [ 19.217417744067834, 57.9663148081519 ], [ 19.217364580034847, 57.966458228048502 ], [ 19.217308035380636, 57.966566239201924 ], [ 19.217365928760724, 57.966706689843164 ], [ 19.21744210161981, 57.966805220457623 ], [ 19.217531057162621, 57.966921167019613 ], [ 19.217577294076005, 57.967056006723816 ], [ 19.217456940081462, 57.967195320377705 ], [ 19.217368217720214, 57.967316036652733 ], [ 19.217388288817425, 57.967410162850477 ], [ 19.217492153760581, 57.967448789186825 ], [ 19.217613216835037, 57.967433706367466 ], [ 19.217759695901403, 57.967335107420404 ], [ 19.217867951203619, 57.967302609212922 ], [ 19.217947378674541, 57.967318234673591 ], [ 19.217966897780283, 57.967406462272457 ], [ 19.217929220808177, 57.967478468511615 ], [ 19.217935958046365, 57.967549286721173 ], [ 19.218039823968702, 57.967587912596095 ], [ 19.218159737983857, 57.967561024898977 ], [ 19.218265737926565, 57.967504931585459 ], [ 19.218233989818291, 57.967405195357443 ], [ 19.218258884108902, 57.967315779679268 ], [ 19.218370514075325, 57.967318707500382 ], [ 19.218402261444801, 57.967418434943511 ], [ 19.218442864072273, 57.967494262092941 ], [ 19.218556725495709, 57.967520783132557 ], [ 19.218799371756674, 57.967496514931632 ], [ 19.218966937298728, 57.967385507374381 ], [ 19.219053976617065, 57.967247092969075 ], [ 19.219178823561169, 57.96715499414934 ], [ 19.219247019552093, 57.967052575390959 ], [ 19.219274168397476, 57.966986763031429 ], [ 19.219371865337457, 57.966960476394583 ], [ 19.219455099965238, 57.966899068069367 ], [ 19.21971937666385, 57.966868296123728 ], [ 19.220042978023528, 57.966759025087185 ], [ 19.220221101987612, 57.966641818110638 ], [ 19.220336519658019, 57.966567718488761 ], [ 19.220412571441589, 57.966547933538493 ], [ 19.2203981013289, 57.966512821060682 ], [ 19.220470785068073, 57.966457618180371 ], [ 19.220556796756853, 57.966425720937977 ], [ 19.22070778817011, 57.966374325367752 ], [ 19.22080380276104, 57.966330331863652 ], [ 19.220887580242593, 57.96627483013723 ], [ 19.220993588565609, 57.966218734095762 ], [ 19.221122902693569, 57.966173841716014 ], [ 19.221204999535551, 57.966100633998764 ], [ 19.221334891692344, 57.966061639057941 ], [ 19.221374256739427, 57.966007337144696 ], [ 19.221551390845683, 57.965996662875064 ], [ 19.221723434597202, 57.965932866099166 ], [ 19.221864420171297, 57.965893571933123 ], [ 19.221989270649232, 57.965801461195483 ], [ 19.222095805299304, 57.965751263555191 ], [ 19.222134749873625, 57.965809383140929 ], [ 19.222228092113255, 57.965854210999439 ], [ 19.222349114714632, 57.965839124853019 ], [ 19.222354042949206, 57.965773908047268 ], [ 19.22239507773844, 57.965737307508412 ], [ 19.222495589628, 57.965740511383331 ], [ 19.222644378432857, 57.965724690211609 ], [ 19.222730410053611, 57.965692781973118 ], [ 19.222714812079186, 57.965645864664133 ], [ 19.222623167738124, 57.965618751127359 ], [ 19.222652528652326, 57.965576551647203 ], [ 19.222784115048803, 57.965555267042696 ], [ 19.222868466868803, 57.965505663891115 ], [ 19.222977250494704, 57.965479067018506 ], [ 19.223082681379392, 57.965417062644065 ], [ 19.223153679112873, 57.965344161296215 ], [ 19.223147486509141, 57.9652792419297 ], [ 19.22303364424539, 57.965252713468885 ], [ 19.223092388132521, 57.965168304760276 ], [ 19.223225645240863, 57.96516472574892 ], [ 19.223264010899751, 57.965216938595134 ], [ 19.223338939958289, 57.965185344376494 ], [ 19.223427205862965, 57.965177048641479 ], [ 19.223542760662838, 57.965221270466017 ], [ 19.223608275756487, 57.965207678504321 ], [ 19.223559343910775, 57.965161655150624 ], [ 19.223555411327663, 57.965120345751302 ], [ 19.223562017940459, 57.965072832483116 ], [ 19.223648603885568, 57.965046841786602 ], [ 19.223696259675673, 57.96496272922036 ], [ 19.223725643504718, 57.964920528690776 ], [ 19.223894957696238, 57.964886377744243 ], [ 19.224004881756301, 57.964871586765135 ], [ 19.224152467677577, 57.964784787792944 ], [ 19.224278427962126, 57.964704491226854 ], [ 19.224359943057369, 57.964625374935899 ], [ 19.224437684883558, 57.964623281902412 ], [ 19.224530446523694, 57.964662201703504 ], [ 19.224606491885627, 57.96464241431967 ], [ 19.224715279795241, 57.964615815732344 ], [ 19.224841799989441, 57.964541408054259 ], [ 19.224881149626142, 57.964487103221977 ], [ 19.224807213181535, 57.964412172119694 ], [ 19.224747759670478, 57.964372361392449 ], [ 19.22476603819522, 57.964330448935527 ], [ 19.224836587040219, 57.964369971627058 ], [ 19.224905453522716, 57.964391779807166 ], [ 19.225050943965169, 57.964399697931022 ], [ 19.225243668675763, 57.964435929058688 ], [ 19.225359207780276, 57.964480158531565 ], [ 19.225450851149944, 57.964507270108207 ], [ 19.225674775419485, 57.964516930495392 ], [ 19.225791229600066, 57.964515848888112 ], [ 19.225876122331957, 57.96447215127931 ], [ 19.225853786768418, 57.964380997248426 ], [ 19.225817008327059, 57.964260746057811 ], [ 19.225810827645553, 57.964195826325323 ], [ 19.225762475919048, 57.964155718947161 ], [ 19.225821226818812, 57.964071297589641 ], [ 19.2259326900434, 57.963955888190149 ], [ 19.22600309765491, 57.963877070237352 ], [ 19.226078005021428, 57.963845475013244 ], [ 19.226155745010541, 57.963843380950976 ], [ 19.226182862491964, 57.963777567834342 ], [ 19.226161072590784, 57.963665740296257 ], [ 19.22611931473654, 57.963578109022301 ], [ 19.226060988469875, 57.963550106170018 ], [ 19.226044815754754, 57.963497289225515 ], [ 19.22612088042645, 57.963477482657659 ], [ 19.226220236246586, 57.963468894718154 ], [ 19.226246798580675, 57.963397183152793 ], [ 19.226175671758114, 57.963351772367503 ], [ 19.226123947785037, 57.963276247425512 ], [ 19.226086133923619, 57.963229925149584 ], [ 19.226147701169396, 57.963175025100902 ], [ 19.226247079805777, 57.963166427581399 ], [ 19.226298645846999, 57.963123621780518 ], [ 19.226218687076592, 57.963102111224423 ], [ 19.226105372768313, 57.963081495919198 ], [ 19.226032025513753, 57.96301247160406 ], [ 19.226045787652776, 57.962923354255501 ], [ 19.226116193863568, 57.962844542820946 ], [ 19.22626095635658, 57.962728222026158 ], [ 19.226422464015783, 57.962670633363437 ], [ 19.226581707139939, 57.96258942151136 ], [ 19.22672391373953, 57.962531621024233 ], [ 19.226753187184492, 57.962519719240873 ], [ 19.226945734771775, 57.962437615315615 ], [ 19.227025557881664, 57.96234080268367 ] ], [ [ 19.226838235827262, 57.961718692941488 ], [ 19.226801137324863, 57.961796602172811 ], [ 19.226884482478713, 57.961853520770148 ], [ 19.226777949583003, 57.961903722761114 ], [ 19.226694174835266, 57.961959228698554 ], [ 19.226657627680716, 57.961969275951283 ], [ 19.226574842211519, 57.961992033516694 ], [ 19.226449335041991, 57.961959907308533 ], [ 19.22634546152851, 57.961921297488544 ], [ 19.226177221567159, 57.961908067848768 ], [ 19.226011783276917, 57.961924357793492 ], [ 19.225855781322828, 57.961922644137395 ], [ 19.225621487836939, 57.961917116828801 ], [ 19.225485418350306, 57.961891187939244 ], [ 19.225316609809276, 57.961872076752542 ], [ 19.225251133325234, 57.961885659669925 ], [ 19.225323923132724, 57.961948794797706 ], [ 19.225319579790458, 57.962019909293375 ], [ 19.225234675828823, 57.962063609210681 ], [ 19.225160890773537, 57.962107018017775 ], [ 19.225031587057039, 57.962151905800731 ], [ 19.224912814967158, 57.962190607256844 ], [ 19.224819632194915, 57.962264112043592 ], [ 19.224658687678001, 57.962327607789319 ], [ 19.224539375552659, 57.962360401163785 ], [ 19.224386153442534, 57.962388188634954 ], [ 19.224219593925309, 57.962392670907832 ], [ 19.224146361365378, 57.962441977599944 ], [ 19.223996549513263, 57.962505172265686 ], [ 19.22389603736406, 57.962501960987765 ], [ 19.223848251676145, 57.962467742247362 ], [ 19.223907568426696, 57.962389230850754 ], [ 19.224039697060228, 57.962373845738853 ], [ 19.224137932335353, 57.962353454082141 ], [ 19.224120662486577, 57.962288839663572 ], [ 19.224101115191122, 57.962200613666646 ], [ 19.224241950237438, 57.962042996657246 ], [ 19.224462199768691, 57.961900981336882 ], [ 19.224668675403539, 57.961848094114281 ], [ 19.2249062114692, 57.96177070933981 ], [ 19.225294276391228, 57.961754339337539 ], [ 19.225625127300049, 57.961721761937262 ], [ 19.225850571683651, 57.961751198736273 ], [ 19.225978893519237, 57.961812827320713 ], [ 19.226111582000296, 57.961803338257191 ], [ 19.226130413502108, 57.961767332816486 ], [ 19.226341400205918, 57.961761647644252 ], [ 19.226415738906574, 57.961724145362702 ], [ 19.226453409670444, 57.961652136309887 ], [ 19.226616442428142, 57.96161986567239 ], [ 19.226660982182089, 57.961611043051064 ], [ 19.226830919596239, 57.961641977209901 ], [ 19.226838235827262, 57.961718692941488 ] ] ] } },
{ "type": "Feature", "properties": { "seadsgm": "SW296679", "lake_id": 713, "lake_area_m2": 27092.299405228347, "localisedc": "sjö", "origin": "natural", "surfaceare": 27092 }, "geometry": { "type": "Polygon", "coordinates": [ [ [ 19.097386399669276, 57.929427938629566 ], [ 19.097468609050633, 57.929382902411305 ], [ 19.097668543877699, 57.92926340437343 ], [ 19.097673321015801, 57.929256084437014 ], [ 19.097715061860459, 57.929192168614776 ], [ 19.097726041551631, 57.929127096962112 ], [ 19.09771168531336, 57.929045991945706 ], [ 19.097679031123185, 57.928992878169197 ], [ 19.097672362103701, 57.928982823644461 ], [ 19.097583864877521, 57.928849863405915 ], [ 19.097561661468617, 57.928778680170041 ], [ 19.097511097097833, 57.928680138761834 ], [ 19.097301580581743, 57.928339725899285 ], [ 19.097199623465858, 57.928317929713977 ], [ 19.097119664816489, 57.928289866640121 ], [ 19.097057384192642, 57.928291598917575 ], [ 19.096985956573693, 57.928286873590935 ], [ 19.096900418472465, 57.928259385708365 ], [ 19.096806075262656, 57.928300053840815 ], [ 19.096713843751495, 57.928324146801884 ], [ 19.096624454170293, 57.928320629094664 ], [ 19.096547759341796, 57.928302361363912 ], [ 19.096505368736, 57.928328034831999 ], [ 19.096504526142233, 57.928372087788318 ], [ 19.096456563550252, 57.928419964987405 ], [ 19.096380357930737, 57.92845670366561 ], [ 19.096292567313583, 57.928466336990063 ], [ 19.096295253525149, 57.928522370251571 ], [ 19.096232689137185, 57.928586156534173 ], [ 19.096188643111667, 57.928615193930433 ], [ 19.096079926846112, 57.928639853714827 ], [ 19.095958833419957, 57.928630823417073 ], [ 19.095855677019863, 57.928599163795134 ], [ 19.095789129045261, 57.928545325950353 ], [ 19.09574621458497, 57.928495717432831 ], [ 19.095786320169612, 57.928417297651059 ], [ 19.095747421478791, 57.928352604718739 ], [ 19.095759098940484, 57.928312579580435 ], [ 19.095809166192922, 57.928248125618467 ], [ 19.095850482761204, 57.928213683670933 ], [ 19.095918943706863, 57.928198119292638 ], [ 19.09597541022011, 57.928152145577592 ], [ 19.096010346357648, 57.92813332975129 ], [ 19.096015127619488, 57.928104554497999 ], [ 19.096119126537861, 57.928092167609393 ], [ 19.096196817639402, 57.928101593444339 ], [ 19.096292639412212, 57.928107094750587 ], [ 19.09640229925461, 57.928124219307357 ], [ 19.096461257921245, 57.928115580423544 ], [ 19.096465579333803, 57.928082053865886 ], [ 19.096415381702087, 57.92802655565508 ], [ 19.09622196637179, 57.927986848954809 ], [ 19.096020729142012, 57.927965174695942 ], [ 19.095931295933738, 57.927942308028186 ], [ 19.09578918702725, 57.927913552360636 ], [ 19.095615717232302, 57.927903189508847 ], [ 19.095530321595373, 57.927893070212114 ], [ 19.095384492469151, 57.927935102786492 ], [ 19.0952740412799, 57.927951049646651 ], [ 19.095028340567151, 57.928048686524676 ], [ 19.094793780577394, 57.928130038230989 ], [ 19.094744374750782, 57.928164479627725 ], [ 19.094728577537055, 57.928222163148185 ], [ 19.094678108916323, 57.928253510428618 ], [ 19.094634094594216, 57.928258078981692 ], [ 19.094475463702778, 57.928272837932433 ], [ 19.094457654070066, 57.928292753751037 ], [ 19.094413858239477, 57.928356133197099 ], [ 19.094312506346178, 57.928439883348446 ], [ 19.094325156396884, 57.928455859099962 ], [ 19.09441773490018, 57.928521509523627 ], [ 19.094429112185026, 57.928572937455911 ], [ 19.094408982201561, 57.928717200746433 ], [ 19.094407414258537, 57.928777570987016 ], [ 19.094379789525224, 57.928823315763623 ], [ 19.094298226620374, 57.928921022036747 ], [ 19.094314840711508, 57.928942011405915 ], [ 19.094354651941412, 57.928949071306207 ], [ 19.094420107898411, 57.928950421184759 ], [ 19.094501756359918, 57.928939964361341 ], [ 19.094580464531557, 57.928931589167995 ], [ 19.094775243214979, 57.928935454734372 ], [ 19.094829282651975, 57.92895886297331 ], [ 19.094870098996715, 57.928997316827193 ], [ 19.094901440571356, 57.929059367003624 ], [ 19.09490995775619, 57.929117262531463 ], [ 19.094920131725544, 57.929156393552311 ], [ 19.0949711735514, 57.929357895923566 ], [ 19.09506522344002, 57.929479260550721 ], [ 19.095174359309045, 57.929571872983352 ], [ 19.09536492322146, 57.929742536583348 ], [ 19.095390751563411, 57.929847271143522 ], [ 19.09542028816016, 57.929899632085963 ], [ 19.095454513148315, 57.929926015497621 ], [ 19.095541168055643, 57.929958638430662 ], [ 19.095659203703523, 57.929969260757105 ], [ 19.09581178335085, 57.929957033854386 ], [ 19.096046559266462, 57.929899559003644 ], [ 19.096151769927005, 57.92987184678698 ], [ 19.09628903013127, 57.92984211189804 ], [ 19.096561185240692, 57.92976408600606 ], [ 19.096844443143016, 57.929664092087187 ], [ 19.096974464909657, 57.929645147632179 ], [ 19.097167729057045, 57.929608576053809 ], [ 19.097172661605399, 57.929605582567774 ], [ 19.097246360691411, 57.929560823506229 ], [ 19.097386399669276, 57.929427938629566 ] ], [ [ 19.096249485525821, 57.928744973252357 ], [ 19.09626446938287, 57.928664117392699 ], [ 19.09632498726787, 57.928600405948245 ], [ 19.096395534878756, 57.928568256067926 ], [ 19.096472491620592, 57.928554594908697 ], [ 19.096536353767668, 57.928552396943758 ], [ 19.096563201801764, 57.928534957344787 ], [ 19.096640882024971, 57.928510276162307 ], [ 19.096745139641122, 57.928500075787014 ], [ 19.096825036761977, 57.928510525514206 ], [ 19.096926340678461, 57.928560955233053 ], [ 19.096955593576663, 57.928597364734713 ], [ 19.096982679232003, 57.92866686243476 ], [ 19.096984111515468, 57.928729546422105 ], [ 19.096953045690192, 57.928814258623895 ], [ 19.096873190658059, 57.92887203940893 ], [ 19.096774908603901, 57.928897440797222 ], [ 19.096767268714466, 57.928885602014468 ], [ 19.096663070644425, 57.928913407252331 ], [ 19.096542917830156, 57.928912052836182 ], [ 19.096490982374302, 57.928876421670296 ], [ 19.096384114143625, 57.928848192897867 ], [ 19.096300170047467, 57.928821373209892 ], [ 19.096288184146566, 57.928790970243675 ], [ 19.096249485525821, 57.928744973252357 ] ] ] } },
{ "type": "Feature", "properties": { "seadsgm": "SW293863", "lake_id": 716, "lake_area_m2": 1010.210921227932, "localisedc": "sjö", "origin": "natural", "surfaceare": 1010 }, "geometry": { "type": "Polygon", "coordinates": [ [ [ 18.323281522179474, 57.428805322366749 ], [ 18.323117048653494, 57.428773013171551 ], [ 18.323071831793758, 57.428777882635615 ], [ 18.323012983147962, 57.428827853917468 ], [ 18.323007590358586, 57.428858198832508 ], [ 18.323276294988929, 57.428937142910705 ], [ 18.32343604174109, 57.428987212780065 ], [ 18.323565366652847, 57.429073375274093 ], [ 18.323683420144654, 57.4291153937993 ], [ 18.323866903469654, 57.429092176494819 ], [ 18.324033361757323, 57.429025899723136 ], [ 18.324025325110121, 57.42897795717478 ], [ 18.32386842834379, 57.42893419480626 ], [ 18.323559574929867, 57.428869356729201 ], [ 18.323365957974687, 57.428818537282027 ], [ 18.323281522179474, 57.428805322366749 ] ] ] } },
{ "type": "Feature", "properties": { "seadsgm": "SW294833", "lake_id": 723, "lake_area_m2": 562.99092704057693, "localisedc": "sjö", "origin": "natural", "surfaceare": 563 }, "geometry": { "type": "Polygon", "coordinates": [ [ [ 18.799377097000484, 57.667953975951967 ], [ 18.79939963769263, 57.667941403110817 ], [ 18.799380427434059, 57.667897998170616 ], [ 18.799327989467084, 57.667871980707233 ], [ 18.799039753057929, 57.667782628622142 ], [ 18.798952120982744, 57.667776263566545 ], [ 18.798868433260438, 57.667791842483638 ], [ 18.798848668015506, 57.667800016284268 ], [ 18.798802950472517, 57.667818931531983 ], [ 18.798759422487858, 57.667857508002051 ], [ 18.798795397192496, 57.667902740178199 ], [ 18.798880752099787, 57.667964583886473 ], [ 18.798925870068064, 57.66797389983644 ], [ 18.799009823525179, 57.667973687149427 ], [ 18.799108567021232, 57.667957376698169 ], [ 18.799211386107888, 57.667951587507638 ], [ 18.799302612141997, 57.667957844328313 ], [ 18.799357497537294, 57.667964906242723 ], [ 18.799377097000484, 57.667953975951967 ] ] ] } },
{ "type": "Feature", "properties": { "seadsgm": "SW295051", "lake_id": 731, "lake_area_m2": 7767.6416551489383, "localisedc": "sjö", "origin": "natural", "surfaceare": 7768 }, "geometry": { "type": "Polygon", "coordinates": [ [ [ 18.741820164970015, 57.714180677190051 ], [ 18.741696032692161, 57.714168482455989 ], [ 18.741572904264576, 57.714142420648116 ], [ 18.741457190979265, 57.714118736017603 ], [ 18.741298642931131, 57.714132463541929 ], [ 18.741169834897825, 57.714165610359224 ], [ 18.741038589319853, 57.71416864796867 ], [ 18.740941202909916, 57.714125675451442 ], [ 18.740741488325568, 57.714095126596057 ], [ 18.740563788393068, 57.714104268063664 ], [ 18.740388904286192, 57.714148540288278 ], [ 18.740328984456088, 57.714220295565489 ], [ 18.740210778878346, 57.714268268861908 ], [ 18.74009705667001, 57.7142558371051 ], [ 18.739972737087641, 57.714228557835305 ], [ 18.739816624217156, 57.71427239262551 ], [ 18.739727342577375, 57.714329749726915 ], [ 18.739681506685326, 57.714392933770952 ], [ 18.739740342410943, 57.714490289050318 ], [ 18.739824272444917, 57.714598932956086 ], [ 18.739959986047825, 57.714651065173541 ], [ 18.740092870687292, 57.714668092971351 ], [ 18.740194756371888, 57.714650649762881 ], [ 18.740245735132941, 57.71458413067554 ], [ 18.740342748784652, 57.714506486658117 ], [ 18.740454035910687, 57.714488817841769 ], [ 18.740577945502718, 57.714511082249409 ], [ 18.740710409554577, 57.714523086516834 ], [ 18.740846548139043, 57.714464638953174 ], [ 18.741038132068379, 57.71439484914611 ], [ 18.741164085021971, 57.714326588002407 ], [ 18.741291692576983, 57.714278399295033 ], [ 18.741413138634567, 57.714270543601437 ], [ 18.741554585588652, 57.714277318322175 ], [ 18.741829519511811, 57.714296076680462 ], [ 18.742007003110029, 57.714296981952046 ], [ 18.742224233685047, 57.714312051610897 ], [ 18.7424435141468, 57.714352197335444 ], [ 18.742691712504261, 57.714401726502309 ], [ 18.742952552152893, 57.714491178989498 ], [ 18.743213408301962, 57.714580619496921 ], [ 18.743519469633512, 57.714648915857722 ], [ 18.743765239983247, 57.714668333630257 ], [ 18.743970688591105, 57.714653513034548 ], [ 18.744070553853252, 57.714610987168051 ], [ 18.744137816998681, 57.714513919362837 ], [ 18.744101565621271, 57.714414233459387 ], [ 18.743953617149302, 57.714327196398663 ], [ 18.74368502987959, 57.714258035398636 ], [ 18.743351216980091, 57.714195416305586 ], [ 18.743076927685912, 57.71417162660935 ], [ 18.742891069461077, 57.714196044170727 ], [ 18.74272639743068, 57.714250131966985 ], [ 18.742520975271624, 57.714264951983644 ], [ 18.742339190772427, 57.714223929454349 ], [ 18.742196541590541, 57.714202104980068 ], [ 18.74193325323369, 57.714198163676322 ], [ 18.741820164970015, 57.714180677190051 ] ] ] } },
{ "type": "Feature", "properties": { "seadsgm": "SW296373", "lake_id": 734, "lake_area_m2": 31590.113700439804, "localisedc": "sjö", "origin": "natural", "surfaceare": 31590 }, "geometry": { "type": "Polygon", "coordinates": [ [ [ 18.781231430905727, 57.535844381534211 ], [ 18.781251934075648, 57.535890574399872 ], [ 18.78122712282104, 57.535918956668354 ], [ 18.781144897323831, 57.535907540935298 ], [ 18.781044474915014, 57.535892408016302 ], [ 18.780853588659539, 57.535882057747827 ], [ 18.780513306277943, 57.53591968219893 ], [ 18.7803852780564, 57.535963855438524 ], [ 18.780303945808431, 57.536000271553121 ], [ 18.780225530558123, 57.536046166282524 ], [ 18.780203087118078, 57.536097872427469 ], [ 18.780244060659978, 57.536150903969073 ], [ 18.780274959501771, 57.536202108341271 ], [ 18.780249362327854, 57.536242211505929 ], [ 18.780166648432253, 57.536245696753802 ], [ 18.780072128842541, 57.536191043787966 ], [ 18.779901150238352, 57.536123745500603 ], [ 18.779749834818293, 57.536094152759873 ], [ 18.779622506614967, 57.536067041190961 ], [ 18.779540021389295, 57.536072650593589 ], [ 18.779505784140863, 57.536105558128533 ], [ 18.779550045110991, 57.53615211903896 ], [ 18.779646158758169, 57.536183331710752 ], [ 18.779686911376377, 57.536234238627948 ], [ 18.779689679768754, 57.536280954578913 ], [ 18.779742413503186, 57.536371926767224 ], [ 18.779776074430945, 57.536411350909468 ], [ 18.779888234280332, 57.536464426016799 ], [ 18.780048913632228, 57.536469282582416 ], [ 18.780195187256464, 57.536449037763504 ], [ 18.780349063822108, 57.536464733031721 ], [ 18.780491943891487, 57.536547744877261 ], [ 18.780589996875857, 57.536598039750032 ], [ 18.780698188672091, 57.536611877678141 ], [ 18.780846792713351, 57.536634107141317 ], [ 18.781047475967249, 57.536682458950601 ], [ 18.781362566854032, 57.53676679408921 ], [ 18.781560889533772, 57.536850306355831 ], [ 18.78189742936414, 57.536951028483749 ], [ 18.782129620815425, 57.537017592150335 ], [ 18.782265428998343, 57.537030626704087 ], [ 18.782384411717821, 57.537014372102021 ], [ 18.782526315625915, 57.536990001622634 ], [ 18.782592337959052, 57.536939145403721 ], [ 18.782692236451553, 57.536890484222468 ], [ 18.782800068474078, 57.536861803775572 ], [ 18.782879360592428, 57.536863722784027 ], [ 18.783055600596423, 57.536864952171449 ], [ 18.783162814093327, 57.536809696621354 ], [ 18.783245243637381, 57.536744681195628 ], [ 18.783317068294348, 57.536752757280681 ], [ 18.783411415238184, 57.536733059287045 ], [ 18.78354193439441, 57.536745948240892 ], [ 18.783645529305304, 57.536739854219412 ], [ 18.783769189418891, 57.536745799406837 ], [ 18.783834822022989, 57.536720002211815 ], [ 18.78385279926071, 57.536677222847544 ], [ 18.783821532349165, 57.5366347974402 ], [ 18.783804079270503, 57.536552972910876 ], [ 18.783770968196333, 57.536512598161721 ], [ 18.783639660979841, 57.536433255216195 ], [ 18.783473943183974, 57.536296044245375 ], [ 18.783308584557712, 57.536179987224216 ], [ 18.783212810785429, 57.536131702571744 ], [ 18.783258389190998, 57.536097751242608 ], [ 18.783228346914154, 57.536062633685262 ], [ 18.783269791303251, 57.536019600245147 ], [ 18.783289645019817, 57.535982787947283 ], [ 18.78332268295782, 57.535942838381764 ], [ 18.783321378118011, 57.535905789527469 ], [ 18.783260297129015, 57.535854431262223 ], [ 18.783129173040802, 57.535758799272813 ], [ 18.783139232337074, 57.535643701547087 ], [ 18.783104507114306, 57.535600813426669 ], [ 18.783057408120495, 57.53555982434299 ], [ 18.783078043059522, 57.535516300239188 ], [ 18.783043678772579, 57.535475945368219 ], [ 18.78283895552962, 57.535378456126111 ], [ 18.782696985565199, 57.535335233898572 ], [ 18.782585936410147, 57.535284610584455 ], [ 18.782505221575004, 57.535224788531949 ], [ 18.782416759019679, 57.535147322168314 ], [ 18.782364225929239, 57.535115550555901 ], [ 18.782308697084815, 57.535048517104741 ], [ 18.782231346687162, 57.534981929714476 ], [ 18.782178774434783, 57.534931358387041 ], [ 18.782155385572793, 57.534882060582262 ], [ 18.782077606436864, 57.534842423930975 ], [ 18.782028161822673, 57.534805085027472 ], [ 18.781924729840672, 57.534773498854406 ], [ 18.781760696886231, 57.534752921106723 ], [ 18.78157011849153, 57.53472714239291 ], [ 18.781375973104048, 57.534744346763908 ], [ 18.781184189258415, 57.534803146907102 ], [ 18.781102011542014, 57.534870427552654 ], [ 18.780991397401717, 57.535047019512525 ], [ 18.780982497581569, 57.535115338085539 ], [ 18.780994729023057, 57.535196862904748 ], [ 18.781012257231726, 57.535252711146747 ], [ 18.781033866186284, 57.535290364967182 ], [ 18.781101546971016, 57.535324955705555 ], [ 18.781180231345118, 57.535354900898255 ], [ 18.781378930138146, 57.53551431209506 ], [ 18.781451450056839, 57.535594935303621 ], [ 18.781470794063267, 57.535635615949921 ], [ 18.781396421425995, 57.535662850606961 ], [ 18.781246219455639, 57.535681623274144 ], [ 18.781171093116651, 57.535698756715909 ], [ 18.781117865554616, 57.535740353812166 ], [ 18.781178420159559, 57.535789579868229 ], [ 18.781231430905727, 57.535844381534211 ] ], [ [ 18.781839113746589, 57.535815024398211 ], [ 18.781796518641396, 57.535806593211937 ], [ 18.781738795040884, 57.535770821744165 ], [ 18.781766962465234, 57.535746627875213 ], [ 18.781720143796083, 57.535713839486213 ], [ 18.781714644298301, 57.535688829127992 ], [ 18.781701460868643, 57.535647498378665 ], [ 18.781700907622984, 57.535619885569268 ], [ 18.781696527357074, 57.535598977160817 ], [ 18.781709718432566, 57.535582208447451 ], [ 18.781762499060051, 57.535569450209941 ], [ 18.781815965765922, 57.53556307220861 ], [ 18.781902999176012, 57.53556953386915 ], [ 18.782002316555154, 57.535570159065301 ], [ 18.7820716798308, 57.535568537173731 ], [ 18.78213835361489, 57.535545389798031 ], [ 18.782167977542649, 57.535531859715896 ], [ 18.782219398222939, 57.535535506363047 ], [ 18.782227590104608, 57.535549717387063 ], [ 18.782241136662432, 57.535577857967333 ], [ 18.782231996895263, 57.535599764609159 ], [ 18.782187316693403, 57.535622781290293 ], [ 18.782188876061529, 57.535643405534721 ], [ 18.782206530935412, 57.535651498181629 ], [ 18.782238234506245, 57.535657075290359 ], [ 18.782256442134994, 57.535663649917545 ], [ 18.782215210205734, 57.535689377251273 ], [ 18.782180375024883, 57.535707677715664 ], [ 18.782131941153946, 57.535726851450029 ], [ 18.782110391613266, 57.53575401218626 ], [ 18.782106111059178, 57.535788063278837 ], [ 18.782045008103719, 57.535820932335554 ], [ 18.78201853542496, 57.535850525803532 ], [ 18.781983086563898, 57.535855590754984 ], [ 18.781954584202222, 57.535837276121292 ], [ 18.781893700981001, 57.535827477232289 ], [ 18.781839113746589, 57.535815024398211 ] ] ] } },
{ "type": "Feature", "properties": { "seadsgm": "SW297153", "lake_id": 734, "lake_area_m2": 31590.113700439804, "localisedc": "sjö", "origin": "natural", "surfaceare": 31590 }, "geometry": { "type": "Polygon", "coordinates": [ [ [ 18.781231430905727, 57.535844381534211 ], [ 18.781251934075648, 57.535890574399872 ], [ 18.78122712282104, 57.535918956668354 ], [ 18.781144897323831, 57.535907540935298 ], [ 18.781044474915014, 57.535892408016302 ], [ 18.780853588659539, 57.535882057747827 ], [ 18.780513306277943, 57.53591968219893 ], [ 18.7803852780564, 57.535963855438524 ], [ 18.780303945808431, 57.536000271553121 ], [ 18.780225530558123, 57.536046166282524 ], [ 18.780203087118078, 57.536097872427469 ], [ 18.780244060659978, 57.536150903969073 ], [ 18.780274959501771, 57.536202108341271 ], [ 18.780249362327854, 57.536242211505929 ], [ 18.780166648432253, 57.536245696753802 ], [ 18.780072128842541, 57.536191043787966 ], [ 18.779901150238352, 57.536123745500603 ], [ 18.779749834818293, 57.536094152759873 ], [ 18.779622506614967, 57.536067041190961 ], [ 18.779540021389295, 57.536072650593589 ], [ 18.779505784140863, 57.536105558128533 ], [ 18.779550045110991, 57.53615211903896 ], [ 18.779646158758169, 57.536183331710752 ], [ 18.779686911376377, 57.536234238627948 ], [ 18.779689679768754, 57.536280954578913 ], [ 18.779742413503186, 57.536371926767224 ], [ 18.779776074430945, 57.536411350909468 ], [ 18.779888234280332, 57.536464426016799 ], [ 18.780048913632228, 57.536469282582416 ], [ 18.780195187256464, 57.536449037763504 ], [ 18.780349063822108, 57.536464733031721 ], [ 18.780491943891487, 57.536547744877261 ], [ 18.780589996875857, 57.536598039750032 ], [ 18.780698188672091, 57.536611877678141 ], [ 18.780846792713351, 57.536634107141317 ], [ 18.781047475967249, 57.536682458950601 ], [ 18.781362566854032, 57.53676679408921 ], [ 18.781560889533772, 57.536850306355831 ], [ 18.78189742936414, 57.536951028483749 ], [ 18.782129620815425, 57.537017592150335 ], [ 18.782265428998343, 57.537030626704087 ], [ 18.782384411717821, 57.537014372102021 ], [ 18.782526315625915, 57.536990001622634 ], [ 18.782592337959052, 57.536939145403721 ], [ 18.782692236451553, 57.536890484222468 ], [ 18.782800068474078, 57.536861803775572 ], [ 18.782879360592428, 57.536863722784027 ], [ 18.783055600596423, 57.536864952171449 ], [ 18.783162814093327, 57.536809696621354 ], [ 18.783245243637381, 57.536744681195628 ], [ 18.783317068294348, 57.536752757280681 ], [ 18.783411415238184, 57.536733059287045 ], [ 18.78354193439441, 57.536745948240892 ], [ 18.783645529305304, 57.536739854219412 ], [ 18.783769189418891, 57.536745799406837 ], [ 18.783834822022989, 57.536720002211815 ], [ 18.78385279926071, 57.536677222847544 ], [ 18.783821532349165, 57.5366347974402 ], [ 18.783804079270503, 57.536552972910876 ], [ 18.783770968196333, 57.536512598161721 ], [ 18.783639660979841, 57.536433255216195 ], [ 18.783473943183974, 57.536296044245375 ], [ 18.783308584557712, 57.536179987224216 ], [ 18.783212810785429, 57.536131702571744 ], [ 18.783258389190998, 57.536097751242608 ], [ 18.783228346914154, 57.536062633685262 ], [ 18.783269791303251, 57.536019600245147 ], [ 18.783289645019817, 57.535982787947283 ], [ 18.78332268295782, 57.535942838381764 ], [ 18.783321378118011, 57.535905789527469 ], [ 18.783260297129015, 57.535854431262223 ], [ 18.783129173040802, 57.535758799272813 ], [ 18.783139232337074, 57.535643701547087 ], [ 18.783104507114306, 57.535600813426669 ], [ 18.783057408120495, 57.53555982434299 ], [ 18.783078043059522, 57.535516300239188 ], [ 18.783043678772579, 57.535475945368219 ], [ 18.78283895552962, 57.535378456126111 ], [ 18.782696985565199, 57.535335233898572 ], [ 18.782585936410147, 57.535284610584455 ], [ 18.782505221575004, 57.535224788531949 ], [ 18.782416759019679, 57.535147322168314 ], [ 18.782364225929239, 57.535115550555901 ], [ 18.782308697084815, 57.535048517104741 ], [ 18.782231346687162, 57.534981929714476 ], [ 18.782178774434783, 57.534931358387041 ], [ 18.782155385572793, 57.534882060582262 ], [ 18.782077606436864, 57.534842423930975 ], [ 18.782028161822673, 57.534805085027472 ], [ 18.781924729840672, 57.534773498854406 ], [ 18.781760696886231, 57.534752921106723 ], [ 18.78157011849153, 57.53472714239291 ], [ 18.781375973104048, 57.534744346763908 ], [ 18.781184189258415, 57.534803146907102 ], [ 18.781102011542014, 57.534870427552654 ], [ 18.780991397401717, 57.535047019512525 ], [ 18.780982497581569, 57.535115338085539 ], [ 18.780994729023057, 57.535196862904748 ], [ 18.781012257231726, 57.535252711146747 ], [ 18.781033866186284, 57.535290364967182 ], [ 18.781101546971016, 57.535324955705555 ], [ 18.781180231345118, 57.535354900898255 ], [ 18.781378930138146, 57.53551431209506 ], [ 18.781451450056839, 57.535594935303621 ], [ 18.781470794063267, 57.535635615949921 ], [ 18.781396421425995, 57.535662850606961 ], [ 18.781246219455639, 57.535681623274144 ], [ 18.781171093116651, 57.535698756715909 ], [ 18.781117865554616, 57.535740353812166 ], [ 18.781178420159559, 57.535789579868229 ], [ 18.781231430905727, 57.535844381534211 ] ], [ [ 18.781839113746589, 57.535815024398211 ], [ 18.781796518641396, 57.535806593211937 ], [ 18.781738795040884, 57.535770821744165 ], [ 18.781766962465234, 57.535746627875213 ], [ 18.781720143796083, 57.535713839486213 ], [ 18.781714644298301, 57.535688829127992 ], [ 18.781701460868643, 57.535647498378665 ], [ 18.781700907622984, 57.535619885569268 ], [ 18.781696527357074, 57.535598977160817 ], [ 18.781709718432566, 57.535582208447451 ], [ 18.781762499060051, 57.535569450209941 ], [ 18.781815965765922, 57.53556307220861 ], [ 18.781902999176012, 57.53556953386915 ], [ 18.782002316555154, 57.535570159065301 ], [ 18.7820716798308, 57.535568537173731 ], [ 18.78213835361489, 57.535545389798031 ], [ 18.782167977542649, 57.535531859715896 ], [ 18.782219398222939, 57.535535506363047 ], [ 18.782227590104608, 57.535549717387063 ], [ 18.782241136662432, 57.535577857967333 ], [ 18.782231996895263, 57.535599764609159 ], [ 18.782187316693403, 57.535622781290293 ], [ 18.782188876061529, 57.535643405534721 ], [ 18.782206530935412, 57.535651498181629 ], [ 18.782238234506245, 57.535657075290359 ], [ 18.782256442134994, 57.535663649917545 ], [ 18.782215210205734, 57.535689377251273 ], [ 18.782180375024883, 57.535707677715664 ], [ 18.782131941153946, 57.535726851450029 ], [ 18.782110391613266, 57.53575401218626 ], [ 18.782106111059178, 57.535788063278837 ], [ 18.782045008103719, 57.535820932335554 ], [ 18.78201853542496, 57.535850525803532 ], [ 18.781983086563898, 57.535855590754984 ], [ 18.781954584202222, 57.535837276121292 ], [ 18.781893700981001, 57.535827477232289 ], [ 18.781839113746589, 57.535815024398211 ] ] ] } },
{ "type": "Feature", "properties": { "seadsgm": "SW293863", "lake_id": 740, "lake_area_m2": 4525.7372245192528, "localisedc": "sjö", "origin": "natural", "surfaceare": 4526 }, "geometry": { "type": "Polygon", "coordinates": [ [ [ 18.321970248057355, 57.428802916735712 ], [ 18.32203306747834, 57.428750146180462 ], [ 18.322138907697795, 57.42874034382951 ], [ 18.322378636183448, 57.428747014686806 ], [ 18.322617805496932, 57.428748147416776 ], [ 18.322792667528219, 57.428779085770614 ], [ 18.322864823795495, 57.428761979195855 ], [ 18.322875770277061, 57.428714722889957 ], [ 18.32261224083673, 57.428667687491384 ], [ 18.322373825026929, 57.428668038200819 ], [ 18.322113198780716, 57.428620971249153 ], [ 18.321930589900756, 57.428577722559886 ], [ 18.321706354733511, 57.428561255655517 ], [ 18.321548229461605, 57.428572276818031 ], [ 18.321427130837932, 57.428605757500996 ], [ 18.320765687768414, 57.428599707129273 ], [ 18.320626757663007, 57.428617816472617 ], [ 18.320590735018619, 57.428615854260485 ], [ 18.32055146170498, 57.428592573506258 ], [ 18.320324244221911, 57.428587186694479 ], [ 18.320251642379723, 57.428615186737503 ], [ 18.320256077091702, 57.42869894868349 ], [ 18.320245304276153, 57.428900871316067 ], [ 18.320242104464768, 57.428960823105939 ], [ 18.32061129481524, 57.428945988474098 ], [ 18.320988626434584, 57.428929583922404 ], [ 18.321366862070708, 57.428926473622674 ], [ 18.321983731381007, 57.428924769236602 ], [ 18.321996286826455, 57.428854683677216 ], [ 18.321970248057355, 57.428802916735712 ] ] ] } },
{ "type": "Feature", "properties": { "seadsgm": "SW295860", "lake_id": 768, "lake_area_m2": 48053.878421071917, "localisedc": "sjö", "origin": "natural", "surfaceare": 48054 }, "geometry": { "type": "Polygon", "coordinates": [ [ [ 19.014920892780765, 57.909000838989307 ], [ 19.014849666381714, 57.908959493195589 ], [ 19.014694522993167, 57.908876463345948 ], [ 19.014459989272183, 57.908751796881944 ], [ 19.014413793461628, 57.908727244970322 ], [ 19.014232044644604, 57.908658930665943 ], [ 19.014173771337397, 57.90863701980598 ], [ 19.01402924953792, 57.908572255748972 ], [ 19.013818946592174, 57.908450327240402 ], [ 19.013738653478189, 57.908389224991026 ], [ 19.013435585629576, 57.908158597541636 ], [ 19.013338901642381, 57.908036311360256 ], [ 19.013273003348292, 57.907959915607449 ], [ 19.013220915322549, 57.90788464811304 ], [ 19.013219804560279, 57.90788304778367 ], [ 19.013201569672372, 57.907812893276365 ], [ 19.013201544048659, 57.907730079917989 ], [ 19.013207971067846, 57.907721082345944 ], [ 19.013230811960607, 57.907658011974803 ], [ 19.013231779472424, 57.907655300945564 ], [ 19.013263586973494, 57.907565276600359 ], [ 19.013262872437661, 57.907495647842623 ], [ 19.013195450925931, 57.907437806344213 ], [ 19.013093492505124, 57.907390659578617 ], [ 19.012989548107967, 57.90734264038359 ], [ 19.012633945388703, 57.907157005621414 ], [ 19.012519161815632, 57.907082884802364 ], [ 19.012370973493137, 57.906982458791248 ], [ 19.012357259533754, 57.90697309952224 ], [ 19.012270271435263, 57.906907163507043 ], [ 19.012201789285861, 57.906846593436853 ], [ 19.011958602088516, 57.90660718221487 ], [ 19.011844720553356, 57.906528330056929 ], [ 19.01161295763939, 57.906363817126604 ], [ 19.011483308446408, 57.906297609739802 ], [ 19.011279650357537, 57.906233762471359 ], [ 19.011260260475861, 57.906231111301224 ], [ 19.011187748058433, 57.90622116581816 ], [ 19.011096487621693, 57.906222523843866 ], [ 19.011038137250249, 57.906238818240844 ], [ 19.010994528887046, 57.906269034192007 ], [ 19.010978454111843, 57.906303406622882 ], [ 19.010979240039259, 57.906368616189226 ], [ 19.011058327324093, 57.906547228843287 ], [ 19.011078320003104, 57.906598442144819 ], [ 19.011053857638707, 57.906610205182396 ], [ 19.010998031842668, 57.906619342189572 ], [ 19.010856752937741, 57.906631183467518 ], [ 19.010845571114771, 57.906646653617756 ], [ 19.010863819049316, 57.906677725704846 ], [ 19.010919042321966, 57.906778414831862 ], [ 19.010959458947628, 57.906853738297755 ], [ 19.010980399851558, 57.906915443522408 ], [ 19.01094115082417, 57.906949253534641 ], [ 19.010919209715869, 57.906965799321654 ], [ 19.010886648885759, 57.906988588357144 ], [ 19.010826543262432, 57.90700439151167 ], [ 19.010736958107397, 57.907028614802925 ], [ 19.010711489809488, 57.907035579996773 ], [ 19.01067537590475, 57.907045452439505 ], [ 19.010645103423681, 57.90708209799029 ], [ 19.010664161400452, 57.907111041432614 ], [ 19.010691633215096, 57.907162830554093 ], [ 19.010681040113258, 57.907198952656316 ], [ 19.010684052839096, 57.907248051022108 ], [ 19.01068884657192, 57.907309044080385 ], [ 19.010684559110587, 57.907367228955636 ], [ 19.010691122129138, 57.907434837471897 ], [ 19.010651069152082, 57.907461893828 ], [ 19.010584563146931, 57.907499586210889 ], [ 19.010537289395305, 57.907514046114443 ], [ 19.010522669500329, 57.907518519101515 ], [ 19.010465293494399, 57.907524495384692 ], [ 19.010417181810237, 57.907510379671756 ], [ 19.010405729625049, 57.907507020781729 ], [ 19.010364393441417, 57.907486728501645 ], [ 19.01030241510496, 57.907507490417998 ], [ 19.01027195619983, 57.907561100151618 ], [ 19.010268910938454, 57.907608690908745 ], [ 19.010290220442435, 57.907648129015918 ], [ 19.010317767032568, 57.90768018703529 ], [ 19.010342443922958, 57.907703971831509 ], [ 19.010354600655436, 57.907716157552315 ], [ 19.010368328292039, 57.907717953924752 ], [ 19.010381803814511, 57.907711207723104 ], [ 19.010387283261235, 57.907683141491155 ], [ 19.01038747826362, 57.907682154044025 ], [ 19.010392589701311, 57.907641180332639 ], [ 19.010429620691134, 57.907603078658795 ], [ 19.010490121051685, 57.907591320078993 ], [ 19.010562387658705, 57.907610570714951 ], [ 19.010592647794557, 57.907642551663876 ], [ 19.010627792103644, 57.907722735404661 ], [ 19.010664544354285, 57.907805943859479 ], [ 19.010703429375056, 57.907876036234732 ], [ 19.010714066431021, 57.907934102651268 ], [ 19.010716792845791, 57.907947890500424 ], [ 19.010725690325838, 57.907993250862432 ], [ 19.010767349204674, 57.908072157304254 ], [ 19.010783007733721, 57.908154818716127 ], [ 19.010776489147794, 57.90821806616303 ], [ 19.010776709843118, 57.908219156815804 ], [ 19.010789261369279, 57.908277450274284 ], [ 19.010810907744148, 57.908313837221066 ], [ 19.01082620265106, 57.908322949096402 ], [ 19.01085886255715, 57.908342426738869 ], [ 19.010901326204991, 57.908350119745798 ], [ 19.010965354750759, 57.908342692610269 ], [ 19.011024421340938, 57.908326724715025 ], [ 19.011082990644699, 57.908311475000041 ], [ 19.011120942754467, 57.908295816898068 ], [ 19.01116797849194, 57.908298654205353 ], [ 19.011232320389929, 57.908310368492266 ], [ 19.011301697442985, 57.908325662052015 ], [ 19.011323511234128, 57.908327553858484 ], [ 19.011394267173987, 57.908333695619568 ], [ 19.01143536598385, 57.90836093651928 ], [ 19.011432709137893, 57.908380955719537 ], [ 19.01138998943749, 57.908424326206415 ], [ 19.011283039244027, 57.908512706695234 ], [ 19.011276123780451, 57.908551698106365 ], [ 19.011321028783161, 57.908597888928064 ], [ 19.011378979525663, 57.908626386077316 ], [ 19.011469767675354, 57.908656435156509 ], [ 19.011499717603304, 57.908646972584272 ], [ 19.011584810114169, 57.908595105464904 ], [ 19.011634913118961, 57.908569700139523 ], [ 19.011663004191195, 57.908573882795629 ], [ 19.011732527671857, 57.908608955210994 ], [ 19.011850284726677, 57.90871330372601 ], [ 19.011882415919292, 57.908810055736296 ], [ 19.011883386479401, 57.90881690279911 ], [ 19.011899742998491, 57.908933351294266 ], [ 19.011915997554247, 57.90903262947019 ], [ 19.011964774524312, 57.909255728034452 ], [ 19.012099651114262, 57.909477857402692 ], [ 19.012110212030795, 57.909557973183375 ], [ 19.012129475413506, 57.909686188533577 ], [ 19.012122379462312, 57.909755623033014 ], [ 19.012128684207617, 57.909789412880755 ], [ 19.012188706672681, 57.909866587804729 ], [ 19.012270915909038, 57.909919134765921 ], [ 19.012370010365821, 57.909964807667293 ], [ 19.012501184177932, 57.910032638977299 ], [ 19.012507410807743, 57.910070305924307 ], [ 19.012532635182712, 57.91014129754118 ], [ 19.012572099672468, 57.91015956289705 ], [ 19.012634342269308, 57.910158573099608 ], [ 19.012760865446616, 57.910136578386009 ], [ 19.012790887500373, 57.910112240332424 ], [ 19.012799765530918, 57.910072073735058 ], [ 19.012775022177959, 57.910007979831164 ], [ 19.012757691903406, 57.909891041921291 ], [ 19.012775577464296, 57.909835877722784 ], [ 19.012817527306058, 57.9098090307319 ], [ 19.012955299988874, 57.909765756863997 ], [ 19.012994716539392, 57.90976896847976 ], [ 19.013140633811414, 57.909783784674154 ], [ 19.013242750542442, 57.909773711337714 ], [ 19.013336112490485, 57.90974448242369 ], [ 19.01348647667324, 57.909678132499423 ], [ 19.013565167830322, 57.909615999560074 ], [ 19.013720390629832, 57.9094946359359 ], [ 19.013804060001799, 57.909421248247035 ], [ 19.013894455745405, 57.909340142040755 ], [ 19.013964476528908, 57.909300611225888 ], [ 19.014383503702863, 57.909178647991801 ], [ 19.014525693673466, 57.909164912534813 ], [ 19.014738830526742, 57.909141434641754 ], [ 19.014848407636659, 57.909108967022 ], [ 19.014944198290856, 57.90905668652762 ], [ 19.014948663270957, 57.909037068798582 ], [ 19.014950151832931, 57.909030457836018 ], [ 19.014920892780765, 57.909000838989307 ] ], [ [ 19.011485674056303, 57.906640123280724 ], [ 19.011477997218996, 57.906584347343596 ], [ 19.011543188935306, 57.906528694846948 ], [ 19.011707910359188, 57.906500320840998 ], [ 19.011840011093689, 57.906549834531965 ], [ 19.011886099054191, 57.906656295989372 ], [ 19.011990126396231, 57.906759252068085 ], [ 19.012080856363248, 57.906815270247122 ], [ 19.012100659521341, 57.906841052891558 ], [ 19.012114346594046, 57.906910539113412 ], [ 19.012124543738651, 57.906953342529043 ], [ 19.011998134088859, 57.90698039550778 ], [ 19.011843824267864, 57.906970089302483 ], [ 19.011683844815074, 57.906925909301769 ], [ 19.011553832153282, 57.906831561391108 ], [ 19.011509727325727, 57.906737688411745 ], [ 19.011485674056303, 57.906640123280724 ] ] ] } },
{ "type": "Feature", "properties": { "seadsgm": "SW293697", "lake_id": 777, "lake_area_m2": 1470.3512961864471, "localisedc": "sjö", "origin": "natural", "surfaceare": 1470 }, "geometry": { "type": "Polygon", "coordinates": [ [ [ 18.602498104509863, 57.495912754929684 ], [ 18.602599056188854, 57.495964646939512 ], [ 18.60276435604456, 57.495971501483496 ], [ 18.603019668552857, 57.496071185568134 ], [ 18.603147066907155, 57.496010534984691 ], [ 18.602981509307309, 57.495927415698112 ], [ 18.602837067099227, 57.495910158331256 ], [ 18.602711187081219, 57.495880717429365 ], [ 18.602710163611981, 57.495849506748868 ], [ 18.602817472046624, 57.495822668141074 ], [ 18.602997270947935, 57.495863611595617 ], [ 18.603128485267714, 57.495885797012605 ], [ 18.603207818890894, 57.495856224150607 ], [ 18.603204746520301, 57.495796806186753 ], [ 18.603083208886829, 57.495763115092721 ], [ 18.603049513797213, 57.49573486883309 ], [ 18.602894823038856, 57.495683381061951 ], [ 18.602699972045563, 57.495674243828283 ], [ 18.602642198715138, 57.495672928002548 ], [ 18.602586189094151, 57.495664693902995 ], [ 18.602563063761526, 57.495642179116516 ], [ 18.602561545701132, 57.495622569425919 ], [ 18.602583322747879, 57.495611240164635 ], [ 18.602642047387977, 57.495622120510127 ], [ 18.602745578558633, 57.495655696876661 ], [ 18.602793467604364, 57.49565665653035 ], [ 18.602816027084252, 57.495639207439609 ], [ 18.602816125381665, 57.49560804589764 ], [ 18.602898773752614, 57.495586541270271 ], [ 18.60291113590916, 57.495567298558441 ], [ 18.602846078394343, 57.49552337307378 ], [ 18.602759755147591, 57.495497529099325 ], [ 18.602696693320013, 57.495479292605509 ], [ 18.602676848491182, 57.495450606389156 ], [ 18.602647325859316, 57.495426880752923 ], [ 18.60256656985085, 57.495391428468643 ], [ 18.602493481448494, 57.49560172563455 ], [ 18.602489866495734, 57.4956526232328 ], [ 18.602532260871836, 57.495708320514254 ], [ 18.602576645662744, 57.495757082080743 ], [ 18.602543848042732, 57.495811430267473 ], [ 18.602498104509863, 57.495912754929684 ] ] ] } },
{ "type": "Feature", "properties": { "seadsgm": "SW293863", "lake_id": 792, "lake_area_m2": 4979.6738991718739, "localisedc": "sjö", "origin": "natural", "surfaceare": 4980 }, "geometry": { "type": "Polygon", "coordinates": [ [ [ 18.19055831007271, 57.406093957688896 ], [ 18.190542439209853, 57.406105668349454 ], [ 18.190519171165096, 57.406112738567799 ], [ 18.19048421146033, 57.406111513593459 ], [ 18.190436179506158, 57.406098275782256 ], [ 18.190370001287523, 57.406071531980174 ], [ 18.190129692571183, 57.406068767928332 ], [ 18.190090942703591, 57.406091835680378 ], [ 18.19007925766488, 57.406138387917103 ], [ 18.190063805230633, 57.406231274161968 ], [ 18.190080437321338, 57.406304487541838 ], [ 18.190116158502821, 57.406390638796132 ], [ 18.190168210636756, 57.406491952834244 ], [ 18.190218690405928, 57.406521262821016 ], [ 18.190411912713184, 57.4065537775408 ], [ 18.190441049246434, 57.406566952270374 ], [ 18.190502003530824, 57.406580283885717 ], [ 18.190612037549315, 57.406618231605286 ], [ 18.190842262317897, 57.406718039734294 ], [ 18.19116281691996, 57.406836420679973 ], [ 18.191208126043822, 57.40685283689897 ], [ 18.191461540325029, 57.406944631945613 ], [ 18.191578233494074, 57.406989924044787 ], [ 18.191644133561567, 57.407035490120812 ], [ 18.191719599805865, 57.407131346825516 ], [ 18.191781868611923, 57.40724636055144 ], [ 18.191790297290371, 57.407327864193924 ], [ 18.191774450389012, 57.407383664516836 ], [ 18.191815703036099, 57.407409988511382 ], [ 18.191878002322234, 57.407415861316572 ], [ 18.191996894302051, 57.407255848133154 ], [ 18.191993040543107, 57.407147874476827 ], [ 18.191959425637339, 57.407063278856363 ], [ 18.191895847374358, 57.406988620548042 ], [ 18.191752782505301, 57.406883270677255 ], [ 18.191555558519084, 57.406773987572841 ], [ 18.191307823476812, 57.406656897336013 ], [ 18.191237917649019, 57.406622194587257 ], [ 18.191235313695188, 57.406604515713546 ], [ 18.191246616719781, 57.406498837291693 ], [ 18.19122447017644, 57.406419847414654 ], [ 18.191179735259315, 57.406376946343947 ], [ 18.191068789597718, 57.406340108521924 ], [ 18.19095441493938, 57.406320024917271 ], [ 18.190855746281542, 57.406286615135826 ], [ 18.190811892077164, 57.406242614106489 ], [ 18.190789724871149, 57.406163093616925 ], [ 18.190718129027793, 57.406098860086814 ], [ 18.190625276166458, 57.406096484644003 ], [ 18.19055831007271, 57.406093957688896 ] ] ] } },
{ "type": "Feature", "properties": { "seadsgm": "SW293697", "lake_id": 798, "lake_area_m2": 633.27793157100677, "localisedc": "sjö", "origin": "natural", "surfaceare": 633 }, "geometry": { "type": "Polygon", "coordinates": [ [ [ 18.647875556421734, 57.498494784228427 ], [ 18.647782894210085, 57.498527611820968 ], [ 18.647729650058928, 57.498554983100249 ], [ 18.647717986314124, 57.498598385454962 ], [ 18.647713868936364, 57.498637254118933 ], [ 18.647742513507691, 57.49868378521046 ], [ 18.647818125789712, 57.498720354776154 ], [ 18.647915942141537, 57.498739046875471 ], [ 18.648003647056886, 57.498736508016499 ], [ 18.648049772904542, 57.498717955635591 ], [ 18.648126499370061, 57.498685589177747 ], [ 18.648177170224713, 57.49863245557242 ], [ 18.648172882113176, 57.498589523745203 ], [ 18.648175283408268, 57.498533478838944 ], [ 18.648131988109075, 57.49850028041476 ], [ 18.648058075253694, 57.498480887740691 ], [ 18.647978347031721, 57.498483195739176 ], [ 18.647875556421734, 57.498494784228427 ] ] ] } },
{ "type": "Feature", "properties": { "seadsgm": "SW293697", "lake_id": 799, "lake_area_m2": 50102.21185597335, "localisedc": "sjö", "origin": "natural", "surfaceare": 50102 }, "geometry": { "type": "Polygon", "coordinates": [ [ [ 18.657365441445695, 57.481334327562074 ], [ 18.657461459570442, 57.481315023005905 ], [ 18.657574096483035, 57.481284728643054 ], [ 18.657676173029163, 57.481256088481636 ], [ 18.657962386573473, 57.481172059054124 ], [ 18.658165915303016, 57.481121582925006 ], [ 18.658193523187066, 57.481106549173496 ], [ 18.65825830446046, 57.48108402670811 ], [ 18.658318439212223, 57.481052457638178 ], [ 18.658332601843995, 57.481035415198086 ], [ 18.658369842956418, 57.481008898616338 ], [ 18.658403847347817, 57.480987908529386 ], [ 18.658436684782284, 57.480948257884556 ], [ 18.658486066831365, 57.480889796702016 ], [ 18.658519969526523, 57.480834816256369 ], [ 18.658583718897585, 57.480761688145506 ], [ 18.658638346412385, 57.480711911452701 ], [ 18.658705689734717, 57.480656697290698 ], [ 18.658796481402739, 57.480575680819719 ], [ 18.6588316609717, 57.480507410047395 ], [ 18.658893439223576, 57.480433654177524 ], [ 18.658950922043601, 57.480380739024845 ], [ 18.658983571073332, 57.480339054573129 ], [ 18.659058905806997, 57.480274777785567 ], [ 18.659107302945628, 57.480226198088189 ], [ 18.659119218410282, 57.480198682830469 ], [ 18.659110108381409, 57.480175823569006 ], [ 18.659159609932246, 57.48013876602014 ], [ 18.659202840256981, 57.480088971090787 ], [ 18.659249529687511, 57.479995578216197 ], [ 18.659254432709275, 57.479947515509451 ], [ 18.659242229752188, 57.479912160214724 ], [ 18.659233155530718, 57.479876389187055 ], [ 18.659236808611283, 57.479861673447402 ], [ 18.659264557188347, 57.479828276731688 ], [ 18.659279459709182, 57.479805771378544 ], [ 18.659261415800366, 57.479791525632372 ], [ 18.659219893672027, 57.479790078002665 ], [ 18.65920203451471, 57.479801448609621 ], [ 18.659151135936064, 57.479850434646913 ], [ 18.659102332685951, 57.479894952329062 ], [ 18.659073448571021, 57.479909680959004 ], [ 18.659043822046758, 57.47991015514912 ], [ 18.659016655548061, 57.479909884030072 ], [ 18.658953475123074, 57.479916051912184 ], [ 18.658853776706209, 57.479923216719158 ], [ 18.658734827376012, 57.479933631556982 ], [ 18.65857742598595, 57.479944774472123 ], [ 18.658443733836172, 57.479946075707346 ], [ 18.658347316806715, 57.479954514470428 ], [ 18.658263201807795, 57.479979602440444 ], [ 18.658204775592051, 57.480009089375393 ], [ 18.65815296077762, 57.480055044012886 ], [ 18.658120513672131, 57.480079046399602 ], [ 18.658067470972473, 57.480138630010707 ], [ 18.658017022518681, 57.480179103616578 ], [ 18.657969837519932, 57.480200801178547 ], [ 18.657931315125087, 57.480233810219325 ], [ 18.657894920356672, 57.480275945552094 ], [ 18.657851382915815, 57.480322691341577 ], [ 18.65779314835752, 57.480400766611822 ], [ 18.657747127050435, 57.480467975608867 ], [ 18.657721558923669, 57.480504366220423 ], [ 18.657711735811851, 57.480540666243762 ], [ 18.657712286168106, 57.480559684912905 ], [ 18.657742624799575, 57.480579921718679 ], [ 18.657755098979997, 57.480585016197878 ], [ 18.657762693114321, 57.480605195617713 ], [ 18.657747663392442, 57.48061308606173 ], [ 18.657722131509235, 57.480616856395443 ], [ 18.657699497149959, 57.480617818658715 ], [ 18.657669128764244, 57.480623753151974 ], [ 18.657643999034306, 57.480638383404354 ], [ 18.657621059505132, 57.480656005439762 ], [ 18.65759617093677, 57.480679805785627 ], [ 18.657557575817055, 57.480738647033363 ], [ 18.657537084376212, 57.480782036982433 ], [ 18.657501226014503, 57.480816674008636 ], [ 18.657487157442194, 57.480834740858256 ], [ 18.657440706562145, 57.480857433151435 ], [ 18.657383884366286, 57.480870553613755 ], [ 18.657286344088114, 57.480887178381494 ], [ 18.657212086114328, 57.480896364538857 ], [ 18.657163354835717, 57.480908242536962 ], [ 18.657106119276506, 57.480923749810763 ], [ 18.657063926371006, 57.480938172879441 ], [ 18.657025229595632, 57.480942981515888 ], [ 18.656980552230159, 57.480944548396408 ], [ 18.65693625411042, 57.480943389094364 ], [ 18.656882039520546, 57.480944207738915 ], [ 18.656818654605821, 57.480954787914641 ], [ 18.656742431140355, 57.480956550439849 ], [ 18.65670875146747, 57.48095407536163 ], [ 18.656684271812615, 57.480948978053448 ], [ 18.656640936427273, 57.480944733133214 ], [ 18.656609689977369, 57.480954766682899 ], [ 18.656589182789101, 57.480964855076806 ], [ 18.656567640275579, 57.48097054190594 ], [ 18.656515472342328, 57.480972999882169 ], [ 18.65641984995051, 57.480969859814969 ], [ 18.6562084394191, 57.480964127397456 ], [ 18.65603941774275, 57.480965724805195 ], [ 18.655978102408284, 57.480971494614401 ], [ 18.655944062679897, 57.480992144829969 ], [ 18.655926393022309, 57.480998744201159 ], [ 18.655896919609031, 57.481000920864616 ], [ 18.655850387419449, 57.480996085811412 ], [ 18.655822659748083, 57.480990048768483 ], [ 18.655760686866113, 57.480982237624687 ], [ 18.655710379072104, 57.48098430765522 ], [ 18.655648279151567, 57.4809951901643 ], [ 18.655528329207641, 57.4810083548657 ], [ 18.655400401910214, 57.481010861758811 ], [ 18.655181576002374, 57.481006690475247 ], [ 18.655108763244467, 57.480997817281029 ], [ 18.654970821366042, 57.480974426319726 ], [ 18.654912036595256, 57.480966871265565 ], [ 18.654876563197217, 57.48095900864714 ], [ 18.654824781030474, 57.480952284220983 ], [ 18.65475812893553, 57.48093508663554 ], [ 18.654699431717688, 57.480915283308903 ], [ 18.654598349074035, 57.480874566852265 ], [ 18.654544665600145, 57.480854286574761 ], [ 18.654495671988272, 57.480843740927313 ], [ 18.654411487624014, 57.480814788550255 ], [ 18.654306281193605, 57.480777246862218 ], [ 18.654256358543627, 57.480750070588265 ], [ 18.654208479402548, 57.480717736150183 ], [ 18.654138320902923, 57.480683637864189 ], [ 18.654080780683199, 57.480655997651056 ], [ 18.654010566279659, 57.480628022637482 ], [ 18.653979645059078, 57.480608133302233 ], [ 18.653956961045679, 57.480588707431934 ], [ 18.65391830955015, 57.480540488175826 ], [ 18.653890886503699, 57.480510995418079 ], [ 18.653822786965691, 57.480465283029105 ], [ 18.65373831931603, 57.480420029957152 ], [ 18.653610262236995, 57.480367814319727 ], [ 18.653466367854801, 57.480335063921643 ], [ 18.653389489526603, 57.480323250099204 ], [ 18.653279353124692, 57.480326623957403 ], [ 18.653215547038482, 57.480339593859107 ], [ 18.653160077898189, 57.480353700403164 ], [ 18.653104977921164, 57.480385118763316 ], [ 18.653069128055204, 57.480453066972643 ], [ 18.653050280013016, 57.480540594987879 ], [ 18.653056467835547, 57.480605686788103 ], [ 18.65309670838117, 57.480723879117498 ], [ 18.6531265270098, 57.480785254461317 ], [ 18.653168193865845, 57.480851745069735 ], [ 18.653187615629388, 57.480896755630539 ], [ 18.65319955669462, 57.480969501202459 ], [ 18.653201706985651, 57.481045239253675 ], [ 18.653210547262795, 57.481125203938589 ], [ 18.653205036605769, 57.481220187771633 ], [ 18.653186190143188, 57.481314173296646 ], [ 18.653135824663533, 57.481388978015531 ], [ 18.653095520215135, 57.481443108668564 ], [ 18.653046564590863, 57.481492718338743 ], [ 18.652972776819816, 57.481546750897593 ], [ 18.652889881093632, 57.481597972371127 ], [ 18.652826974298922, 57.481626895191191 ], [ 18.652761621880892, 57.48165010519476 ], [ 18.652674767894204, 57.481672898161307 ], [ 18.652578355588719, 57.481688127827859 ], [ 18.652504988167884, 57.481693202733886 ], [ 18.65241259506227, 57.481690991013501 ], [ 18.652310566931533, 57.481680201930367 ], [ 18.652207083941043, 57.481667413638938 ], [ 18.652117593349871, 57.481649142723228 ], [ 18.651996601488207, 57.481618143301368 ], [ 18.651878110356989, 57.481580275717121 ], [ 18.651814593511027, 57.481556196720632 ], [ 18.651718914162458, 57.481512606204369 ], [ 18.651618273527706, 57.481476622246539 ], [ 18.651502438750629, 57.481440044780896 ], [ 18.65143823563772, 57.481435360300665 ], [ 18.651381128175956, 57.481438964582786 ], [ 18.651330679844957, 57.481452933538918 ], [ 18.651276878525998, 57.48148465581297 ], [ 18.651251277112515, 57.481514256974052 ], [ 18.651234676654081, 57.481558900440938 ], [ 18.651232166785377, 57.481592272736279 ], [ 18.651226041948931, 57.481626417064057 ], [ 18.651231601433182, 57.48166362931736 ], [ 18.651234149311712, 57.481695823403747 ], [ 18.651222454483669, 57.481743722471379 ], [ 18.651204873034008, 57.481782953086132 ], [ 18.651179082203377, 57.48182852796181 ], [ 18.6511687027843, 57.481851250162713 ], [ 18.651191121361567, 57.481893072681366 ], [ 18.651232208867114, 57.481938774764842 ], [ 18.651304510401513, 57.481974421448299 ], [ 18.651394667000357, 57.481999355067011 ], [ 18.651501954100127, 57.482025168348926 ], [ 18.65160407372132, 57.482043310719234 ], [ 18.651688177747552, 57.48207080108439 ], [ 18.651788431143526, 57.482102239525375 ], [ 18.651877239630384, 57.482158129929509 ], [ 18.651983604979858, 57.482238658870699 ], [ 18.652112957624258, 57.482309017234989 ], [ 18.65228187385733, 57.482390474155935 ], [ 18.652406846562101, 57.482448393127406 ], [ 18.65247915641088, 57.482471459677718 ], [ 18.652523065460862, 57.482481758455783 ], [ 18.652568132963228, 57.482503566870186 ], [ 18.65259467568373, 57.482523186220156 ], [ 18.652628440276104, 57.482545664723446 ], [ 18.652667234017194, 57.482561539868506 ], [ 18.652704870884747, 57.482584922345694 ], [ 18.652711183608158, 57.482617013852924 ], [ 18.652718720840454, 57.482642274294697 ], [ 18.652745400239269, 57.482663259301333 ], [ 18.652940049365696, 57.482807164090239 ], [ 18.653063067245274, 57.482941231445018 ], [ 18.653123306218337, 57.483021038101633 ], [ 18.653175029582364, 57.483091238529106 ], [ 18.653210120199084, 57.483152739763426 ], [ 18.65323053192537, 57.483206172179891 ], [ 18.653242463574703, 57.483263239494129 ], [ 18.653255368944034, 57.483323687329175 ], [ 18.653263324830597, 57.483372373277923 ], [ 18.653254542367364, 57.483436828025731 ], [ 18.653237203228606, 57.483497792890766 ], [ 18.653218314440611, 57.483549289775645 ], [ 18.653209360900863, 57.48359303573919 ], [ 18.653204665305033, 57.483628497413292 ], [ 18.653214776848209, 57.483673389442743 ], [ 18.653241629694378, 57.483715423286483 ], [ 18.653282059092142, 57.483741448572985 ], [ 18.653361103621815, 57.483768744398787 ], [ 18.653512796042492, 57.483797015190028 ], [ 18.65361827694597, 57.483804529376954 ], [ 18.653769007621378, 57.483803610775617 ], [ 18.653875944467092, 57.483774734149208 ], [ 18.65407019978683, 57.483754571845687 ], [ 18.654185532707171, 57.483759209772494 ], [ 18.654351474144732, 57.483765887199652 ], [ 18.654578267765135, 57.483762113832917 ], [ 18.654730164475005, 57.483754028857298 ], [ 18.6548535660494, 57.48374472244663 ], [ 18.654890538861714, 57.483735846818938 ], [ 18.65496340957262, 57.483713379034235 ], [ 18.655021090208411, 57.48367130100619 ], [ 18.655060574694023, 57.483630084479209 ], [ 18.655084366197244, 57.483583543910825 ], [ 18.655087385277447, 57.483550163298482 ], [ 18.655080141280369, 57.483521496677206 ], [ 18.655064543606787, 57.483491371321257 ], [ 18.655068257612612, 57.483465101945733 ], [ 18.655107243406558, 57.483425258541367 ], [ 18.65512043420404, 57.483392607868289 ], [ 18.655120042412221, 57.483375977112388 ], [ 18.655115417474146, 57.483341795418625 ], [ 18.655111934649636, 57.483306564327222 ], [ 18.655118271726408, 57.483287697048269 ], [ 18.65513090497566, 57.483255747373157 ], [ 18.655135718199372, 57.483227755990406 ], [ 18.655161449092194, 57.483200854434394 ], [ 18.655176060980697, 57.483169863610748 ], [ 18.65518331713508, 57.483141116524536 ], [ 18.655190320486223, 57.483116116969775 ], [ 18.655196386942499, 57.483094544576453 ], [ 18.655190242868279, 57.483070600313845 ], [ 18.65520334591687, 57.483024361032406 ], [ 18.655208693130575, 57.483001791047585 ], [ 18.65520649778351, 57.482979433309175 ], [ 18.655228923724206, 57.482957384081431 ], [ 18.655270001336248, 57.482932431933868 ], [ 18.655306558247339, 57.482887217636758 ], [ 18.655322271773436, 57.482867406642391 ], [ 18.655331541256768, 57.482839966389371 ], [ 18.655351888091701, 57.482822393702939 ], [ 18.655386107586789, 57.482791867771603 ], [ 18.655426254864345, 57.482770329371576 ], [ 18.655464879970783, 57.482746122163086 ], [ 18.655527414370074, 57.482714781213076 ], [ 18.655568594431795, 57.482697295408762 ], [ 18.655615380794881, 57.48268541964071 ], [ 18.655644936977875, 57.482671671072346 ], [ 18.655690113631742, 57.482643540073013 ], [ 18.655793830493032, 57.482607617177948 ], [ 18.655852273617022, 57.482585898920874 ], [ 18.655861767130592, 57.482579850710728 ], [ 18.655900551227823, 57.482550882283903 ], [ 18.65597993491296, 57.482517695671262 ], [ 18.656042719531403, 57.482476153828728 ], [ 18.656082103997132, 57.482446834285895 ], [ 18.656104519302616, 57.482418332033795 ], [ 18.656132779375262, 57.48239782318835 ], [ 18.656192963748129, 57.482374695555549 ], [ 18.656224725055448, 57.482363929442187 ], [ 18.656250382466055, 57.482348935194253 ], [ 18.656256329939328, 57.482332454089274 ], [ 18.656257994471993, 57.482323917898931 ], [ 18.656274989941462, 57.482297945648696 ], [ 18.65628745240031, 57.482264301894162 ], [ 18.656299523360271, 57.482220471748263 ], [ 18.656297929063641, 57.482204209517015 ], [ 18.656298829714647, 57.482187874877525 ], [ 18.656313791155036, 57.482173182251536 ], [ 18.656327679198295, 57.482160551107448 ], [ 18.65633520621488, 57.482134522203644 ], [ 18.656328573264446, 57.482118406205537 ], [ 18.656341556814152, 57.482109199097195 ], [ 18.656351459472248, 57.482081742569292 ], [ 18.656330431133139, 57.482047685772081 ], [ 18.656310599974855, 57.48202583987031 ], [ 18.656315467434091, 57.481985609983404 ], [ 18.656320075778762, 57.48195558097818 ], [ 18.656298390630873, 57.481927667158075 ], [ 18.656290442591427, 57.481923823993526 ], [ 18.65626328344268, 57.481917123023976 ], [ 18.656255518095254, 57.481902396368092 ], [ 18.656264910214869, 57.481895336997248 ], [ 18.656289621568547, 57.481889872142823 ], [ 18.656304574768782, 57.481875179754617 ], [ 18.656305403500998, 57.481845253857138 ], [ 18.656288824908646, 57.481817872268387 ], [ 18.656254332355569, 57.481797746885171 ], [ 18.656234347475749, 57.481786746308288 ], [ 18.656223081689014, 57.481761225492512 ], [ 18.656201047721357, 57.481728519224518 ], [ 18.656167157950513, 57.48169070914944 ], [ 18.65615953565662, 57.48166372391475 ], [ 18.656146695784717, 57.481634850987895 ], [ 18.656172990050116, 57.481592660356178 ], [ 18.656202508832539, 57.481557854342547 ], [ 18.65623172202185, 57.481519668182173 ], [ 18.656293979651835, 57.481483958095836 ], [ 18.656400638132254, 57.481450429554449 ], [ 18.656599126997744, 57.481426608555225 ], [ 18.656782740997876, 57.481418831705298 ], [ 18.657141014700983, 57.481378791220678 ], [ 18.657291585328203, 57.48135438027748 ], [ 18.657365441445695, 57.481334327562074 ] ], [ [ 18.653830145734815, 57.480975310051065 ], [ 18.653760174668555, 57.480903139087481 ], [ 18.653753033885515, 57.480867987726846 ], [ 18.653758934646277, 57.480823636624059 ], [ 18.653769139934585, 57.480798212850559 ], [ 18.653806399718917, 57.480791745809867 ], [ 18.653878987087975, 57.480811497873511 ], [ 18.653936742784474, 57.480847977582364 ], [ 18.65399877923883, 57.480889774389674 ], [ 18.654041237969071, 57.48092463008674 ], [ 18.654062317287675, 57.480947160056047 ], [ 18.654047244651345, 57.480974766335741 ], [ 18.65401890144085, 57.480995259566228 ], [ 18.653969688385665, 57.481008851367982 ], [ 18.653941921101115, 57.481008936782651 ], [ 18.653874147988866, 57.480999925490302 ], [ 18.653830145734815, 57.480975310051065 ] ], [ [ 18.654876061517189, 57.481346757038978 ], [ 18.654853480331887, 57.481295034008035 ], [ 18.654827165502759, 57.481270605961058 ], [ 18.654935698723243, 57.481230226519706 ], [ 18.655003119167858, 57.481222256361264 ], [ 18.655049109240245, 57.481227781309066 ], [ 18.655118630961248, 57.48126869535939 ], [ 18.65513593397084, 57.481317838770238 ], [ 18.655095715441291, 57.481386245786148 ], [ 18.655037191177325, 57.481434766436045 ], [ 18.654966636530435, 57.481449623105235 ], [ 18.654913912600701, 57.481439519460842 ], [ 18.654892951687735, 57.481418344861304 ], [ 18.65489251562056, 57.481387088229937 ], [ 18.654876061517189, 57.481346757038978 ] ], [ [ 18.655776019401227, 57.481397415770026 ], [ 18.655680422552194, 57.481361295219948 ], [ 18.655577576158851, 57.48131519159876 ], [ 18.655562120577251, 57.481298622600441 ], [ 18.655549100602201, 57.481281306882536 ], [ 18.655539290322622, 57.481257782892449 ], [ 18.655563682025129, 57.481235353882504 ], [ 18.655650884013216, 57.481236357424542 ], [ 18.655788831303141, 57.481252943154132 ], [ 18.655916716527724, 57.481283414072337 ], [ 18.655965683734159, 57.48130721088004 ], [ 18.65597727292517, 57.481336131091084 ], [ 18.655961789963936, 57.481372577629067 ], [ 18.655923444412799, 57.481407628757992 ], [ 18.655890473292725, 57.481419411060635 ], [ 18.655856294868549, 57.481418308897098 ], [ 18.655776019401227, 57.481397415770026 ] ], [ [ 18.655424894343664, 57.481621893082206 ], [ 18.655348346647752, 57.481600217666596 ], [ 18.655313001917698, 57.481560399508197 ], [ 18.655310906841738, 57.481525108396674 ], [ 18.655344693524089, 57.481482035493926 ], [ 18.655376951413384, 57.481462793635593 ], [ 18.655402176060903, 57.481449179566248 ], [ 18.655449642425481, 57.481443792134911 ], [ 18.655545343342524, 57.481467670785648 ], [ 18.655633635281699, 57.481506701003681 ], [ 18.655674378527277, 57.481536849503058 ], [ 18.655682952031132, 57.481574000518648 ], [ 18.655661613798774, 57.481601780037579 ], [ 18.655584879468094, 57.481618168459299 ], [ 18.655502086421112, 57.481623852253527 ], [ 18.655424894343664, 57.481621893082206 ] ], [ [ 18.652937439172398, 57.481864557251136 ], [ 18.653203885262393, 57.481776761692849 ], [ 18.6534647989726, 57.481581777555739 ], [ 18.653545712435719, 57.481404170867656 ], [ 18.653555600215643, 57.481197337094088 ], [ 18.653538150723229, 57.481176058256089 ], [ 18.6535484225438, 57.481151297646164 ], [ 18.653578560653262, 57.481136200342007 ], [ 18.653682334771371, 57.481151584451851 ], [ 18.653829926428202, 57.481189488724766 ], [ 18.653994918737943, 57.481275813594976 ], [ 18.654166023599704, 57.481398649570373 ], [ 18.654254336530336, 57.481500756427316 ], [ 18.654442379174149, 57.48159049256477 ], [ 18.654650907310586, 57.48163208494033 ], [ 18.654878710741414, 57.48170545600891 ], [ 18.654937644646406, 57.481724433690431 ], [ 18.655282612328179, 57.481895287094588 ], [ 18.655529686415719, 57.482071660150503 ], [ 18.655716841431715, 57.482203550155411 ], [ 18.655740811454628, 57.482344185398532 ], [ 18.655660325189736, 57.482398126401684 ], [ 18.655353242378482, 57.482508827475478 ], [ 18.65506624407384, 57.482567322009999 ], [ 18.654841104636304, 57.482638990923157 ], [ 18.654713946324712, 57.482782588127044 ], [ 18.654657257810314, 57.482949990917007 ], [ 18.654643255270361, 57.483140637912555 ], [ 18.654661145378022, 57.483296390687762 ], [ 18.654724986149624, 57.483431815387306 ], [ 18.654711321638953, 57.483549062194626 ], [ 18.654623897134449, 57.483558358682025 ], [ 18.654420810214297, 57.483546512260048 ], [ 18.654255204712005, 57.483536337420794 ], [ 18.654149090629094, 57.483529821091309 ], [ 18.653920555689979, 57.483490157856487 ], [ 18.653780340275954, 57.483424872717997 ], [ 18.653736543573611, 57.483339159194735 ], [ 18.653720493282606, 57.483150733845868 ], [ 18.653706933239789, 57.482936423660909 ], [ 18.653625312406888, 57.482774336276066 ], [ 18.65348717809486, 57.482653276094325 ], [ 18.65326594098045, 57.482482956470456 ], [ 18.65303470230419, 57.482364549514962 ], [ 18.652669765686234, 57.482221438105981 ], [ 18.652349201185228, 57.482067543971873 ], [ 18.652050231372684, 57.481902164663701 ], [ 18.651950828256968, 57.481841140221242 ], [ 18.651939543733498, 57.481803411312619 ], [ 18.65200112692607, 57.48178806796065 ], [ 18.652116384823618, 57.481805153012196 ], [ 18.652289409646883, 57.481845045758085 ], [ 18.652469197157981, 57.481876594560312 ], [ 18.652700616279304, 57.481894429055082 ], [ 18.652937439172398, 57.481864557251136 ] ] ] } },
{ "type": "Feature", "properties": { "seadsgm": "SW294589", "lake_id": 800, "lake_area_m2": 15760.476900756359, "localisedc": "sjö", "origin": "natural", "surfaceare": 15760 }, "geometry": { "type": "Polygon", "coordinates": [ [ [ 18.852810481882841, 57.867813996921171 ], [ 18.852832614681184, 57.867709421996608 ], [ 18.852853560772527, 57.867540643880325 ], [ 18.85287122269969, 57.867376667443416 ], [ 18.852833027568799, 57.867112914042366 ], [ 18.852898569916022, 57.86700189647604 ], [ 18.852918932382725, 57.866951144003728 ], [ 18.852905347208047, 57.866879781890425 ], [ 18.852884302654836, 57.866851569234157 ], [ 18.852784786640697, 57.866788769556258 ], [ 18.852659260091794, 57.866725250049676 ], [ 18.85253312687103, 57.866668913629262 ], [ 18.85247255890291, 57.866651891830372 ], [ 18.852406817417222, 57.86663340724229 ], [ 18.852267464753435, 57.866626672974853 ], [ 18.852123211678453, 57.866624492998646 ], [ 18.851975655657927, 57.866618699129937 ], [ 18.851880119543345, 57.866626494778075 ], [ 18.851769004597614, 57.866668629488046 ], [ 18.851648148195501, 57.866751388195929 ], [ 18.851579860473105, 57.866836621561752 ], [ 18.851461856690619, 57.866938199686039 ], [ 18.851332009236948, 57.867020789999799 ], [ 18.851258104181845, 57.867051213491457 ], [ 18.851197013969482, 57.86707867500418 ], [ 18.851199909481398, 57.86711660154657 ], [ 18.851242313505196, 57.867172218793563 ], [ 18.85124412348436, 57.867210239774991 ], [ 18.851245391533837, 57.867237110815722 ], [ 18.85115308149814, 57.86731304871568 ], [ 18.85115910800808, 57.867358064661694 ], [ 18.85120644333475, 57.867419654216583 ], [ 18.851252353193985, 57.867479776840746 ], [ 18.851263643355992, 57.867554049232176 ], [ 18.851261618427692, 57.867594419114418 ], [ 18.851283982734543, 57.867695275625096 ], [ 18.851397687624011, 57.867818010298166 ], [ 18.851416681199549, 57.867847464257338 ], [ 18.851457840229795, 57.867911300359893 ], [ 18.851524600452585, 57.868040244197452 ], [ 18.851574856938587, 57.868104866306005 ], [ 18.85161486622869, 57.868158027469697 ], [ 18.851643836236534, 57.868196483277544 ], [ 18.851843097539238, 57.868249573728797 ], [ 18.852032660740846, 57.86825845096476 ], [ 18.85222797524418, 57.868277035443029 ], [ 18.852356853106311, 57.868346422060789 ], [ 18.852547422441724, 57.868364232701971 ], [ 18.852728354608889, 57.868356425116133 ], [ 18.852881470825871, 57.868372765679801 ], [ 18.852980670042832, 57.868356894251654 ], [ 18.853001911779021, 57.868305961405277 ], [ 18.852999486131733, 57.868304235153225 ], [ 18.852925181743874, 57.868251036683127 ], [ 18.852872164936958, 57.868203063084884 ], [ 18.852831469406752, 57.86812957467442 ], [ 18.852822271481209, 57.868004832976581 ], [ 18.852803956240479, 57.867844781594229 ], [ 18.852810481882841, 57.867813996921171 ] ] ] } },
{ "type": "Feature", "properties": { "seadsgm": "SW296875", "lake_id": 801, "lake_area_m2": 51455.371377807111, "localisedc": "sjö", "origin": "natural", "surfaceare": 51455 }, "geometry": { "type": "Polygon", "coordinates": [ [ [ 18.795507393931885, 57.590400474926149 ], [ 18.795501898381502, 57.590482134701737 ], [ 18.795658926078307, 57.590679001210844 ], [ 18.795653055323871, 57.590720221371036 ], [ 18.795578709877077, 57.590803943187652 ], [ 18.795515243569142, 57.590846338071998 ], [ 18.795145303295484, 57.591007534906389 ], [ 18.795085555191477, 57.591049844080175 ], [ 18.795021769195365, 57.591140766119082 ], [ 18.795016323532003, 57.591223071894234 ], [ 18.795071056102916, 57.591304816963152 ], [ 18.795137158945941, 57.591458427164426 ], [ 18.795424317246201, 57.591932916851079 ], [ 18.795493655225709, 57.591972586261889 ], [ 18.795802252672832, 57.592024874367439 ], [ 18.79588138720414, 57.592061658720496 ], [ 18.795923554045487, 57.592142982421869 ], [ 18.795984474715567, 57.592223274456735 ], [ 18.79598238876746, 57.592264409319846 ], [ 18.795918461058367, 57.592389004183993 ], [ 18.795835708983201, 57.59251333107958 ], [ 18.795847401501451, 57.592554176624674 ], [ 18.796014665849253, 57.592754231709343 ], [ 18.796110081572024, 57.592843223475924 ], [ 18.796317033507481, 57.592983164083357 ], [ 18.796336217126481, 57.593023865466513 ], [ 18.796334132481416, 57.593065009079922 ], [ 18.796358357606749, 57.593105602704469 ], [ 18.796594218268517, 57.593211264158342 ], [ 18.79674797149389, 57.593238429917534 ], [ 18.796826154154587, 57.59326174702651 ], [ 18.796875399276615, 57.593301175144134 ], [ 18.796890839044281, 57.593341953972043 ], [ 18.79693134180582, 57.593382220204631 ], [ 18.797086108190012, 57.593406001004396 ], [ 18.797239537360248, 57.593410933190384 ], [ 18.797389208163032, 57.59336339952673 ], [ 18.797442706318961, 57.59332120272154 ], [ 18.797679983351394, 57.592988227169656 ], [ 18.797679579053266, 57.592947143039382 ], [ 18.79761777495705, 57.5929073182906 ], [ 18.79753924646834, 57.592879275099499 ], [ 18.797508754211588, 57.592838806608725 ], [ 18.797573073181884, 57.592755295381011 ], [ 18.797566418213243, 57.592714324712951 ], [ 18.797538484039062, 57.592674472898793 ], [ 18.797530541401741, 57.592633540977531 ], [ 18.797592379593734, 57.592550078040503 ], [ 18.797605738631535, 57.592508713641926 ], [ 18.797603647496071, 57.592426553243762 ], [ 18.797647138516638, 57.592385232566812 ], [ 18.797722718441094, 57.59237155909527 ], [ 18.797799556539388, 57.592376051518556 ], [ 18.797877792012596, 57.592400042451494 ], [ 18.797955887733213, 57.592439534814538 ], [ 18.798033132764189, 57.592449412555965 ], [ 18.798411754078668, 57.592409972783322 ], [ 18.798486736980827, 57.592388232334045 ], [ 18.798560373611817, 57.592347643684342 ], [ 18.798597544869988, 57.592305786309865 ], [ 18.798646042334301, 57.592141076099502 ], [ 18.798712746179582, 57.592040974439179 ], [ 18.798810971912314, 57.591994412384466 ], [ 18.798884750536711, 57.591986598407871 ], [ 18.798959373386939, 57.591995015751337 ], [ 18.799041995243012, 57.592045359778453 ], [ 18.799116655842269, 57.592018898233867 ], [ 18.799125011307709, 57.591977629390357 ], [ 18.799080746974088, 57.591937441959786 ], [ 18.799000271639184, 57.591890584985919 ], [ 18.798741965853395, 57.591771721987492 ], [ 18.798719465247391, 57.591710620905999 ], [ 18.798606885326279, 57.591680365655527 ], [ 18.79860814268358, 57.591634141093479 ], [ 18.798661537447764, 57.591617932183908 ], [ 18.798734634574693, 57.591587463599616 ], [ 18.798757780932206, 57.591564765548526 ], [ 18.798832867919447, 57.591564950592726 ], [ 18.798858176353225, 57.591532656391855 ], [ 18.798837988775723, 57.591509923782333 ], [ 18.798817084467192, 57.591476017827034 ], [ 18.798735579109337, 57.591456480971303 ], [ 18.798665987709146, 57.591452550271384 ], [ 18.798582100823733, 57.59143471156105 ], [ 18.798474356457724, 57.591385294663873 ], [ 18.798378160277952, 57.591339206853924 ], [ 18.798316522497618, 57.591265239563953 ], [ 18.79808056218987, 57.59115823667004 ], [ 18.797958060611929, 57.591076526059076 ], [ 18.797886633419235, 57.590989744175495 ], [ 18.797838425453733, 57.590864898810388 ], [ 18.79781545960682, 57.590775113111697 ], [ 18.797800222191199, 57.590721309273164 ], [ 18.79780621190071, 57.590692924418441 ], [ 18.797792996543247, 57.590670873035918 ], [ 18.797758181523989, 57.590646231741829 ], [ 18.797724224215376, 57.590626988672028 ], [ 18.797703018509125, 57.590594017951588 ], [ 18.797712417199651, 57.59057417035104 ], [ 18.797739004996981, 57.590559380963761 ], [ 18.797764255865548, 57.590556535729021 ], [ 18.797792183790591, 57.590572292259147 ], [ 18.797849478990994, 57.590583676992395 ], [ 18.797882306633777, 57.590579640069649 ], [ 18.797879706296438, 57.590574072578917 ], [ 18.79788008357756, 57.590543690081503 ], [ 18.797904850485043, 57.590515683996941 ], [ 18.797951921064637, 57.590490826099952 ], [ 18.797991242189433, 57.590494175530246 ], [ 18.798032479790045, 57.590491918103396 ], [ 18.798054074484519, 57.590483886116317 ], [ 18.798034519294671, 57.590459290494337 ], [ 18.798024786161893, 57.590448201931565 ], [ 18.798025107985197, 57.590436637337589 ], [ 18.798035150567291, 57.590425546265195 ], [ 18.798033722277797, 57.590413819225645 ], [ 18.798030470590387, 57.59039950418623 ], [ 18.797995152696121, 57.590339258508841 ], [ 18.797907146714792, 57.590344198802953 ], [ 18.797870272482726, 57.590271466020248 ], [ 18.797892900982198, 57.590252425344822 ], [ 18.797871229247107, 57.59022172522166 ], [ 18.797834260295836, 57.590206052027199 ], [ 18.797802707173989, 57.590216971677833 ], [ 18.797770626596268, 57.590224168970671 ], [ 18.797628527470724, 57.590249889057837 ], [ 18.797545252491361, 57.590233181522613 ], [ 18.797459968925931, 57.590258098230933 ], [ 18.797311377348585, 57.590272056721709 ], [ 18.797204014847846, 57.590263229739811 ], [ 18.797099795710224, 57.590245900928039 ], [ 18.796987374776869, 57.590184359655353 ], [ 18.796969718848015, 57.590132904807625 ], [ 18.796996508153185, 57.590083690653842 ], [ 18.796972090478175, 57.590023294553291 ], [ 18.79693809063782, 57.589986709239191 ], [ 18.796886076204625, 57.589968178286675 ], [ 18.796784658854996, 57.589961709601653 ], [ 18.796716376242323, 57.589953602971995 ], [ 18.796659650035597, 57.589936374886378 ], [ 18.796599982812531, 57.58990545235141 ], [ 18.796600818322776, 57.589862917297104 ], [ 18.79656786762046, 57.589820867505416 ], [ 18.796521636312459, 57.589790844591107 ], [ 18.796444682905097, 57.589802824641318 ], [ 18.796417021425775, 57.589869544327669 ], [ 18.796382366981902, 57.589952377732665 ], [ 18.796269706825353, 57.59000952441869 ], [ 18.796194589317381, 57.590080097209558 ], [ 18.796164396716982, 57.590154534039691 ], [ 18.796088860638704, 57.590249783259843 ], [ 18.796074958416686, 57.590283755437042 ], [ 18.795865214030691, 57.590386421994296 ], [ 18.795787975075232, 57.590376553804631 ], [ 18.795734999002981, 57.590337202444076 ], [ 18.795655707819613, 57.590298407692899 ], [ 18.795580491860427, 57.590316790658513 ], [ 18.795565173667924, 57.590330450393907 ], [ 18.795533293722261, 57.590358858703489 ], [ 18.795507393931885, 57.590400474926149 ] ], [ [ 18.797519465200288, 57.590405667730167 ], [ 18.797547949579698, 57.590395891945867 ], [ 18.797578970023427, 57.590389266605868 ], [ 18.797602312179265, 57.590392025810011 ], [ 18.797642046332641, 57.590407481959261 ], [ 18.79766791286178, 57.590424011754962 ], [ 18.797707103375497, 57.590454391039991 ], [ 18.797722618815403, 57.590472318896012 ], [ 18.797698634263387, 57.590482049300384 ], [ 18.797652743043784, 57.590479509924926 ], [ 18.797602662427963, 57.590476073697516 ], [ 18.797536738585503, 57.590455641372841 ], [ 18.797519326622695, 57.59043269993024 ], [ 18.797519465200288, 57.590405667730167 ] ], [ [ 18.795984827080421, 57.590992344826859 ], [ 18.795968569781508, 57.590975841739784 ], [ 18.795990127487439, 57.590961256726587 ], [ 18.796033212300419, 57.590949584583996 ], [ 18.796085802384724, 57.590947840202737 ], [ 18.796112621345237, 57.590954694288037 ], [ 18.796093980106541, 57.591010325181159 ], [ 18.796056384058851, 57.591028610642439 ], [ 18.796040080089782, 57.591028275725044 ], [ 18.795984827080421, 57.590992344826859 ] ] ] } },
{ "type": "Feature", "properties": { "seadsgm": "SW294735", "lake_id": 840, "lake_area_m2": 3231.6340328454971, "localisedc": "sjö", "origin": "natural", "surfaceare": 3232 }, "geometry": { "type": "Polygon", "coordinates": [ [ [ 18.763917298775823, 57.715034110724908 ], [ 18.763712582468738, 57.715034863216857 ], [ 18.763557609766334, 57.715133887616737 ], [ 18.763539354735002, 57.715196225081847 ], [ 18.763649348735392, 57.715364720568189 ], [ 18.764149449094223, 57.716025980918054 ], [ 18.764196496402175, 57.71610199010302 ], [ 18.76423148594964, 57.716095454482058 ], [ 18.764390116769842, 57.716059067253035 ], [ 18.764416631812423, 57.715966662232148 ], [ 18.764490376265549, 57.715935363264727 ], [ 18.764511597776547, 57.715897394251044 ], [ 18.764526203973546, 57.715821354178708 ], [ 18.764485446213428, 57.715715334143759 ], [ 18.764396398771115, 57.715604612092555 ], [ 18.764192100041182, 57.715412805735525 ], [ 18.764007331602269, 57.715169260648118 ], [ 18.763944888104607, 57.715081013674862 ], [ 18.763917298775823, 57.715034110724908 ] ] ] } },
{ "type": "Feature", "properties": { "seadsgm": "SW292758", "lake_id": 842, "lake_area_m2": 570.05070441961288, "localisedc": "sjö", "origin": "natural", "surfaceare": 570 }, "geometry": { "type": "Polygon", "coordinates": [ [ [ 18.579387896635893, 57.628838739338285 ], [ 18.579375486740759, 57.628891288800482 ], [ 18.579419080699306, 57.62896393388931 ], [ 18.579491753987607, 57.629090630260251 ], [ 18.5795773896774, 57.629189242732316 ], [ 18.579649697857981, 57.629197737329505 ], [ 18.579712682718363, 57.629192662048489 ], [ 18.579740717201748, 57.629156679719379 ], [ 18.579723009105255, 57.629100769780727 ], [ 18.579705409849687, 57.62900758173604 ], [ 18.579679920770669, 57.628914628290218 ], [ 18.579624284875965, 57.628856645941582 ], [ 18.57951064304185, 57.628832347924366 ], [ 18.579387896635893, 57.628838739338285 ] ] ] } },
{ "type": "Feature", "properties": { "seadsgm": "SW295456", "lake_id": 852, "lake_area_m2": 49284.874048709869, "localisedc": "sjö", "origin": "natural", "surfaceare": 49285 }, "geometry": { "type": "Polygon", "coordinates": [ [ [ 18.197550433419259, 57.012253354730149 ], [ 18.197802978989149, 57.012326631189204 ], [ 18.197850854960741, 57.012333803802079 ], [ 18.198053774864835, 57.01246999765344 ], [ 18.198124753538274, 57.012488542358383 ], [ 18.198216621347726, 57.012485484527012 ], [ 18.19825886836054, 57.012483791990604 ], [ 18.198286114508697, 57.012496570294552 ], [ 18.19835825070081, 57.012554243924448 ], [ 18.198425625851005, 57.012617556541898 ], [ 18.198483722972995, 57.012629348395144 ], [ 18.198734522252991, 57.012666144772993 ], [ 18.198823178863346, 57.012704923521511 ], [ 18.198899869644343, 57.012748546713894 ], [ 18.198986442626484, 57.012808014681717 ], [ 18.199081347890491, 57.012866975406368 ], [ 18.199166364826546, 57.012959259753849 ], [ 18.199255768798622, 57.013092286947938 ], [ 18.199361264050797, 57.01318514250751 ], [ 18.199448720713079, 57.013252905198186 ], [ 18.19951983558224, 57.013305209940867 ], [ 18.199659694932663, 57.01338934924469 ], [ 18.199769077861657, 57.013425571528749 ], [ 18.199837579888243, 57.013457673396267 ], [ 18.199939924758112, 57.013520496659623 ], [ 18.200003337863787, 57.013575666838086 ], [ 18.200026456254037, 57.013662458731957 ], [ 18.199996912919943, 57.013677821963746 ], [ 18.19995699940328, 57.013683743666064 ], [ 18.199851109098141, 57.013684231636006 ], [ 18.199727280840371, 57.013682149807522 ], [ 18.199503848802326, 57.013666919735073 ], [ 18.19941516624321, 57.01366700448316 ], [ 18.199418179875789, 57.013687089403604 ], [ 18.199438567230789, 57.013689418739403 ], [ 18.199532039255054, 57.013705833541778 ], [ 18.199553702069604, 57.013720380621656 ], [ 18.199520869662322, 57.013728464908723 ], [ 18.199428217295228, 57.013752291691439 ], [ 18.199405031503236, 57.013774881458197 ], [ 18.19941625491667, 57.013791817784821 ], [ 18.199457160676364, 57.013810637202397 ], [ 18.19957570782146, 57.013858078999476 ], [ 18.199661568613656, 57.013871776139261 ], [ 18.199694986168744, 57.013857393641111 ], [ 18.199710848531261, 57.013830667749922 ], [ 18.199697758104726, 57.013798190796045 ], [ 18.199689349249489, 57.013755590989241 ], [ 18.199739211447504, 57.013750836992841 ], [ 18.199816100835935, 57.013757139398905 ], [ 18.199862486692478, 57.013764079453942 ], [ 18.199906341125914, 57.013771990631497 ], [ 18.200002580410199, 57.013848949804803 ], [ 18.20000950477003, 57.013894212343907 ], [ 18.200058252086087, 57.013907186386049 ], [ 18.200121669201131, 57.013905302774361 ], [ 18.200180996481134, 57.013889726166191 ], [ 18.200341310647225, 57.013815499673711 ], [ 18.20032489895133, 57.013803263182758 ], [ 18.200334403993967, 57.013790381148603 ], [ 18.200369823745337, 57.013789744839137 ], [ 18.200462434242326, 57.013785369376848 ], [ 18.200652777679856, 57.013648762224072 ], [ 18.200765660765317, 57.013607300952046 ], [ 18.200958105415086, 57.013559526223695 ], [ 18.201036551825684, 57.013567001658153 ], [ 18.20109694961123, 57.013600747733783 ], [ 18.201138282291563, 57.013586070099038 ], [ 18.201133761624501, 57.013547722797867 ], [ 18.201084803943214, 57.013551481990277 ], [ 18.201098911127442, 57.013538321907397 ], [ 18.201111371962007, 57.013517057508892 ], [ 18.201099679084358, 57.01349074034394 ], [ 18.201017748047853, 57.01343815583008 ], [ 18.200974316833584, 57.013430205683775 ], [ 18.200858234162716, 57.013432296266849 ], [ 18.200823521450399, 57.01342187566496 ], [ 18.200818579881709, 57.013399682786478 ], [ 18.200814153784936, 57.013370758970972 ], [ 18.20078775553214, 57.013373286758068 ], [ 18.200760541262181, 57.013365856462897 ], [ 18.200741489443864, 57.013326002396916 ], [ 18.200738420378649, 57.013290870375059 ], [ 18.200760508679142, 57.013278267634 ], [ 18.200844124727507, 57.013246967940297 ], [ 18.200944240649424, 57.013162405961118 ], [ 18.200940083595491, 57.013096658237345 ], [ 18.200879013990708, 57.013055836263128 ], [ 18.200807542023909, 57.013008378362123 ], [ 18.200517693410315, 57.012763567033971 ], [ 18.200473887881571, 57.012690985834176 ], [ 18.200500993090081, 57.012619107438482 ], [ 18.200481347008381, 57.01257308189853 ], [ 18.200470369201494, 57.012538134679367 ], [ 18.200513171860639, 57.012467759553921 ], [ 18.200528954093755, 57.012449098638484 ], [ 18.200582795331563, 57.012282713695903 ], [ 18.200602254013113, 57.012222313495705 ], [ 18.200607772256603, 57.012185899533719 ], [ 18.200639136251084, 57.012156637073389 ], [ 18.200658065984175, 57.012123119188132 ], [ 18.200663093580747, 57.01202195220413 ], [ 18.200669807832707, 57.011953784330096 ], [ 18.20068425256688, 57.011909089860836 ], [ 18.200706693547531, 57.01184941216475 ], [ 18.200727997363149, 57.011770426722485 ], [ 18.200728864782235, 57.011709117428666 ], [ 18.200757362600481, 57.011633705082716 ], [ 18.200759353909547, 57.011560015676849 ], [ 18.200756999503859, 57.011497447911566 ], [ 18.200750102198459, 57.011485255507502 ], [ 18.200751774556181, 57.011463439836632 ], [ 18.200730276167757, 57.011412896914976 ], [ 18.200683896444854, 57.011352750575462 ], [ 18.200584560826417, 57.011289032377654 ], [ 18.200503802803457, 57.011248902801555 ], [ 18.200385305406915, 57.011180337440024 ], [ 18.200288554755378, 57.011136850961904 ], [ 18.200241509196793, 57.01114578415288 ], [ 18.200152961037457, 57.011125649192856 ], [ 18.199987118279228, 57.01110182738303 ], [ 18.19987991585656, 57.011116355148445 ], [ 18.199803878732435, 57.011126363451368 ], [ 18.199712905165192, 57.011134543824319 ], [ 18.199655226498404, 57.011140235213922 ], [ 18.199583887676532, 57.01115333173243 ], [ 18.199556779052777, 57.011188390809821 ], [ 18.199517099437397, 57.011203275856907 ], [ 18.199458043387786, 57.011198090716839 ], [ 18.19936905640855, 57.011212070886437 ], [ 18.199337610744678, 57.011243474875378 ], [ 18.199352405799431, 57.011264346977043 ], [ 18.199406051558384, 57.011284277977197 ], [ 18.199418776768145, 57.01135277368514 ], [ 18.199429894713994, 57.011453025015037 ], [ 18.199344364489779, 57.011485235260388 ], [ 18.199249665460961, 57.01146561690642 ], [ 18.199177317541725, 57.011472690608933 ], [ 18.199119490952363, 57.011512525090566 ], [ 18.199047391999155, 57.011522684572896 ], [ 18.198960719476162, 57.011523068804401 ], [ 18.198856621558004, 57.011469252507062 ], [ 18.198759088004511, 57.011430593303977 ], [ 18.198681267508189, 57.011400473939105 ], [ 18.198656974692547, 57.01139256468921 ], [ 18.198590121885097, 57.011370236612962 ], [ 18.198502553620585, 57.011347549419511 ], [ 18.19843423013479, 57.011340127441891 ], [ 18.198428033230268, 57.011315008237979 ], [ 18.19845935282255, 57.011303196920004 ], [ 18.198703507696241, 57.011288611440669 ], [ 18.198756191190892, 57.011265886288825 ], [ 18.198754022008934, 57.011245509820398 ], [ 18.198732750559682, 57.011226133222223 ], [ 18.198679598625855, 57.011205577010735 ], [ 18.198659725066008, 57.01119020275874 ], [ 18.198682465537221, 57.011163847548382 ], [ 18.198703097265156, 57.011138887176813 ], [ 18.198698024600532, 57.011115898741792 ], [ 18.198655281557112, 57.011079307958667 ], [ 18.198564229725648, 57.011034983133946 ], [ 18.198405036631229, 57.010997801704868 ], [ 18.198273844793608, 57.010971708953399 ], [ 18.198206100409887, 57.010900781611575 ], [ 18.198127594097183, 57.010773128470831 ], [ 18.198054786570758, 57.010729603094681 ], [ 18.197980667825622, 57.010720917921823 ], [ 18.197799250449602, 57.010695101524725 ], [ 18.197769644739992, 57.010672163102214 ], [ 18.197758362431038, 57.010644217730857 ], [ 18.197775052698415, 57.010627691267267 ], [ 18.197781389670265, 57.010606305056633 ], [ 18.197679680735767, 57.010552058061748 ], [ 18.197512058941921, 57.010520305446462 ], [ 18.197478027761832, 57.010525832421159 ], [ 18.197422339502335, 57.010550007686795 ], [ 18.197385854438195, 57.010580451464207 ], [ 18.197347598453543, 57.010647230774403 ], [ 18.197329915756772, 57.010695576040021 ], [ 18.19732817190113, 57.010700376364568 ], [ 18.197307581584241, 57.010735007141875 ], [ 18.197271168302802, 57.01076394792458 ], [ 18.19720077043581, 57.010818541278809 ], [ 18.197134243361941, 57.01087211829536 ], [ 18.197056599883361, 57.010898741963793 ], [ 18.196890671313231, 57.010930284201322 ], [ 18.196726359518529, 57.010963231148338 ], [ 18.196684639012041, 57.010983965634765 ], [ 18.196628956676857, 57.01100972269861 ], [ 18.196597785245871, 57.011002087614592 ], [ 18.196564231598931, 57.011001470354827 ], [ 18.196509981949823, 57.01101880290603 ], [ 18.196434943031235, 57.011053468739831 ], [ 18.196356290220638, 57.011100955683098 ], [ 18.196320876958321, 57.011146429033438 ], [ 18.196312356831044, 57.011204150228508 ], [ 18.196337448219992, 57.011229614044737 ], [ 18.196480031490974, 57.011330289405578 ], [ 18.196629218665556, 57.011438435315071 ], [ 18.196777950620227, 57.011532931173363 ], [ 18.19683985587913, 57.011583567796031 ], [ 18.19691009089064, 57.011657937005161 ], [ 18.196949959518975, 57.011743699912017 ], [ 18.196899946950118, 57.011835490978299 ], [ 18.196832549887997, 57.011894796046931 ], [ 18.196752755915231, 57.01197332457842 ], [ 18.196754332428132, 57.012038060732252 ], [ 18.196794776523685, 57.012060443673086 ], [ 18.197109994904924, 57.012107967865475 ], [ 18.197181395771949, 57.012113549640482 ], [ 18.197256945514503, 57.012115915543063 ], [ 18.197341905782913, 57.012155812481502 ], [ 18.19746792271609, 57.01220985318799 ], [ 18.197550433419259, 57.012253354730149 ] ] ] } },
{ "type": "Feature", "properties": { "seadsgm": "SW294589", "lake_id": 853, "lake_area_m2": 9115.6945957019925, "localisedc": "sjö", "origin": "natural", "surfaceare": 9116 }, "geometry": { "type": "Polygon", "coordinates": [ [ [ 18.850062813913826, 57.871987676611134 ], [ 18.850116399692293, 57.871893746086243 ], [ 18.850179805797584, 57.871825998806628 ], [ 18.850166226869689, 57.871742802607663 ], [ 18.850098743946145, 57.871674604812199 ], [ 18.849861602483148, 57.871601138784925 ], [ 18.849748355819557, 57.871525049631003 ], [ 18.849690287623762, 57.871421376377484 ], [ 18.849644883071914, 57.871369932546592 ], [ 18.849457462665104, 57.871291250781766 ], [ 18.849292372271879, 57.87128207419007 ], [ 18.849088851548618, 57.87130446381957 ], [ 18.848863321036731, 57.871358037325336 ], [ 18.848711972501274, 57.871414196502599 ], [ 18.848572484473177, 57.871513861988817 ], [ 18.848525423849175, 57.871637567579533 ], [ 18.848474296955811, 57.871713225494091 ], [ 18.848501688001129, 57.871940208472537 ], [ 18.848604446155552, 57.872086591930788 ], [ 18.84863384798393, 57.872142802301617 ], [ 18.84879553579432, 57.872208968675857 ], [ 18.849012051698541, 57.872243178234307 ], [ 18.849097746440648, 57.872284904157539 ], [ 18.849103287167324, 57.872350432581392 ], [ 18.849125216933245, 57.87241558198312 ], [ 18.849067360663081, 57.872508904121048 ], [ 18.849045659898856, 57.872640758630681 ], [ 18.849078369204001, 57.872736285607978 ], [ 18.849140204773686, 57.872787347162472 ], [ 18.849254262971314, 57.872775846014704 ], [ 18.84927967956386, 57.872687681525939 ], [ 18.849329685321212, 57.872598924143517 ], [ 18.849384945380216, 57.872475013194048 ], [ 18.849493003199044, 57.872367353979769 ], [ 18.849519990549876, 57.872322929254246 ], [ 18.849617348287648, 57.872211145361938 ], [ 18.849645366766115, 57.872153560501381 ], [ 18.849820953901318, 57.872092438708123 ], [ 18.849967065028007, 57.872071422515837 ], [ 18.850062813913826, 57.871987676611134 ] ] ] } },
{ "type": "Feature", "properties": { "seadsgm": "SW296619", "lake_id": 913, "lake_area_m2": 1199.7294552326202, "localisedc": "sjö", "origin": "natural", "surfaceare": 1200 }, "geometry": { "type": "Polygon", "coordinates": [ [ [ 18.784986670919846, 57.838926107342658 ], [ 18.784920283361245, 57.838938727292557 ], [ 18.784872903214527, 57.838961153153562 ], [ 18.784873213541427, 57.839009416718895 ], [ 18.784925685362204, 57.83905052722649 ], [ 18.785016088286753, 57.839107939789926 ], [ 18.785162468791345, 57.839151579121925 ], [ 18.785341753232235, 57.839180657025508 ], [ 18.78551620975367, 57.83922325095687 ], [ 18.785594551904321, 57.839265432201131 ], [ 18.785664537179954, 57.839343332360151 ], [ 18.785698565809717, 57.839391128616221 ], [ 18.785585353129498, 57.839409992158913 ], [ 18.785525719121566, 57.839438170896372 ], [ 18.785566130343017, 57.839496734053348 ], [ 18.785686982675408, 57.839512435548308 ], [ 18.785824660806988, 57.839559093269898 ], [ 18.785860684550734, 57.839528860618842 ], [ 18.786069647928084, 57.8393535001535 ], [ 18.78593632883322, 57.839312052956636 ], [ 18.785802542718738, 57.839249463984871 ], [ 18.785650351428032, 57.839164776510763 ], [ 18.785491032297969, 57.839120608919544 ], [ 18.785319515474374, 57.839086092618622 ], [ 18.785198694404674, 57.839056721488461 ], [ 18.785104491145038, 57.839038605836066 ], [ 18.785051637189838, 57.839006791739841 ], [ 18.784986670919846, 57.838926107342658 ] ] ] } },
{ "type": "Feature", "properties": { "seadsgm": "SW294705", "lake_id": 917, "lake_area_m2": 48707.56885201484, "localisedc": "sjö", "origin": "natural", "surfaceare": 48708 }, "geometry": { "type": "Polygon", "coordinates": [ [ [ 19.026176707382351, 57.877973860173583 ], [ 19.026033562394133, 57.877891679030682 ], [ 19.025910383363009, 57.877809168862903 ], [ 19.025858371158211, 57.877746483288142 ], [ 19.025894779124616, 57.877700126238075 ], [ 19.025924874932109, 57.877656134171389 ], [ 19.0259604034066, 57.877623057963731 ], [ 19.026057343284513, 57.877611824056473 ], [ 19.026130943629806, 57.877652224569246 ], [ 19.026225378309409, 57.877691370667016 ], [ 19.026432166744154, 57.87778293264823 ], [ 19.026641164668, 57.877833176909114 ], [ 19.026706154965275, 57.877840374654454 ], [ 19.026889615908964, 57.87782444044732 ], [ 19.026989197281416, 57.877805730401228 ], [ 19.027162008815129, 57.877793246973752 ], [ 19.027211895586685, 57.87778103273137 ], [ 19.02724916314893, 57.877765344646804 ], [ 19.027267634800694, 57.87773201078862 ], [ 19.027232247930861, 57.877640427924682 ], [ 19.027227973304502, 57.877614900810109 ], [ 19.02737052924779, 57.877520830988651 ], [ 19.02744404482641, 57.87746783497424 ], [ 19.027494567153838, 57.877444810584088 ], [ 19.027701975260758, 57.877414960240365 ], [ 19.027778699861823, 57.877412946404689 ], [ 19.027805102564226, 57.877412259059852 ], [ 19.0278513443732, 57.877416743553546 ], [ 19.027883072663837, 57.877411579840768 ], [ 19.02789338934172, 57.877324175992179 ], [ 19.027881268954765, 57.877239902003154 ], [ 19.027871755939433, 57.877216394153109 ], [ 19.027897174025295, 57.877189537312063 ], [ 19.028010262747376, 57.877132783214272 ], [ 19.028066755336756, 57.877110460178031 ], [ 19.028190956425775, 57.877071185162819 ], [ 19.028221968739121, 57.877054696664111 ], [ 19.028235059570026, 57.877008792156481 ], [ 19.028278773886743, 57.876899346706722 ], [ 19.028314575727251, 57.876878381279738 ], [ 19.028340602359389, 57.876863148809683 ], [ 19.028507619560596, 57.876840470434928 ], [ 19.028544300784894, 57.876822723827168 ], [ 19.028582011200466, 57.87678693435776 ], [ 19.028591027552221, 57.876676154590506 ], [ 19.028504510095111, 57.876557925871985 ], [ 19.028374231020933, 57.876418482769928 ], [ 19.028365429590441, 57.876409061459739 ], [ 19.028300291330421, 57.876339347504178 ], [ 19.028227245221711, 57.876318398456732 ], [ 19.028140360619766, 57.876325115029175 ], [ 19.028069358470688, 57.876370056177599 ], [ 19.028032981377034, 57.876396407299119 ], [ 19.027924136147668, 57.876415807735391 ], [ 19.027871637942713, 57.876401875973301 ], [ 19.02783472558502, 57.876381701748606 ], [ 19.027800850267941, 57.876339625233413 ], [ 19.027792046784175, 57.876285567170243 ], [ 19.027715872927629, 57.876211196098339 ], [ 19.027643190421792, 57.876059707775461 ], [ 19.027550452367336, 57.876000942286723 ], [ 19.027399687566398, 57.87595924445359 ], [ 19.027336147447212, 57.875933459662924 ], [ 19.027299201872559, 57.875907532504328 ], [ 19.027280182517277, 57.875873743131592 ], [ 19.027301199629711, 57.875850128143824 ], [ 19.027302560554919, 57.875848592115872 ], [ 19.027330364098724, 57.875828842575174 ], [ 19.027349494848185, 57.87579934486083 ], [ 19.027415130206247, 57.875776920430937 ], [ 19.027445511314788, 57.875766800928872 ], [ 19.027482550409616, 57.875699021431181 ], [ 19.027469384179803, 57.87564971425239 ], [ 19.027415712529947, 57.875638245396466 ], [ 19.027340972221296, 57.875640872197287 ], [ 19.027293884890756, 57.875675422477627 ], [ 19.027225442988829, 57.87567932216318 ], [ 19.027054791036072, 57.875689067806995 ], [ 19.026952638887657, 57.875708318495782 ], [ 19.026888953718647, 57.87573152811779 ], [ 19.026792798854142, 57.875747152552549 ], [ 19.02667243239695, 57.875746874925298 ], [ 19.026603806885088, 57.875739487550355 ], [ 19.026483982490628, 57.875739561335713 ], [ 19.026408036759026, 57.875713667389853 ], [ 19.026261474192879, 57.875654704969875 ], [ 19.025993290440066, 57.87561016848138 ], [ 19.025876262072309, 57.875596926312014 ], [ 19.025673790795519, 57.875631266690533 ], [ 19.025621935419281, 57.87564508836828 ], [ 19.025551451448653, 57.87567942814934 ], [ 19.025535245343438, 57.875698690481478 ], [ 19.025582025241327, 57.875769445302389 ], [ 19.025627673778967, 57.875823971167144 ], [ 19.025629983458639, 57.875856403411859 ], [ 19.02561738562046, 57.87587698030736 ], [ 19.025550183819718, 57.875914732703286 ], [ 19.025449670014925, 57.875943999900286 ], [ 19.025341662950126, 57.875985699744092 ], [ 19.02518986115302, 57.87607004378436 ], [ 19.025082859853853, 57.876143064512185 ], [ 19.024984431635147, 57.876235118287106 ], [ 19.024975647308274, 57.876357722805118 ], [ 19.024938094902648, 57.876431570156996 ], [ 19.024899763942333, 57.876459556383267 ], [ 19.024863599130732, 57.876497183568262 ], [ 19.024860692651394, 57.876549519211778 ], [ 19.02494388196423, 57.876650186009023 ], [ 19.025000640551465, 57.876676573663786 ], [ 19.025033318328841, 57.876689994330221 ], [ 19.025025050464691, 57.87678067180007 ], [ 19.025046397844694, 57.876829835780491 ], [ 19.025097738148439, 57.876853976218804 ], [ 19.025158466483756, 57.876883726081239 ], [ 19.0251482211469, 57.876933074261103 ], [ 19.02503918144847, 57.876999830609734 ], [ 19.024888378167052, 57.877043338740499 ], [ 19.024782786270883, 57.877065331124101 ], [ 19.024747008813552, 57.877080123792105 ], [ 19.024733340506785, 57.877127683866966 ], [ 19.024688668288189, 57.877145845459943 ], [ 19.024582009026265, 57.877132804091673 ], [ 19.024527360214599, 57.877117472770266 ], [ 19.024483088284821, 57.877082181795593 ], [ 19.024432470759031, 57.877045491879009 ], [ 19.02439452382756, 57.877032929832012 ], [ 19.024273014270058, 57.877073608403052 ], [ 19.024107943611241, 57.87727385505324 ], [ 19.024093843896523, 57.877328029950029 ], [ 19.024072804896726, 57.877475057263055 ], [ 19.024074104724868, 57.877541359651737 ], [ 19.024103501750844, 57.877609376013112 ], [ 19.024154936129591, 57.87767687289039 ], [ 19.024158144571047, 57.877681095757815 ], [ 19.024226724442187, 57.877715975302372 ], [ 19.024314129580851, 57.877747774387025 ], [ 19.024341501079142, 57.877772621091474 ], [ 19.02432546936323, 57.87781335195956 ], [ 19.024301161366068, 57.877882289293076 ], [ 19.024320824050555, 57.878017344628098 ], [ 19.02434134051548, 57.878096513880237 ], [ 19.024390177406172, 57.878157871699472 ], [ 19.024450435996101, 57.878217670511013 ], [ 19.024468301256999, 57.878252574794047 ], [ 19.024475523384844, 57.878260997149937 ], [ 19.024561306741678, 57.878281230133595 ], [ 19.024838738325389, 57.878299308628129 ], [ 19.024941348397412, 57.87830448536932 ], [ 19.025018569536126, 57.878317354678678 ], [ 19.025082968985199, 57.878350577359697 ], [ 19.025122579162364, 57.878367457235299 ], [ 19.025209021894824, 57.878389231900009 ], [ 19.025234357401068, 57.878418191176706 ], [ 19.025226508542502, 57.878449696829009 ], [ 19.025197762980405, 57.878497520504986 ], [ 19.025205315227378, 57.878523257524513 ], [ 19.025253366796075, 57.878541478499777 ], [ 19.025335095295162, 57.878534738935741 ], [ 19.025392073317647, 57.878520331124022 ], [ 19.025440053931995, 57.878490844167537 ], [ 19.025473783711636, 57.878408530121483 ], [ 19.025495111936191, 57.878375149767244 ], [ 19.025538810246967, 57.878349304606722 ], [ 19.025887934406271, 57.878297017665176 ], [ 19.025963011262782, 57.878266560296439 ], [ 19.026025452070069, 57.878215023284184 ], [ 19.026055448503296, 57.878191500992827 ], [ 19.026069767190382, 57.878172083413546 ], [ 19.026063509786514, 57.878154019547246 ], [ 19.026043346641316, 57.878105663279861 ], [ 19.026070445046692, 57.878068321490261 ], [ 19.026125820325618, 57.878034074940487 ], [ 19.026157414964025, 57.878020933862537 ], [ 19.026194347788426, 57.877983982222169 ], [ 19.026176707382351, 57.877973860173583 ] ] ] } },
{ "type": "Feature", "properties": { "seadsgm": "SW295633", "lake_id": 920, "lake_area_m2": 419844.24124836922, "localisedc": "sjö", "origin": "natural", "surfaceare": 419844 }, "geometry": { "type": "Polygon", "coordinates": [ [ [ 19.126616591129167, 57.872559144312916 ], [ 19.126783052771856, 57.872562223448433 ], [ 19.126875171286816, 57.872569512041601 ], [ 19.127019431493832, 57.872564606698973 ], [ 19.127124894598925, 57.872557045595286 ], [ 19.12724280665865, 57.872514468479679 ], [ 19.1274320727582, 57.872311937655091 ], [ 19.127508017825484, 57.87221141346739 ], [ 19.127569125355478, 57.872123212208948 ], [ 19.127586224713877, 57.872080176471734 ], [ 19.127590182130326, 57.872068482201563 ], [ 19.127619747949645, 57.872023277599737 ], [ 19.127650376917007, 57.871986049410353 ], [ 19.127769988915748, 57.871862331221017 ], [ 19.127854273479649, 57.87179673857068 ], [ 19.128087085289255, 57.871518647404869 ], [ 19.128096947493102, 57.871454984312621 ], [ 19.128201089382511, 57.87137157001834 ], [ 19.128492305540792, 57.871179115552316 ], [ 19.128642290263507, 57.871130996177378 ], [ 19.12866230723888, 57.871116495547604 ], [ 19.128732538511656, 57.871085235142289 ], [ 19.128801173112794, 57.871062252900813 ], [ 19.12886008310457, 57.871048959587277 ], [ 19.128999561058055, 57.871044227396133 ], [ 19.129156165511819, 57.870990611791676 ], [ 19.129284021567351, 57.870913104642014 ], [ 19.129336143244984, 57.870580747260043 ], [ 19.129328426365209, 57.870485985726908 ], [ 19.129326512482884, 57.870444025743865 ], [ 19.12932663558928, 57.87038527477084 ], [ 19.129228100971361, 57.870284819730777 ], [ 19.129182193344619, 57.870205662502364 ], [ 19.129158135985147, 57.870133661803656 ], [ 19.129116423019248, 57.870034251374157 ], [ 19.129153967058816, 57.869967545849526 ], [ 19.129191130226573, 57.869846529507655 ], [ 19.129195546929211, 57.869711148403489 ], [ 19.129266495497525, 57.869545617169173 ], [ 19.129279307653967, 57.869510200558167 ], [ 19.129312056725507, 57.869417725584569 ], [ 19.129372190070459, 57.869323983043053 ], [ 19.129423283634342, 57.869269665958967 ], [ 19.129479997905776, 57.869227352450991 ], [ 19.129545949224003, 57.869182239594437 ], [ 19.129702028195954, 57.869014248404291 ], [ 19.129744344828168, 57.868948006264255 ], [ 19.129827585005433, 57.868733298709046 ], [ 19.129850167291018, 57.868692411056372 ], [ 19.129901767987544, 57.868650641554908 ], [ 19.129980444697289, 57.868550061687344 ], [ 19.129992795519073, 57.868506684085887 ], [ 19.130035415539695, 57.868237799921758 ], [ 19.130034211101247, 57.868048719901701 ], [ 19.130067943503587, 57.867948469402151 ], [ 19.130165203600484, 57.867823948810951 ], [ 19.130297052205147, 57.867712129897846 ], [ 19.130441276263316, 57.867615176624128 ], [ 19.130501805416131, 57.867529025421817 ], [ 19.130540624644027, 57.867473762011308 ], [ 19.130584464067415, 57.867398918762191 ], [ 19.130588132153804, 57.867360735176696 ], [ 19.130592653235507, 57.867210153847552 ], [ 19.130623246905138, 57.867143672074171 ], [ 19.130577797379658, 57.867009836869208 ], [ 19.130568348316665, 57.866956791917225 ], [ 19.130543069501325, 57.866934533180491 ], [ 19.130505522504748, 57.866898491889067 ], [ 19.130493803419128, 57.866857112684244 ], [ 19.130486049602716, 57.866780282279535 ], [ 19.130444496447243, 57.866741423092613 ], [ 19.13033812202498, 57.866689909954175 ], [ 19.13030107840634, 57.866644752226719 ], [ 19.130074920517821, 57.866314843140934 ], [ 19.129928688772903, 57.866178616664456 ], [ 19.129631839756701, 57.865956815970122 ], [ 19.12948244187065, 57.865897171515861 ], [ 19.129252104633849, 57.865830578735434 ], [ 19.128927843625309, 57.865761921266881 ], [ 19.128804466844013, 57.86573222775646 ], [ 19.128707633941715, 57.865704088796051 ], [ 19.128575050966283, 57.865664308482955 ], [ 19.1285485565712, 57.865656071546994 ], [ 19.128514207035199, 57.86565053616458 ], [ 19.128484950946426, 57.865645805231736 ], [ 19.128332701104448, 57.86562110669589 ], [ 19.128197181907201, 57.865552053655634 ], [ 19.128092171450906, 57.86552508949692 ], [ 19.127792201920379, 57.865484573507551 ], [ 19.127738885789256, 57.865456401862417 ], [ 19.127717199161349, 57.865423268123095 ], [ 19.127713323466107, 57.865342480373862 ], [ 19.127678679078784, 57.865264962544558 ], [ 19.127637856846114, 57.865209226767618 ], [ 19.127552832848281, 57.865172177614561 ], [ 19.127481529627751, 57.8651295465177 ], [ 19.127431787434073, 57.865129447408655 ], [ 19.127364837546747, 57.865122266436082 ], [ 19.127267562816765, 57.865098871919635 ], [ 19.127219468284629, 57.865064207261568 ], [ 19.127176159701893, 57.86501480264495 ], [ 19.127157728121968, 57.864944875368096 ], [ 19.127111212974977, 57.86482761849885 ], [ 19.12703491937966, 57.864777955325025 ], [ 19.126920695047655, 57.864734769841192 ], [ 19.126857389935317, 57.864739322941013 ], [ 19.126624151359355, 57.864761007398236 ], [ 19.12654429589567, 57.864754292309406 ], [ 19.126458220043567, 57.864724506185652 ], [ 19.126472257538026, 57.864689633949816 ], [ 19.126468172588915, 57.864667654809196 ], [ 19.126403300574776, 57.864660838191845 ], [ 19.126262453646365, 57.864627034888244 ], [ 19.126170897055776, 57.864605565386356 ], [ 19.126130376197843, 57.864609861545517 ], [ 19.126106614017921, 57.864630336714221 ], [ 19.126063413787556, 57.864652228446339 ], [ 19.125765503675119, 57.864668914552198 ], [ 19.125680840590285, 57.864689115231258 ], [ 19.125568065177735, 57.864725409978725 ], [ 19.125372994700403, 57.864773816971621 ], [ 19.125355367795098, 57.864779607001566 ], [ 19.125184355964969, 57.864866058537082 ], [ 19.125033747898332, 57.864941911541813 ], [ 19.125001778371281, 57.86494361724953 ], [ 19.124986552461429, 57.864922189482328 ], [ 19.124989706645515, 57.86487903931998 ], [ 19.124984425525, 57.86481541053103 ], [ 19.124976371651442, 57.864776691040888 ], [ 19.125011091371501, 57.864721409169128 ], [ 19.125014817287468, 57.864696190029932 ], [ 19.124992596845068, 57.864626089457694 ], [ 19.124952331140779, 57.864598965074578 ], [ 19.124850612795218, 57.864596872696161 ], [ 19.124795542777544, 57.864606640870875 ], [ 19.124725846175224, 57.864644788633107 ], [ 19.124588936968465, 57.864711488311634 ], [ 19.124515867346222, 57.864728542500728 ], [ 19.124439997439811, 57.86476502050612 ], [ 19.124384340880781, 57.864811163480105 ], [ 19.12431709427889, 57.86490370803768 ], [ 19.124295925108886, 57.864954447732252 ], [ 19.124252867476301, 57.864940059511056 ], [ 19.124134033552856, 57.864894152174521 ], [ 19.124106794529652, 57.864902197732611 ], [ 19.124089688218955, 57.864926269334383 ], [ 19.124116623349042, 57.865033795351579 ], [ 19.124085913478861, 57.865078138492294 ], [ 19.12399866544699, 57.865142385084411 ], [ 19.124005678568533, 57.86519288389222 ], [ 19.123975062022087, 57.865192018401387 ], [ 19.12390920326127, 57.865185581673025 ], [ 19.123858816930177, 57.865189640453551 ], [ 19.123696242499456, 57.865225296904804 ], [ 19.123482230328641, 57.865287915492068 ], [ 19.123390029123414, 57.865316559661935 ], [ 19.123158907376975, 57.865384895706136 ], [ 19.123155225865538, 57.865385770690338 ], [ 19.123116824543377, 57.865394914610626 ], [ 19.123042159638441, 57.8654328014862 ], [ 19.123035903843391, 57.865457525444782 ], [ 19.122998729123481, 57.865494642763345 ], [ 19.122986467893071, 57.865524769572261 ], [ 19.12301418643877, 57.86555241030964 ], [ 19.123027126321688, 57.865567267176708 ], [ 19.12299938269415, 57.865580049011982 ], [ 19.122934716924675, 57.865592664178976 ], [ 19.122836449537729, 57.865623241815506 ], [ 19.122757083347757, 57.865664976297104 ], [ 19.122452197625382, 57.865783350598171 ], [ 19.12236467093059, 57.865892973012762 ], [ 19.122352601939316, 57.865929172561323 ], [ 19.122389430646532, 57.86601326826186 ], [ 19.122332251939547, 57.866061626608939 ], [ 19.122269114148267, 57.866073923877686 ], [ 19.122234647883769, 57.866081176618607 ], [ 19.122061180967737, 57.866117670306089 ], [ 19.121961216287602, 57.866163951240082 ], [ 19.121690533555785, 57.866279520765303 ], [ 19.121560482150684, 57.866313820314886 ], [ 19.12137267900285, 57.866379905593796 ], [ 19.121225807740476, 57.866458005494167 ], [ 19.121209767651781, 57.866543440744508 ], [ 19.121194724489044, 57.866557633569826 ], [ 19.121160630853332, 57.866578797117199 ], [ 19.12097617858532, 57.86669993223704 ], [ 19.120973405769114, 57.866729543935897 ], [ 19.120966293447641, 57.866811714098482 ], [ 19.120977548393888, 57.866868854468756 ], [ 19.121032792218688, 57.86698312249932 ], [ 19.121059812807978, 57.867108874628379 ], [ 19.121055197980628, 57.867140460609001 ], [ 19.121014868406522, 57.867247783355943 ], [ 19.121022078574395, 57.867283483234303 ], [ 19.121037642872253, 57.867427195203447 ], [ 19.120997356946926, 57.867513528492417 ], [ 19.120870873859754, 57.867699799726189 ], [ 19.120769796821946, 57.867832133714884 ], [ 19.120764847922729, 57.867873399077297 ], [ 19.12073203554182, 57.86818565495048 ], [ 19.120726336543317, 57.868267509091304 ], [ 19.120705902617576, 57.868463487125389 ], [ 19.120656418366668, 57.868512244272267 ], [ 19.120532831106352, 57.868639358082049 ], [ 19.120482227740933, 57.868721815782351 ], [ 19.120490609465129, 57.868780129724847 ], [ 19.120494937620151, 57.868857591990391 ], [ 19.120471159762296, 57.869060288999052 ], [ 19.12042624580215, 57.86912824770539 ], [ 19.120306737507956, 57.869277628286163 ], [ 19.120312672700599, 57.869316948139129 ], [ 19.120357376388636, 57.869418233030949 ], [ 19.120436427957728, 57.869587920843323 ], [ 19.120490932600323, 57.870013896146929 ], [ 19.120528182140266, 57.870078922615789 ], [ 19.120582296576245, 57.870140757561998 ], [ 19.120656264019534, 57.87024708888066 ], [ 19.120599182055443, 57.870321989870192 ], [ 19.120552617798996, 57.870391091155149 ], [ 19.120574826238343, 57.870462854682337 ], [ 19.12061100251562, 57.870522388012155 ], [ 19.120662093830898, 57.870574365080955 ], [ 19.120689444065462, 57.870627772557775 ], [ 19.120698022088114, 57.870649362062679 ], [ 19.120808427089631, 57.870918314071176 ], [ 19.120811514540552, 57.870925847100942 ], [ 19.120822912169036, 57.871018045568526 ], [ 19.120884626977528, 57.871120546789882 ], [ 19.120902631442561, 57.871165085690109 ], [ 19.120904928720297, 57.871231564531293 ], [ 19.120893524801861, 57.871241790425884 ], [ 19.120847584772605, 57.87128907339028 ], [ 19.12084439308682, 57.871341080778265 ], [ 19.120830671219721, 57.871591001050227 ], [ 19.120889500778503, 57.871815317790862 ], [ 19.12090657591429, 57.871882034093829 ], [ 19.120913510344902, 57.871909128200038 ], [ 19.120959807961469, 57.872032705909184 ], [ 19.12107775029904, 57.872304380913867 ], [ 19.12109715743733, 57.872344465834274 ], [ 19.121142535978787, 57.872400569239048 ], [ 19.121152069535292, 57.872412362521693 ], [ 19.121232243701353, 57.872505552134427 ], [ 19.121378422383696, 57.872654758397552 ], [ 19.121408021385147, 57.872680790658364 ], [ 19.1214927786909, 57.872742392990965 ], [ 19.121590543476078, 57.872788338453745 ], [ 19.121628933860581, 57.872812484367955 ], [ 19.121705721238971, 57.872850328041402 ], [ 19.121895262286095, 57.872918342953994 ], [ 19.122027870655014, 57.872923644449088 ], [ 19.122209365513118, 57.872925294546683 ], [ 19.122228048825058, 57.872909911918818 ], [ 19.122295806603159, 57.872849069258038 ], [ 19.122322831653232, 57.872849819368561 ], [ 19.122367275467809, 57.87286817432561 ], [ 19.122525949340471, 57.872932821112073 ], [ 19.122616637585498, 57.872944530364506 ], [ 19.123345666537439, 57.873001973127721 ], [ 19.123350964724839, 57.872948171506657 ], [ 19.123413925344341, 57.872901431647065 ], [ 19.123537591921227, 57.872915356182418 ], [ 19.123715637881041, 57.872973419602999 ], [ 19.123833168828945, 57.8729878771613 ], [ 19.12391925848879, 57.872992531980799 ], [ 19.124001170493472, 57.872987770461783 ], [ 19.124076711275581, 57.872979044910359 ], [ 19.124161884566735, 57.872966499857483 ], [ 19.124241578997026, 57.872966190159673 ], [ 19.124323445759764, 57.872937594411397 ], [ 19.12438122775405, 57.872932107314625 ], [ 19.12449323747995, 57.872946061137242 ], [ 19.124566345979517, 57.872957673613179 ], [ 19.124726488374684, 57.872971033616317 ], [ 19.124891640153162, 57.872959580415198 ], [ 19.125210891541002, 57.87290000315874 ], [ 19.125305759062531, 57.872862041781062 ], [ 19.125377771397549, 57.872823548625227 ], [ 19.125475533312169, 57.872789200952305 ], [ 19.125549600529034, 57.872758643063527 ], [ 19.125754926795182, 57.872709182778642 ], [ 19.126022992214839, 57.872637394441981 ], [ 19.126244043119247, 57.872581632209126 ], [ 19.126478108146429, 57.872559382496767 ], [ 19.126616591129167, 57.872559144312916 ] ] ] } },
{ "type": "Feature", "properties": { "seadsgm": "SW292758", "lake_id": 931, "lake_area_m2": 5272.5401208996773, "localisedc": "sjö", "origin": "natural", "surfaceare": 5273 }, "geometry": { "type": "Polygon", "coordinates": [ [ [ 18.570694070121661, 57.636002190074116 ], [ 18.570676230313008, 57.63602753549759 ], [ 18.57064460901303, 57.636056477151513 ], [ 18.570510790669914, 57.636069726241338 ], [ 18.570305279644405, 57.636092437752396 ], [ 18.570181420668497, 57.636104342679808 ], [ 18.570047256940878, 57.636135987138907 ], [ 18.569902206654923, 57.636136553044281 ], [ 18.569805671378042, 57.636094763581987 ], [ 18.569758801406909, 57.636111127190581 ], [ 18.569704176365565, 57.636130947323764 ], [ 18.569566261430037, 57.636187562517392 ], [ 18.56913152806252, 57.636282250021246 ], [ 18.569070246248828, 57.636317380348672 ], [ 18.569102232543692, 57.636358711667548 ], [ 18.569162668546024, 57.636402537920397 ], [ 18.569183530415373, 57.636432272213334 ], [ 18.569246561561883, 57.636482517408318 ], [ 18.569462691860895, 57.636597944347947 ], [ 18.569600083442815, 57.636667860735706 ], [ 18.569655260064319, 57.636676138666942 ], [ 18.569763250402705, 57.636666811747581 ], [ 18.569813240641807, 57.636640630279388 ], [ 18.56986391177356, 57.636643620803291 ], [ 18.569957623794974, 57.636632504612585 ], [ 18.570188320230827, 57.636576701518067 ], [ 18.570458099213756, 57.636485261963891 ], [ 18.570525466820353, 57.636472675427257 ], [ 18.570964442540369, 57.636314070358026 ], [ 18.571072485374362, 57.636261489438041 ], [ 18.571102630332163, 57.636216363016047 ], [ 18.571140095149676, 57.636119137205071 ], [ 18.571099764526984, 57.636074787341528 ], [ 18.571045014605719, 57.636049193927086 ], [ 18.57100695824769, 57.636029647193055 ], [ 18.570852508839131, 57.635993701116803 ], [ 18.570767673661255, 57.635991604381175 ], [ 18.570694070121661, 57.636002190074116 ] ] ] } },
{ "type": "Feature", "properties": { "seadsgm": "SW292758", "lake_id": 964, "lake_area_m2": 1142.8594220206141, "localisedc": "sjö", "origin": "natural", "surfaceare": 1143 }, "geometry": { "type": "Polygon", "coordinates": [ [ [ 18.498344906506734, 57.594578110729984 ], [ 18.498513271392095, 57.594522238456719 ], [ 18.498613659060414, 57.59449807033856 ], [ 18.498701794570447, 57.594470014602969 ], [ 18.498762954973522, 57.594449128371579 ], [ 18.498768052672844, 57.594421370304275 ], [ 18.498716446820627, 57.594380413096111 ], [ 18.498619949207836, 57.594325902968741 ], [ 18.498483809319115, 57.594270434965182 ], [ 18.498359708859933, 57.594216724774974 ], [ 18.49826929918391, 57.594183271276108 ], [ 18.498215026522885, 57.594155128411906 ], [ 18.498167359675371, 57.594114061833167 ], [ 18.498114381703083, 57.594098621483106 ], [ 18.49808604926622, 57.594131301000814 ], [ 18.498076706395508, 57.594195271829278 ], [ 18.498075245792407, 57.594259004472079 ], [ 18.498094369390977, 57.594330642883385 ], [ 18.498138091108494, 57.594371827599446 ], [ 18.498187783442184, 57.594393734800697 ], [ 18.498229575937895, 57.594415867495165 ], [ 18.498253154609944, 57.594453394245839 ], [ 18.498241020209626, 57.594489852019983 ], [ 18.498229747288832, 57.594534762112715 ], [ 18.498213894556987, 57.594573445269219 ], [ 18.498219345891069, 57.59458814399855 ], [ 18.498252816933512, 57.594606284565039 ], [ 18.498295339400617, 57.594596546537353 ], [ 18.498344906506734, 57.594578110729984 ] ] ] } },
{ "type": "Feature", "properties": { "seadsgm": "SW292758", "lake_id": 983, "lake_area_m2": 2765.1589801907539, "localisedc": "sjö", "origin": "natural", "surfaceare": 2765 }, "geometry": { "type": "Polygon", "coordinates": [ [ [ 18.558038087220016, 57.637355702553364 ], [ 18.55805798371745, 57.637400155654795 ], [ 18.558093252962671, 57.637449972248191 ], [ 18.55813750073121, 57.637532629404305 ], [ 18.55814565612274, 57.637612141847804 ], [ 18.55814741258596, 57.637683481058048 ], [ 18.558133152695412, 57.637735531221651 ], [ 18.558123027912465, 57.637786428948971 ], [ 18.55812515144213, 57.637803431656224 ], [ 18.558176850334153, 57.637823848940151 ], [ 18.558177825044062, 57.637861715036053 ], [ 18.558163855772854, 57.637900853673884 ], [ 18.558142557918057, 57.637948319575003 ], [ 18.558155507842883, 57.637983851061378 ], [ 18.558193236472846, 57.638013057046592 ], [ 18.558222979748695, 57.638048396414469 ], [ 18.558254269183532, 57.638082891113051 ], [ 18.558292974548436, 57.638109615749499 ], [ 18.558650516703334, 57.638255454641317 ], [ 18.558911396158031, 57.638366458253621 ], [ 18.558943356107601, 57.638342948960435 ], [ 18.558944878345116, 57.638313284783862 ], [ 18.558919800379684, 57.638287227711196 ], [ 18.558946322512519, 57.638269705454256 ], [ 18.55894933517979, 57.638244143104814 ], [ 18.558934795141241, 57.638214112809045 ], [ 18.558950602754802, 57.6381922437985 ], [ 18.558963464807817, 57.638179744059194 ], [ 18.558977750324239, 57.638162557778692 ], [ 18.558980724103932, 57.638156234119613 ], [ 18.558988255142644, 57.638140199475906 ], [ 18.558972179869144, 57.638128587471684 ], [ 18.558833723751999, 57.63806427338924 ], [ 18.558758932635627, 57.638032560545099 ], [ 18.558700091172991, 57.637992459650263 ], [ 18.558605615880751, 57.637919722615784 ], [ 18.558550478723596, 57.637878913723092 ], [ 18.558525284861542, 57.637829522330158 ], [ 18.55851438384034, 57.637771458203929 ], [ 18.558516827701741, 57.637685517043778 ], [ 18.558507141122117, 57.637627984967793 ], [ 18.558493743851887, 57.637583124963129 ], [ 18.558509362777926, 57.637550554992274 ], [ 18.558527627413838, 57.637483910535032 ], [ 18.558523262296834, 57.637445527593286 ], [ 18.55848827956823, 57.637400647967006 ], [ 18.558413845104003, 57.637372726324344 ], [ 18.558298462114315, 57.637346814143726 ], [ 18.558174429029542, 57.637330106971881 ], [ 18.558071778808817, 57.637322632350333 ], [ 18.55803218898054, 57.637342528583702 ], [ 18.558038087220016, 57.637355702553364 ] ] ] } },
{ "type": "Feature", "properties": { "seadsgm": "SW292758", "lake_id": 998, "lake_area_m2": 4025.5058930441737, "localisedc": "sjö", "origin": "natural", "surfaceare": 4026 }, "geometry": { "type": "Polygon", "coordinates": [ [ [ 18.579235291271754, 57.629269814106429 ], [ 18.579279605028301, 57.629283959460203 ], [ 18.579352263321891, 57.629280802862233 ], [ 18.579419246131472, 57.629245362908762 ], [ 18.579416334868167, 57.629200350179993 ], [ 18.57938604252389, 57.629152924359694 ], [ 18.579354961568367, 57.629135627539895 ], [ 18.579278918941977, 57.629144632739944 ], [ 18.579206709948373, 57.629129166497641 ], [ 18.57916870444944, 57.629085345861327 ], [ 18.579193719968465, 57.629023523737338 ], [ 18.57921877402131, 57.62895694209589 ], [ 18.579163292350046, 57.62886221352133 ], [ 18.579159890472837, 57.628858497487492 ], [ 18.579076383457878, 57.628815465887676 ], [ 18.578882342341458, 57.628777774539785 ], [ 18.57844979605807, 57.628745620584198 ], [ 18.578238795444108, 57.628740953903289 ], [ 18.578130426901172, 57.628742110280854 ], [ 18.578084363852852, 57.628760388011948 ], [ 18.578066790359216, 57.628785942195364 ], [ 18.578070617795937, 57.628831800324157 ], [ 18.578053371892835, 57.628990262621862 ], [ 18.578068878654097, 57.629049606392783 ], [ 18.578152256272144, 57.629222901761416 ], [ 18.578270999041507, 57.62935552116285 ], [ 18.578336278645462, 57.629351307784816 ], [ 18.578444806636512, 57.629327401599198 ], [ 18.578665063149234, 57.629299962958264 ], [ 18.578651916739521, 57.629271747650428 ], [ 18.578697723806705, 57.629248872194204 ], [ 18.578740754997071, 57.629250161573744 ], [ 18.578833008495135, 57.629288353948077 ], [ 18.579095573054445, 57.629262843317711 ], [ 18.579235291271754, 57.629269814106429 ] ] ] } }
]
}
